Transaksjon_ID,Dato,Maaned,Kvartal,Tertial,Avdeling_Kode,Avdeling,Enhet_Type,Konto,Kontonavn,Kategori,Beskrivelse,Belop_NOK,BDM_ID,Attestant_ID,Kvittering_Vedlagt,Kontrollflagg,Tag
TX-20001,2026-01-09,2026-M01,Q1,T1,HH,Handelshøyskolen (HH),Fakultet,3000,Statlig Rammebevilgning (Kap 260.50),3xxx Inntekter,Statlig Rammebevilgning (Kap 260.50) - 2026-M01 (HH),-2727573.28,EMP-106,EMP-126,True,OK,2026_UiA_Full_Oct
TX-20002,2026-01-18,2026-M01,Q1,T1,HH,Handelshøyskolen (HH),Fakultet,3000,Statlig Rammebevilgning (Kap 260.50),3xxx Inntekter,Statlig Rammebevilgning (Kap 260.50) - 2026-M01 (HH),-255127.61,EMP-106,EMP-126,True,OK,2026_UiA_Full_Oct
TX-20003,2026-01-27,2026-M01,Q1,T1,HH,Handelshøyskolen (HH),Fakultet,3000,Statlig Rammebevilgning (Kap 260.50),3xxx Inntekter,Statlig Rammebevilgning (Kap 260.50) - 2026-M01 (HH),-5983564.5,EMP-106,EMP-126,True,OK,2026_UiA_Full_Oct
TX-20004,2026-02-09,2026-M02,Q1,T1,HH,Handelshøyskolen (HH),Fakultet,3000,Statlig Rammebevilgning (Kap 260.50),3xxx Inntekter,Statlig Rammebevilgning (Kap 260.50) - 2026-M02 (HH),-5639246.21,EMP-106,EMP-126,True,OK,2026_UiA_Full_Oct
TX-20005,2026-02-18,2026-M02,Q1,T1,HH,Handelshøyskolen (HH),Fakultet,3000,Statlig Rammebevilgning (Kap 260.50),3xxx Inntekter,Statlig Rammebevilgning (Kap 260.50) - 2026-M02 (HH),-2325278.3,EMP-106,EMP-126,True,OK,2026_UiA_Full_Oct
TX-20006,2026-02-27,2026-M02,Q1,T1,HH,Handelshøyskolen (HH),Fakultet,3000,Statlig Rammebevilgning (Kap 260.50),3xxx Inntekter,Statlig Rammebevilgning (Kap 260.50) - 2026-M02 (HH),-1199294.39,EMP-106,EMP-126,True,OK,2026_UiA_Full_Oct
TX-20007,2026-03-09,2026-M03,Q1,T1,HH,Handelshøyskolen (HH),Fakultet,3000,Statlig Rammebevilgning (Kap 260.50),3xxx Inntekter,Statlig Rammebevilgning (Kap 260.50) - 2026-M03 (HH),-5361181.89,EMP-106,EMP-126,True,OK,2026_UiA_Full_Oct
TX-20008,2026-03-18,2026-M03,Q1,T1,HH,Handelshøyskolen (HH),Fakultet,3000,Statlig Rammebevilgning (Kap 260.50),3xxx Inntekter,Statlig Rammebevilgning (Kap 260.50) - 2026-M03 (HH),-3285810.24,EMP-106,EMP-126,True,OK,2026_UiA_Full_Oct
TX-20009,2026-03-27,2026-M03,Q1,T1,HH,Handelshøyskolen (HH),Fakultet,3000,Statlig Rammebevilgning (Kap 260.50),3xxx Inntekter,Statlig Rammebevilgning (Kap 260.50) - 2026-M03 (HH),-560471.08,EMP-106,EMP-126,True,OK,2026_UiA_Full_Oct
TX-20010,2026-04-09,2026-M04,Q2,T1,HH,Handelshøyskolen (HH),Fakultet,3000,Statlig Rammebevilgning (Kap 260.50),3xxx Inntekter,Statlig Rammebevilgning (Kap 260.50) - 2026-M04 (HH),-7929440.57,EMP-106,EMP-126,True,OK,2026_UiA_Full_Oct
TX-20011,2026-04-18,2026-M04,Q2,T1,HH,Handelshøyskolen (HH),Fakultet,3000,Statlig Rammebevilgning (Kap 260.50),3xxx Inntekter,Statlig Rammebevilgning (Kap 260.50) - 2026-M04 (HH),-198597.61,EMP-106,EMP-126,True,OK,2026_UiA_Full_Oct
TX-20012,2026-04-27,2026-M04,Q2,T1,HH,Handelshøyskolen (HH),Fakultet,3000,Statlig Rammebevilgning (Kap 260.50),3xxx Inntekter,Statlig Rammebevilgning (Kap 260.50) - 2026-M04 (HH),-944195.01,EMP-106,EMP-126,True,OK,2026_UiA_Full_Oct
TX-20013,2026-05-09,2026-M05,Q2,T2,HH,Handelshøyskolen (HH),Fakultet,3000,Statlig Rammebevilgning (Kap 260.50),3xxx Inntekter,Statlig Rammebevilgning (Kap 260.50) - 2026-M05 (HH),-5754883.93,EMP-106,EMP-126,True,OK,2026_UiA_Full_Oct
TX-20014,2026-05-18,2026-M05,Q2,T2,HH,Handelshøyskolen (HH),Fakultet,3000,Statlig Rammebevilgning (Kap 260.50),3xxx Inntekter,Statlig Rammebevilgning (Kap 260.50) - 2026-M05 (HH),-3143355.19,EMP-106,EMP-126,True,OK,2026_UiA_Full_Oct
TX-20015,2026-05-27,2026-M05,Q2,T2,HH,Handelshøyskolen (HH),Fakultet,3000,Statlig Rammebevilgning (Kap 260.50),3xxx Inntekter,Statlig Rammebevilgning (Kap 260.50) - 2026-M05 (HH),-291647.5,EMP-106,EMP-126,True,OK,2026_UiA_Full_Oct
TX-20016,2026-06-09,2026-M06,Q2,T2,HH,Handelshøyskolen (HH),Fakultet,3000,Statlig Rammebevilgning (Kap 260.50),3xxx Inntekter,Statlig Rammebevilgning (Kap 260.50) - 2026-M06 (HH),-2702452.83,EMP-106,EMP-126,True,OK,2026_UiA_Full_Oct
TX-20017,2026-06-18,2026-M06,Q2,T2,HH,Handelshøyskolen (HH),Fakultet,3000,Statlig Rammebevilgning (Kap 260.50),3xxx Inntekter,Statlig Rammebevilgning (Kap 260.50) - 2026-M06 (HH),-299051.51,EMP-106,EMP-126,True,OK,2026_UiA_Full_Oct
TX-20018,2026-06-27,2026-M06,Q2,T2,HH,Handelshøyskolen (HH),Fakultet,3000,Statlig Rammebevilgning (Kap 260.50),3xxx Inntekter,Statlig Rammebevilgning (Kap 260.50) - 2026-M06 (HH),-6033018.0,EMP-106,EMP-126,True,OK,2026_UiA_Full_Oct
TX-20019,2026-07-09,2026-M07,Q3,T2,HH,Handelshøyskolen (HH),Fakultet,3000,Statlig Rammebevilgning (Kap 260.50),3xxx Inntekter,Statlig Rammebevilgning (Kap 260.50) - 2026-M07 (HH),-444783.01,EMP-106,EMP-126,True,OK,2026_UiA_Full_Oct
TX-20020,2026-07-18,2026-M07,Q3,T2,HH,Handelshøyskolen (HH),Fakultet,3000,Statlig Rammebevilgning (Kap 260.50),3xxx Inntekter,Statlig Rammebevilgning (Kap 260.50) - 2026-M07 (HH),-4537962.57,EMP-106,EMP-126,True,OK,2026_UiA_Full_Oct
TX-20021,2026-07-27,2026-M07,Q3,T2,HH,Handelshøyskolen (HH),Fakultet,3000,Statlig Rammebevilgning (Kap 260.50),3xxx Inntekter,Statlig Rammebevilgning (Kap 260.50) - 2026-M07 (HH),-4011202.3,EMP-106,EMP-126,True,OK,2026_UiA_Full_Oct
TX-20022,2026-08-09,2026-M08,Q3,T2,HH,Handelshøyskolen (HH),Fakultet,3000,Statlig Rammebevilgning (Kap 260.50),3xxx Inntekter,Statlig Rammebevilgning (Kap 260.50) - 2026-M08 (HH),-6129878.33,EMP-106,EMP-126,True,OK,2026_UiA_Full_Oct
TX-20023,2026-08-18,2026-M08,Q3,T2,HH,Handelshøyskolen (HH),Fakultet,3000,Statlig Rammebevilgning (Kap 260.50),3xxx Inntekter,Statlig Rammebevilgning (Kap 260.50) - 2026-M08 (HH),-265560.09,EMP-106,EMP-126,True,OK,2026_UiA_Full_Oct
TX-20024,2026-08-27,2026-M08,Q3,T2,HH,Handelshøyskolen (HH),Fakultet,3000,Statlig Rammebevilgning (Kap 260.50),3xxx Inntekter,Statlig Rammebevilgning (Kap 260.50) - 2026-M08 (HH),-2646261.41,EMP-106,EMP-126,True,OK,2026_UiA_Full_Oct
TX-20025,2026-09-09,2026-M09,Q3,T3,HH,Handelshøyskolen (HH),Fakultet,3000,Statlig Rammebevilgning (Kap 260.50),3xxx Inntekter,Statlig Rammebevilgning (Kap 260.50) - 2026-M09 (HH),-2795611.65,EMP-106,EMP-126,True,OK,2026_UiA_Full_Oct
TX-20026,2026-09-18,2026-M09,Q3,T3,HH,Handelshøyskolen (HH),Fakultet,3000,Statlig Rammebevilgning (Kap 260.50),3xxx Inntekter,Statlig Rammebevilgning (Kap 260.50) - 2026-M09 (HH),-614900.63,EMP-106,EMP-126,True,OK,2026_UiA_Full_Oct
TX-20027,2026-09-27,2026-M09,Q3,T3,HH,Handelshøyskolen (HH),Fakultet,3000,Statlig Rammebevilgning (Kap 260.50),3xxx Inntekter,Statlig Rammebevilgning (Kap 260.50) - 2026-M09 (HH),-5759168.65,EMP-106,EMP-126,True,OK,2026_UiA_Full_Oct
TX-20028,2026-10-09,2026-M10,Q4,T3,HH,Handelshøyskolen (HH),Fakultet,3000,Statlig Rammebevilgning (Kap 260.50),3xxx Inntekter,Statlig Rammebevilgning (Kap 260.50) - 2026-M10 (HH),-5518629.67,EMP-106,EMP-126,True,OK,2026_UiA_Full_Oct
TX-20029,2026-10-18,2026-M10,Q4,T3,HH,Handelshøyskolen (HH),Fakultet,3000,Statlig Rammebevilgning (Kap 260.50),3xxx Inntekter,Statlig Rammebevilgning (Kap 260.50) - 2026-M10 (HH),-722446.2,EMP-106,EMP-126,True,OK,2026_UiA_Full_Oct
TX-20030,2026-10-27,2026-M10,Q4,T3,HH,Handelshøyskolen (HH),Fakultet,3000,Statlig Rammebevilgning (Kap 260.50),3xxx Inntekter,Statlig Rammebevilgning (Kap 260.50) - 2026-M10 (HH),-2920197.88,EMP-106,EMP-126,True,OK,2026_UiA_Full_Oct
TX-20031,2026-01-09,2026-M01,Q1,T1,HH,Handelshøyskolen (HH),Fakultet,3400,BOA Ekstern Prosjektstøtte (NFR/EU),3xxx Inntekter,BOA Ekstern Prosjektstøtte (NFR/EU) - 2026-M01 (HH),-1027366.42,EMP-106,EMP-126,True,OK,2026_UiA_Full_Oct
TX-20032,2026-01-18,2026-M01,Q1,T1,HH,Handelshøyskolen (HH),Fakultet,3400,BOA Ekstern Prosjektstøtte (NFR/EU),3xxx Inntekter,BOA Ekstern Prosjektstøtte (NFR/EU) - 2026-M01 (HH),-938981.64,EMP-106,EMP-126,True,OK,2026_UiA_Full_Oct
TX-20033,2026-01-27,2026-M01,Q1,T1,HH,Handelshøyskolen (HH),Fakultet,3400,BOA Ekstern Prosjektstøtte (NFR/EU),3xxx Inntekter,BOA Ekstern Prosjektstøtte (NFR/EU) - 2026-M01 (HH),-22260.14,EMP-106,EMP-126,True,OK,2026_UiA_Full_Oct
TX-20034,2026-02-09,2026-M02,Q1,T1,HH,Handelshøyskolen (HH),Fakultet,3400,BOA Ekstern Prosjektstøtte (NFR/EU),3xxx Inntekter,BOA Ekstern Prosjektstøtte (NFR/EU) - 2026-M02 (HH),-1224470.96,EMP-106,EMP-126,True,OK,2026_UiA_Full_Oct
TX-20035,2026-02-18,2026-M02,Q1,T1,HH,Handelshøyskolen (HH),Fakultet,3400,BOA Ekstern Prosjektstøtte (NFR/EU),3xxx Inntekter,BOA Ekstern Prosjektstøtte (NFR/EU) - 2026-M02 (HH),-403062.71,EMP-106,EMP-126,True,OK,2026_UiA_Full_Oct
TX-20036,2026-02-27,2026-M02,Q1,T1,HH,Handelshøyskolen (HH),Fakultet,3400,BOA Ekstern Prosjektstøtte (NFR/EU),3xxx Inntekter,BOA Ekstern Prosjektstøtte (NFR/EU) - 2026-M02 (HH),-366721.02,EMP-106,EMP-126,True,OK,2026_UiA_Full_Oct
TX-20037,2026-03-09,2026-M03,Q1,T1,HH,Handelshøyskolen (HH),Fakultet,3400,BOA Ekstern Prosjektstøtte (NFR/EU),3xxx Inntekter,BOA Ekstern Prosjektstøtte (NFR/EU) - 2026-M03 (HH),-12946.85,EMP-106,EMP-126,True,OK,2026_UiA_Full_Oct
TX-20038,2026-03-18,2026-M03,Q1,T1,HH,Handelshøyskolen (HH),Fakultet,3400,BOA Ekstern Prosjektstøtte (NFR/EU),3xxx Inntekter,BOA Ekstern Prosjektstøtte (NFR/EU) - 2026-M03 (HH),-1397573.06,EMP-106,EMP-126,True,OK,2026_UiA_Full_Oct
TX-20039,2026-03-27,2026-M03,Q1,T1,HH,Handelshøyskolen (HH),Fakultet,3400,BOA Ekstern Prosjektstøtte (NFR/EU),3xxx Inntekter,BOA Ekstern Prosjektstøtte (NFR/EU) - 2026-M03 (HH),-575301.76,EMP-106,EMP-126,True,OK,2026_UiA_Full_Oct
TX-20040,2026-04-09,2026-M04,Q2,T1,HH,Handelshøyskolen (HH),Fakultet,3400,BOA Ekstern Prosjektstøtte (NFR/EU),3xxx Inntekter,BOA Ekstern Prosjektstøtte (NFR/EU) - 2026-M04 (HH),-997932.2,EMP-106,EMP-126,True,OK,2026_UiA_Full_Oct
TX-20041,2026-04-18,2026-M04,Q2,T1,HH,Handelshøyskolen (HH),Fakultet,3400,BOA Ekstern Prosjektstøtte (NFR/EU),3xxx Inntekter,BOA Ekstern Prosjektstøtte (NFR/EU) - 2026-M04 (HH),-459431.31,EMP-106,EMP-126,True,OK,2026_UiA_Full_Oct
TX-20042,2026-04-27,2026-M04,Q2,T1,HH,Handelshøyskolen (HH),Fakultet,3400,BOA Ekstern Prosjektstøtte (NFR/EU),3xxx Inntekter,BOA Ekstern Prosjektstøtte (NFR/EU) - 2026-M04 (HH),-561060.34,EMP-106,EMP-126,True,OK,2026_UiA_Full_Oct
TX-20043,2026-05-09,2026-M05,Q2,T2,HH,Handelshøyskolen (HH),Fakultet,3400,BOA Ekstern Prosjektstøtte (NFR/EU),3xxx Inntekter,BOA Ekstern Prosjektstøtte (NFR/EU) - 2026-M05 (HH),-144741.38,EMP-106,EMP-126,True,OK,2026_UiA_Full_Oct
TX-20044,2026-05-18,2026-M05,Q2,T2,HH,Handelshøyskolen (HH),Fakultet,3400,BOA Ekstern Prosjektstøtte (NFR/EU),3xxx Inntekter,BOA Ekstern Prosjektstøtte (NFR/EU) - 2026-M05 (HH),-218976.77,EMP-106,EMP-126,True,OK,2026_UiA_Full_Oct
TX-20045,2026-05-27,2026-M05,Q2,T2,HH,Handelshøyskolen (HH),Fakultet,3400,BOA Ekstern Prosjektstøtte (NFR/EU),3xxx Inntekter,BOA Ekstern Prosjektstøtte (NFR/EU) - 2026-M05 (HH),-1599960.32,EMP-106,EMP-126,True,OK,2026_UiA_Full_Oct
TX-20046,2026-06-09,2026-M06,Q2,T2,HH,Handelshøyskolen (HH),Fakultet,3400,BOA Ekstern Prosjektstøtte (NFR/EU),3xxx Inntekter,BOA Ekstern Prosjektstøtte (NFR/EU) - 2026-M06 (HH),-340439.97,EMP-106,EMP-126,True,OK,2026_UiA_Full_Oct
TX-20047,2026-06-18,2026-M06,Q2,T2,HH,Handelshøyskolen (HH),Fakultet,3400,BOA Ekstern Prosjektstøtte (NFR/EU),3xxx Inntekter,BOA Ekstern Prosjektstøtte (NFR/EU) - 2026-M06 (HH),-668682.1,EMP-106,EMP-126,True,OK,2026_UiA_Full_Oct
TX-20048,2026-06-27,2026-M06,Q2,T2,HH,Handelshøyskolen (HH),Fakultet,3400,BOA Ekstern Prosjektstøtte (NFR/EU),3xxx Inntekter,BOA Ekstern Prosjektstøtte (NFR/EU) - 2026-M06 (HH),-954247.07,EMP-106,EMP-126,True,OK,2026_UiA_Full_Oct
TX-20049,2026-07-09,2026-M07,Q3,T2,HH,Handelshøyskolen (HH),Fakultet,3400,BOA Ekstern Prosjektstøtte (NFR/EU),3xxx Inntekter,BOA Ekstern Prosjektstøtte (NFR/EU) - 2026-M07 (HH),-287116.97,EMP-106,EMP-126,True,OK,2026_UiA_Full_Oct
TX-20050,2026-07-18,2026-M07,Q3,T2,HH,Handelshøyskolen (HH),Fakultet,3400,BOA Ekstern Prosjektstøtte (NFR/EU),3xxx Inntekter,BOA Ekstern Prosjektstøtte (NFR/EU) - 2026-M07 (HH),-1518889.26,EMP-106,EMP-126,True,OK,2026_UiA_Full_Oct
TX-20051,2026-07-27,2026-M07,Q3,T2,HH,Handelshøyskolen (HH),Fakultet,3400,BOA Ekstern Prosjektstøtte (NFR/EU),3xxx Inntekter,BOA Ekstern Prosjektstøtte (NFR/EU) - 2026-M07 (HH),-161979.33,EMP-106,EMP-126,True,OK,2026_UiA_Full_Oct
TX-20052,2026-08-09,2026-M08,Q3,T2,HH,Handelshøyskolen (HH),Fakultet,3400,BOA Ekstern Prosjektstøtte (NFR/EU),3xxx Inntekter,BOA Ekstern Prosjektstøtte (NFR/EU) - 2026-M08 (HH),-1028720.5,EMP-106,EMP-126,True,OK,2026_UiA_Full_Oct
TX-20053,2026-08-18,2026-M08,Q3,T2,HH,Handelshøyskolen (HH),Fakultet,3400,BOA Ekstern Prosjektstøtte (NFR/EU),3xxx Inntekter,BOA Ekstern Prosjektstøtte (NFR/EU) - 2026-M08 (HH),-503583.61,EMP-106,EMP-126,True,OK,2026_UiA_Full_Oct
TX-20054,2026-08-27,2026-M08,Q3,T2,HH,Handelshøyskolen (HH),Fakultet,3400,BOA Ekstern Prosjektstøtte (NFR/EU),3xxx Inntekter,BOA Ekstern Prosjektstøtte (NFR/EU) - 2026-M08 (HH),-445120.9,EMP-106,EMP-126,True,OK,2026_UiA_Full_Oct
TX-20055,2026-09-09,2026-M09,Q3,T3,HH,Handelshøyskolen (HH),Fakultet,3400,BOA Ekstern Prosjektstøtte (NFR/EU),3xxx Inntekter,BOA Ekstern Prosjektstøtte (NFR/EU) - 2026-M09 (HH),-933724.91,EMP-106,EMP-126,True,OK,2026_UiA_Full_Oct
TX-20056,2026-09-18,2026-M09,Q3,T3,HH,Handelshøyskolen (HH),Fakultet,3400,BOA Ekstern Prosjektstøtte (NFR/EU),3xxx Inntekter,BOA Ekstern Prosjektstøtte (NFR/EU) - 2026-M09 (HH),-412543.52,EMP-106,EMP-126,True,OK,2026_UiA_Full_Oct
TX-20057,2026-09-27,2026-M09,Q3,T3,HH,Handelshøyskolen (HH),Fakultet,3400,BOA Ekstern Prosjektstøtte (NFR/EU),3xxx Inntekter,BOA Ekstern Prosjektstøtte (NFR/EU) - 2026-M09 (HH),-669257.54,EMP-106,EMP-126,True,OK,2026_UiA_Full_Oct
TX-20058,2026-10-09,2026-M10,Q4,T3,HH,Handelshøyskolen (HH),Fakultet,3400,BOA Ekstern Prosjektstøtte (NFR/EU),3xxx Inntekter,BOA Ekstern Prosjektstøtte (NFR/EU) - 2026-M10 (HH),-585485.74,EMP-106,EMP-126,True,OK,2026_UiA_Full_Oct
TX-20059,2026-10-18,2026-M10,Q4,T3,HH,Handelshøyskolen (HH),Fakultet,3400,BOA Ekstern Prosjektstøtte (NFR/EU),3xxx Inntekter,BOA Ekstern Prosjektstøtte (NFR/EU) - 2026-M10 (HH),-1156878.32,EMP-106,EMP-126,True,OK,2026_UiA_Full_Oct
TX-20060,2026-10-27,2026-M10,Q4,T3,HH,Handelshøyskolen (HH),Fakultet,3400,BOA Ekstern Prosjektstøtte (NFR/EU),3xxx Inntekter,BOA Ekstern Prosjektstøtte (NFR/EU) - 2026-M10 (HH),-273049.24,EMP-106,EMP-126,True,OK,2026_UiA_Full_Oct
TX-20061,2026-01-09,2026-M01,Q1,T1,HH,Handelshøyskolen (HH),Fakultet,5000,Fast Lønn & Sosiale Kostnader,5xxx Lønn,Fast Lønn & Sosiale Kostnader - 2026-M01 (HH),1094761.81,EMP-106,EMP-126,True,OK,2026_UiA_Full_Oct
TX-20062,2026-01-18,2026-M01,Q1,T1,HH,Handelshøyskolen (HH),Fakultet,5000,Fast Lønn & Sosiale Kostnader,5xxx Lønn,Fast Lønn & Sosiale Kostnader - 2026-M01 (HH),4914236.96,EMP-106,EMP-126,True,OK,2026_UiA_Full_Oct
TX-20063,2026-01-27,2026-M01,Q1,T1,HH,Handelshøyskolen (HH),Fakultet,5000,Fast Lønn & Sosiale Kostnader,5xxx Lønn,Fast Lønn & Sosiale Kostnader - 2026-M01 (HH),1026984.49,EMP-106,EMP-126,True,OK,2026_UiA_Full_Oct
TX-20064,2026-02-09,2026-M02,Q1,T1,HH,Handelshøyskolen (HH),Fakultet,5000,Fast Lønn & Sosiale Kostnader,5xxx Lønn,Fast Lønn & Sosiale Kostnader - 2026-M02 (HH),1351486.03,EMP-106,EMP-126,True,OK,2026_UiA_Full_Oct
TX-20065,2026-02-18,2026-M02,Q1,T1,HH,Handelshøyskolen (HH),Fakultet,5000,Fast Lønn & Sosiale Kostnader,5xxx Lønn,Fast Lønn & Sosiale Kostnader - 2026-M02 (HH),3847181.36,EMP-106,EMP-126,True,OK,2026_UiA_Full_Oct
TX-20066,2026-02-27,2026-M02,Q1,T1,HH,Handelshøyskolen (HH),Fakultet,5000,Fast Lønn & Sosiale Kostnader,5xxx Lønn,Fast Lønn & Sosiale Kostnader - 2026-M02 (HH),1887895.42,EMP-106,EMP-126,True,OK,2026_UiA_Full_Oct
TX-20067,2026-03-09,2026-M03,Q1,T1,HH,Handelshøyskolen (HH),Fakultet,5000,Fast Lønn & Sosiale Kostnader,5xxx Lønn,Fast Lønn & Sosiale Kostnader - 2026-M03 (HH),3428223.98,EMP-106,EMP-126,True,OK,2026_UiA_Full_Oct
TX-20068,2026-03-18,2026-M03,Q1,T1,HH,Handelshøyskolen (HH),Fakultet,5000,Fast Lønn & Sosiale Kostnader,5xxx Lønn,Fast Lønn & Sosiale Kostnader - 2026-M03 (HH),958846.3,EMP-106,EMP-126,True,OK,2026_UiA_Full_Oct
TX-20069,2026-03-27,2026-M03,Q1,T1,HH,Handelshøyskolen (HH),Fakultet,5000,Fast Lønn & Sosiale Kostnader,5xxx Lønn,Fast Lønn & Sosiale Kostnader - 2026-M03 (HH),2765564.79,EMP-106,EMP-126,True,OK,2026_UiA_Full_Oct
TX-20070,2026-04-09,2026-M04,Q2,T1,HH,Handelshøyskolen (HH),Fakultet,5000,Fast Lønn & Sosiale Kostnader,5xxx Lønn,Fast Lønn & Sosiale Kostnader - 2026-M04 (HH),883772.68,EMP-106,EMP-126,True,OK,2026_UiA_Full_Oct
TX-20071,2026-04-18,2026-M04,Q2,T1,HH,Handelshøyskolen (HH),Fakultet,5000,Fast Lønn & Sosiale Kostnader,5xxx Lønn,Fast Lønn & Sosiale Kostnader - 2026-M04 (HH),3553720.27,EMP-106,EMP-126,True,OK,2026_UiA_Full_Oct
TX-20072,2026-04-27,2026-M04,Q2,T1,HH,Handelshøyskolen (HH),Fakultet,5000,Fast Lønn & Sosiale Kostnader,5xxx Lønn,Fast Lønn & Sosiale Kostnader - 2026-M04 (HH),2615337.02,EMP-106,EMP-126,True,OK,2026_UiA_Full_Oct
TX-20073,2026-05-09,2026-M05,Q2,T2,HH,Handelshøyskolen (HH),Fakultet,5000,Fast Lønn & Sosiale Kostnader,5xxx Lønn,Fast Lønn & Sosiale Kostnader - 2026-M05 (HH),860740.04,EMP-106,EMP-126,True,OK,2026_UiA_Full_Oct
TX-20074,2026-05-18,2026-M05,Q2,T2,HH,Handelshøyskolen (HH),Fakultet,5000,Fast Lønn & Sosiale Kostnader,5xxx Lønn,Fast Lønn & Sosiale Kostnader - 2026-M05 (HH),5976543.47,EMP-106,EMP-126,True,OK,2026_UiA_Full_Oct
TX-20075,2026-05-27,2026-M05,Q2,T2,HH,Handelshøyskolen (HH),Fakultet,5000,Fast Lønn & Sosiale Kostnader,5xxx Lønn,Fast Lønn & Sosiale Kostnader - 2026-M05 (HH),313896.01,EMP-106,EMP-126,True,OK,2026_UiA_Full_Oct
TX-20076,2026-06-09,2026-M06,Q2,T2,HH,Handelshøyskolen (HH),Fakultet,5000,Fast Lønn & Sosiale Kostnader,5xxx Lønn,Fast Lønn & Sosiale Kostnader - 2026-M06 (HH),495632.86,EMP-106,EMP-126,True,OK,2026_UiA_Full_Oct
TX-20077,2026-06-18,2026-M06,Q2,T2,HH,Handelshøyskolen (HH),Fakultet,5000,Fast Lønn & Sosiale Kostnader,5xxx Lønn,Fast Lønn & Sosiale Kostnader - 2026-M06 (HH),2421059.05,EMP-106,EMP-126,True,OK,2026_UiA_Full_Oct
TX-20078,2026-06-27,2026-M06,Q2,T2,HH,Handelshøyskolen (HH),Fakultet,5000,Fast Lønn & Sosiale Kostnader,5xxx Lønn,Fast Lønn & Sosiale Kostnader - 2026-M06 (HH),4076557.2,EMP-106,EMP-126,True,OK,2026_UiA_Full_Oct
TX-20079,2026-07-09,2026-M07,Q3,T2,HH,Handelshøyskolen (HH),Fakultet,5000,Fast Lønn & Sosiale Kostnader,5xxx Lønn,Fast Lønn & Sosiale Kostnader - 2026-M07 (HH),3473663.89,EMP-106,EMP-126,True,OK,2026_UiA_Full_Oct
TX-20080,2026-07-18,2026-M07,Q3,T2,HH,Handelshøyskolen (HH),Fakultet,5000,Fast Lønn & Sosiale Kostnader,5xxx Lønn,Fast Lønn & Sosiale Kostnader - 2026-M07 (HH),2447525.66,EMP-106,EMP-126,True,OK,2026_UiA_Full_Oct
TX-20081,2026-07-27,2026-M07,Q3,T2,HH,Handelshøyskolen (HH),Fakultet,5000,Fast Lønn & Sosiale Kostnader,5xxx Lønn,Fast Lønn & Sosiale Kostnader - 2026-M07 (HH),1265302.96,EMP-106,EMP-126,True,OK,2026_UiA_Full_Oct
TX-20082,2026-08-09,2026-M08,Q3,T2,HH,Handelshøyskolen (HH),Fakultet,5000,Fast Lønn & Sosiale Kostnader,5xxx Lønn,Fast Lønn & Sosiale Kostnader - 2026-M08 (HH),1668754.92,EMP-106,EMP-126,True,OK,2026_UiA_Full_Oct
TX-20083,2026-08-18,2026-M08,Q3,T2,HH,Handelshøyskolen (HH),Fakultet,5000,Fast Lønn & Sosiale Kostnader,5xxx Lønn,Fast Lønn & Sosiale Kostnader - 2026-M08 (HH),9898.77,EMP-106,EMP-126,True,OK,2026_UiA_Full_Oct
TX-20084,2026-08-27,2026-M08,Q3,T2,HH,Handelshøyskolen (HH),Fakultet,5000,Fast Lønn & Sosiale Kostnader,5xxx Lønn,Fast Lønn & Sosiale Kostnader - 2026-M08 (HH),5407470.35,EMP-106,EMP-126,True,OK,2026_UiA_Full_Oct
TX-20085,2026-09-09,2026-M09,Q3,T3,HH,Handelshøyskolen (HH),Fakultet,5000,Fast Lønn & Sosiale Kostnader,5xxx Lønn,Fast Lønn & Sosiale Kostnader - 2026-M09 (HH),4171286.5,EMP-106,EMP-126,True,OK,2026_UiA_Full_Oct
TX-20086,2026-09-18,2026-M09,Q3,T3,HH,Handelshøyskolen (HH),Fakultet,5000,Fast Lønn & Sosiale Kostnader,5xxx Lønn,Fast Lønn & Sosiale Kostnader - 2026-M09 (HH),1754745.01,EMP-106,EMP-126,True,OK,2026_UiA_Full_Oct
TX-20087,2026-09-27,2026-M09,Q3,T3,HH,Handelshøyskolen (HH),Fakultet,5000,Fast Lønn & Sosiale Kostnader,5xxx Lønn,Fast Lønn & Sosiale Kostnader - 2026-M09 (HH),1238151.0,EMP-106,EMP-126,True,OK,2026_UiA_Full_Oct
TX-20088,2026-10-09,2026-M10,Q4,T3,HH,Handelshøyskolen (HH),Fakultet,5000,Fast Lønn & Sosiale Kostnader,5xxx Lønn,Fast Lønn & Sosiale Kostnader - 2026-M10 (HH),3663353.03,EMP-106,EMP-126,True,OK,2026_UiA_Full_Oct
TX-20089,2026-10-18,2026-M10,Q4,T3,HH,Handelshøyskolen (HH),Fakultet,5000,Fast Lønn & Sosiale Kostnader,5xxx Lønn,Fast Lønn & Sosiale Kostnader - 2026-M10 (HH),1251789.16,EMP-106,EMP-126,True,OK,2026_UiA_Full_Oct
TX-20090,2026-10-27,2026-M10,Q4,T3,HH,Handelshøyskolen (HH),Fakultet,5000,Fast Lønn & Sosiale Kostnader,5xxx Lønn,Fast Lønn & Sosiale Kostnader - 2026-M10 (HH),2194285.03,EMP-106,EMP-126,True,OK,2026_UiA_Full_Oct
TX-20091,2026-01-09,2026-M01,Q1,T1,HH,Handelshøyskolen (HH),Fakultet,5330,Sensorhonorar & Timelønnede,5xxx Lønn,Sensorhonorar & Timelønnede - 2026-M01 (HH),179074.62,EMP-106,EMP-126,True,OK,2026_UiA_Full_Oct
TX-20092,2026-01-18,2026-M01,Q1,T1,HH,Handelshøyskolen (HH),Fakultet,5330,Sensorhonorar & Timelønnede,5xxx Lønn,Sensorhonorar & Timelønnede - 2026-M01 (HH),411093.67,EMP-106,EMP-126,True,OK,2026_UiA_Full_Oct
TX-20093,2026-01-27,2026-M01,Q1,T1,HH,Handelshøyskolen (HH),Fakultet,5330,Sensorhonorar & Timelønnede,5xxx Lønn,Sensorhonorar & Timelønnede - 2026-M01 (HH),69552.61,EMP-106,EMP-126,True,OK,2026_UiA_Full_Oct
TX-20094,2026-02-09,2026-M02,Q1,T1,HH,Handelshøyskolen (HH),Fakultet,5330,Sensorhonorar & Timelønnede,5xxx Lønn,Sensorhonorar & Timelønnede - 2026-M02 (HH),120999.36,EMP-106,EMP-126,True,OK,2026_UiA_Full_Oct
TX-20095,2026-02-18,2026-M02,Q1,T1,HH,Handelshøyskolen (HH),Fakultet,5330,Sensorhonorar & Timelønnede,5xxx Lønn,Sensorhonorar & Timelønnede - 2026-M02 (HH),305178.27,EMP-106,EMP-126,True,OK,2026_UiA_Full_Oct
TX-20096,2026-02-27,2026-M02,Q1,T1,HH,Handelshøyskolen (HH),Fakultet,5330,Sensorhonorar & Timelønnede,5xxx Lønn,Sensorhonorar & Timelønnede - 2026-M02 (HH),228202.4,EMP-106,EMP-126,True,OK,2026_UiA_Full_Oct
TX-20097,2026-03-09,2026-M03,Q1,T1,HH,Handelshøyskolen (HH),Fakultet,5330,Sensorhonorar & Timelønnede,5xxx Lønn,Sensorhonorar & Timelønnede - 2026-M03 (HH),575379.8,EMP-106,EMP-126,True,OK,2026_UiA_Full_Oct
TX-20098,2026-03-18,2026-M03,Q1,T1,HH,Handelshøyskolen (HH),Fakultet,5330,Sensorhonorar & Timelønnede,5xxx Lønn,Sensorhonorar & Timelønnede - 2026-M03 (HH),21591.97,EMP-106,EMP-126,True,OK,2026_UiA_Full_Oct
TX-20099,2026-03-27,2026-M03,Q1,T1,HH,Handelshøyskolen (HH),Fakultet,5330,Sensorhonorar & Timelønnede,5xxx Lønn,Sensorhonorar & Timelønnede - 2026-M03 (HH),69030.7,EMP-106,EMP-126,True,OK,2026_UiA_Full_Oct
TX-20100,2026-04-09,2026-M04,Q2,T1,HH,Handelshøyskolen (HH),Fakultet,5330,Sensorhonorar & Timelønnede,5xxx Lønn,Sensorhonorar & Timelønnede - 2026-M04 (HH),354820.88,EMP-106,EMP-126,True,OK,2026_UiA_Full_Oct
TX-20101,2026-04-18,2026-M04,Q2,T1,HH,Handelshøyskolen (HH),Fakultet,5330,Sensorhonorar & Timelønnede,5xxx Lønn,Sensorhonorar & Timelønnede - 2026-M04 (HH),35858.58,EMP-106,EMP-126,True,OK,2026_UiA_Full_Oct
TX-20102,2026-04-27,2026-M04,Q2,T1,HH,Handelshøyskolen (HH),Fakultet,5330,Sensorhonorar & Timelønnede,5xxx Lønn,Sensorhonorar & Timelønnede - 2026-M04 (HH),280392.53,EMP-106,EMP-126,True,OK,2026_UiA_Full_Oct
TX-20103,2026-05-09,2026-M05,Q2,T2,HH,Handelshøyskolen (HH),Fakultet,5330,Sensorhonorar & Timelønnede,5xxx Lønn,Sensorhonorar & Timelønnede - 2026-M05 (HH),49268.2,EMP-106,EMP-126,True,OK,2026_UiA_Full_Oct
TX-20104,2026-05-18,2026-M05,Q2,T2,HH,Handelshøyskolen (HH),Fakultet,5330,Sensorhonorar & Timelønnede,5xxx Lønn,Sensorhonorar & Timelønnede - 2026-M05 (HH),205382.59,EMP-106,EMP-126,True,OK,2026_UiA_Full_Oct
TX-20105,2026-05-27,2026-M05,Q2,T2,HH,Handelshøyskolen (HH),Fakultet,5330,Sensorhonorar & Timelønnede,5xxx Lønn,Sensorhonorar & Timelønnede - 2026-M05 (HH),412689.1,EMP-106,EMP-126,True,OK,2026_UiA_Full_Oct
TX-20106,2026-06-09,2026-M06,Q2,T2,HH,Handelshøyskolen (HH),Fakultet,5330,Sensorhonorar & Timelønnede,5xxx Lønn,Sensorhonorar & Timelønnede - 2026-M06 (HH),281102.41,EMP-106,EMP-126,True,OK,2026_UiA_Full_Oct
TX-20107,2026-06-18,2026-M06,Q2,T2,HH,Handelshøyskolen (HH),Fakultet,5330,Sensorhonorar & Timelønnede,5xxx Lønn,Sensorhonorar & Timelønnede - 2026-M06 (HH),366257.89,EMP-106,EMP-126,True,OK,2026_UiA_Full_Oct
TX-20108,2026-06-27,2026-M06,Q2,T2,HH,Handelshøyskolen (HH),Fakultet,5330,Sensorhonorar & Timelønnede,5xxx Lønn,Sensorhonorar & Timelønnede - 2026-M06 (HH),11557.24,EMP-106,EMP-126,True,OK,2026_UiA_Full_Oct
TX-20109,2026-07-09,2026-M07,Q3,T2,HH,Handelshøyskolen (HH),Fakultet,5330,Sensorhonorar & Timelønnede,5xxx Lønn,Sensorhonorar & Timelønnede - 2026-M07 (HH),272226.56,EMP-106,EMP-126,True,OK,2026_UiA_Full_Oct
TX-20110,2026-07-18,2026-M07,Q3,T2,HH,Handelshøyskolen (HH),Fakultet,5330,Sensorhonorar & Timelønnede,5xxx Lønn,Sensorhonorar & Timelønnede - 2026-M07 (HH),306277.78,EMP-106,EMP-126,True,OK,2026_UiA_Full_Oct
TX-20111,2026-07-27,2026-M07,Q3,T2,HH,Handelshøyskolen (HH),Fakultet,5330,Sensorhonorar & Timelønnede,5xxx Lønn,Sensorhonorar & Timelønnede - 2026-M07 (HH),82342.79,EMP-106,EMP-126,True,OK,2026_UiA_Full_Oct
TX-20112,2026-08-09,2026-M08,Q3,T2,HH,Handelshøyskolen (HH),Fakultet,5330,Sensorhonorar & Timelønnede,5xxx Lønn,Sensorhonorar & Timelønnede - 2026-M08 (HH),241009.08,EMP-106,EMP-126,True,OK,2026_UiA_Full_Oct
TX-20113,2026-08-18,2026-M08,Q3,T2,HH,Handelshøyskolen (HH),Fakultet,5330,Sensorhonorar & Timelønnede,5xxx Lønn,Sensorhonorar & Timelønnede - 2026-M08 (HH),15908.77,EMP-106,EMP-126,True,OK,2026_UiA_Full_Oct
TX-20114,2026-08-27,2026-M08,Q3,T2,HH,Handelshøyskolen (HH),Fakultet,5330,Sensorhonorar & Timelønnede,5xxx Lønn,Sensorhonorar & Timelønnede - 2026-M08 (HH),407188.83,EMP-106,EMP-126,True,OK,2026_UiA_Full_Oct
TX-20115,2026-09-09,2026-M09,Q3,T3,HH,Handelshøyskolen (HH),Fakultet,5330,Sensorhonorar & Timelønnede,5xxx Lønn,Sensorhonorar & Timelønnede - 2026-M09 (HH),89466.81,EMP-106,EMP-126,True,OK,2026_UiA_Full_Oct
TX-20116,2026-09-18,2026-M09,Q3,T3,HH,Handelshøyskolen (HH),Fakultet,5330,Sensorhonorar & Timelønnede,5xxx Lønn,Sensorhonorar & Timelønnede - 2026-M09 (HH),575854.62,EMP-106,EMP-126,True,OK,2026_UiA_Full_Oct
TX-20117,2026-09-27,2026-M09,Q3,T3,HH,Handelshøyskolen (HH),Fakultet,5330,Sensorhonorar & Timelønnede,5xxx Lønn,Sensorhonorar & Timelønnede - 2026-M09 (HH),3717.12,EMP-106,EMP-126,True,OK,2026_UiA_Full_Oct
TX-20118,2026-10-09,2026-M10,Q4,T3,HH,Handelshøyskolen (HH),Fakultet,5330,Sensorhonorar & Timelønnede,5xxx Lønn,Sensorhonorar & Timelønnede - 2026-M10 (HH),217963.81,EMP-106,EMP-126,True,OK,2026_UiA_Full_Oct
TX-20119,2026-10-18,2026-M10,Q4,T3,HH,Handelshøyskolen (HH),Fakultet,5330,Sensorhonorar & Timelønnede,5xxx Lønn,Sensorhonorar & Timelønnede - 2026-M10 (HH),285286.94,EMP-106,EMP-126,True,OK,2026_UiA_Full_Oct
TX-20120,2026-10-27,2026-M10,Q4,T3,HH,Handelshøyskolen (HH),Fakultet,5330,Sensorhonorar & Timelønnede,5xxx Lønn,Sensorhonorar & Timelønnede - 2026-M10 (HH),161608.76,EMP-106,EMP-126,True,OK,2026_UiA_Full_Oct
TX-20121,2026-01-09,2026-M01,Q1,T1,HH,Handelshøyskolen (HH),Fakultet,6000,Husleie & Eiendomsdrift,6xxx Drift,Husleie & Eiendomsdrift - 2026-M01 (HH),120016.4,EMP-106,EMP-126,True,OK,2026_UiA_Full_Oct
TX-20122,2026-01-18,2026-M01,Q1,T1,HH,Handelshøyskolen (HH),Fakultet,6000,Husleie & Eiendomsdrift,6xxx Drift,Husleie & Eiendomsdrift - 2026-M01 (HH),210465.03,EMP-106,EMP-126,True,OK,2026_UiA_Full_Oct
TX-20123,2026-01-27,2026-M01,Q1,T1,HH,Handelshøyskolen (HH),Fakultet,6000,Husleie & Eiendomsdrift,6xxx Drift,Husleie & Eiendomsdrift - 2026-M01 (HH),1221891.52,EMP-106,EMP-126,True,OK,2026_UiA_Full_Oct
TX-20124,2026-02-09,2026-M02,Q1,T1,HH,Handelshøyskolen (HH),Fakultet,6000,Husleie & Eiendomsdrift,6xxx Drift,Husleie & Eiendomsdrift - 2026-M02 (HH),27840.24,EMP-106,EMP-126,True,OK,2026_UiA_Full_Oct
TX-20125,2026-02-18,2026-M02,Q1,T1,HH,Handelshøyskolen (HH),Fakultet,6000,Husleie & Eiendomsdrift,6xxx Drift,Husleie & Eiendomsdrift - 2026-M02 (HH),1250722.39,EMP-106,EMP-126,True,OK,2026_UiA_Full_Oct
TX-20126,2026-02-27,2026-M02,Q1,T1,HH,Handelshøyskolen (HH),Fakultet,6000,Husleie & Eiendomsdrift,6xxx Drift,Husleie & Eiendomsdrift - 2026-M02 (HH),284848.36,EMP-106,EMP-126,True,OK,2026_UiA_Full_Oct
TX-20127,2026-03-09,2026-M03,Q1,T1,HH,Handelshøyskolen (HH),Fakultet,6000,Husleie & Eiendomsdrift,6xxx Drift,Husleie & Eiendomsdrift - 2026-M03 (HH),174145.49,EMP-106,EMP-126,True,OK,2026_UiA_Full_Oct
TX-20128,2026-03-18,2026-M03,Q1,T1,HH,Handelshøyskolen (HH),Fakultet,6000,Husleie & Eiendomsdrift,6xxx Drift,Husleie & Eiendomsdrift - 2026-M03 (HH),340929.71,EMP-106,EMP-126,True,OK,2026_UiA_Full_Oct
TX-20129,2026-03-27,2026-M03,Q1,T1,HH,Handelshøyskolen (HH),Fakultet,6000,Husleie & Eiendomsdrift,6xxx Drift,Husleie & Eiendomsdrift - 2026-M03 (HH),1045612.55,EMP-106,EMP-126,True,OK,2026_UiA_Full_Oct
TX-20130,2026-04-09,2026-M04,Q2,T1,HH,Handelshøyskolen (HH),Fakultet,6000,Husleie & Eiendomsdrift,6xxx Drift,Husleie & Eiendomsdrift - 2026-M04 (HH),72750.39,EMP-106,EMP-126,True,OK,2026_UiA_Full_Oct
TX-20131,2026-04-18,2026-M04,Q2,T1,HH,Handelshøyskolen (HH),Fakultet,6000,Husleie & Eiendomsdrift,6xxx Drift,Husleie & Eiendomsdrift - 2026-M04 (HH),60651.54,EMP-106,EMP-126,True,OK,2026_UiA_Full_Oct
TX-20132,2026-04-27,2026-M04,Q2,T1,HH,Handelshøyskolen (HH),Fakultet,6000,Husleie & Eiendomsdrift,6xxx Drift,Husleie & Eiendomsdrift - 2026-M04 (HH),1425612.62,EMP-106,EMP-126,True,OK,2026_UiA_Full_Oct
TX-20133,2026-05-09,2026-M05,Q2,T2,HH,Handelshøyskolen (HH),Fakultet,6000,Husleie & Eiendomsdrift,6xxx Drift,Husleie & Eiendomsdrift - 2026-M05 (HH),899715.47,EMP-106,EMP-126,True,OK,2026_UiA_Full_Oct
TX-20134,2026-05-18,2026-M05,Q2,T2,HH,Handelshøyskolen (HH),Fakultet,6000,Husleie & Eiendomsdrift,6xxx Drift,Husleie & Eiendomsdrift - 2026-M05 (HH),295806.44,EMP-106,EMP-126,True,OK,2026_UiA_Full_Oct
TX-20135,2026-05-27,2026-M05,Q2,T2,HH,Handelshøyskolen (HH),Fakultet,6000,Husleie & Eiendomsdrift,6xxx Drift,Husleie & Eiendomsdrift - 2026-M05 (HH),359034.32,EMP-106,EMP-126,True,OK,2026_UiA_Full_Oct
TX-20136,2026-06-09,2026-M06,Q2,T2,HH,Handelshøyskolen (HH),Fakultet,6000,Husleie & Eiendomsdrift,6xxx Drift,Husleie & Eiendomsdrift - 2026-M06 (HH),546290.7,EMP-106,EMP-126,True,OK,2026_UiA_Full_Oct
TX-20137,2026-06-18,2026-M06,Q2,T2,HH,Handelshøyskolen (HH),Fakultet,6000,Husleie & Eiendomsdrift,6xxx Drift,Husleie & Eiendomsdrift - 2026-M06 (HH),168246.68,EMP-106,EMP-126,True,OK,2026_UiA_Full_Oct
TX-20138,2026-06-27,2026-M06,Q2,T2,HH,Handelshøyskolen (HH),Fakultet,6000,Husleie & Eiendomsdrift,6xxx Drift,Husleie & Eiendomsdrift - 2026-M06 (HH),822802.16,EMP-106,EMP-126,True,OK,2026_UiA_Full_Oct
TX-20139,2026-07-09,2026-M07,Q3,T2,HH,Handelshøyskolen (HH),Fakultet,6000,Husleie & Eiendomsdrift,6xxx Drift,Husleie & Eiendomsdrift - 2026-M07 (HH),77753.26,EMP-106,EMP-126,True,OK,2026_UiA_Full_Oct
TX-20140,2026-07-18,2026-M07,Q3,T2,HH,Handelshøyskolen (HH),Fakultet,6000,Husleie & Eiendomsdrift,6xxx Drift,Husleie & Eiendomsdrift - 2026-M07 (HH),595139.57,EMP-106,EMP-126,True,OK,2026_UiA_Full_Oct
TX-20141,2026-07-27,2026-M07,Q3,T2,HH,Handelshøyskolen (HH),Fakultet,6000,Husleie & Eiendomsdrift,6xxx Drift,Husleie & Eiendomsdrift - 2026-M07 (HH),892920.67,EMP-106,EMP-126,True,OK,2026_UiA_Full_Oct
TX-20142,2026-08-09,2026-M08,Q3,T2,HH,Handelshøyskolen (HH),Fakultet,6000,Husleie & Eiendomsdrift,6xxx Drift,Husleie & Eiendomsdrift - 2026-M08 (HH),210726.88,EMP-106,EMP-126,True,OK,2026_UiA_Full_Oct
TX-20143,2026-08-18,2026-M08,Q3,T2,HH,Handelshøyskolen (HH),Fakultet,6000,Husleie & Eiendomsdrift,6xxx Drift,Husleie & Eiendomsdrift - 2026-M08 (HH),826177.23,EMP-106,EMP-126,True,OK,2026_UiA_Full_Oct
TX-20144,2026-08-27,2026-M08,Q3,T2,HH,Handelshøyskolen (HH),Fakultet,6000,Husleie & Eiendomsdrift,6xxx Drift,Husleie & Eiendomsdrift - 2026-M08 (HH),527436.6,EMP-106,EMP-126,True,OK,2026_UiA_Full_Oct
TX-20145,2026-09-09,2026-M09,Q3,T3,HH,Handelshøyskolen (HH),Fakultet,6000,Husleie & Eiendomsdrift,6xxx Drift,Husleie & Eiendomsdrift - 2026-M09 (HH),381225.68,EMP-106,EMP-126,True,OK,2026_UiA_Full_Oct
TX-20146,2026-09-18,2026-M09,Q3,T3,HH,Handelshøyskolen (HH),Fakultet,6000,Husleie & Eiendomsdrift,6xxx Drift,Husleie & Eiendomsdrift - 2026-M09 (HH),145844.29,EMP-106,EMP-126,True,OK,2026_UiA_Full_Oct
TX-20147,2026-09-27,2026-M09,Q3,T3,HH,Handelshøyskolen (HH),Fakultet,6000,Husleie & Eiendomsdrift,6xxx Drift,Husleie & Eiendomsdrift - 2026-M09 (HH),1037011.15,EMP-106,EMP-126,True,OK,2026_UiA_Full_Oct
TX-20148,2026-10-09,2026-M10,Q4,T3,HH,Handelshøyskolen (HH),Fakultet,6000,Husleie & Eiendomsdrift,6xxx Drift,Husleie & Eiendomsdrift - 2026-M10 (HH),1126342.05,EMP-106,EMP-126,True,OK,2026_UiA_Full_Oct
TX-20149,2026-10-18,2026-M10,Q4,T3,HH,Handelshøyskolen (HH),Fakultet,6000,Husleie & Eiendomsdrift,6xxx Drift,Husleie & Eiendomsdrift - 2026-M10 (HH),277053.96,EMP-106,EMP-126,True,OK,2026_UiA_Full_Oct
TX-20150,2026-10-27,2026-M10,Q4,T3,HH,Handelshøyskolen (HH),Fakultet,6000,Husleie & Eiendomsdrift,6xxx Drift,Husleie & Eiendomsdrift - 2026-M10 (HH),141677.78,EMP-106,EMP-126,True,OK,2026_UiA_Full_Oct
TX-20151,2026-01-09,2026-M01,Q1,T1,HH,Handelshøyskolen (HH),Fakultet,6800,"IKT, Rekvisita & Utstyr",6xxx Drift,"IKT, Rekvisita & Utstyr - 2026-M01 (HH)",356586.22,EMP-106,EMP-126,True,OK,2026_UiA_Full_Oct
TX-20152,2026-01-18,2026-M01,Q1,T1,HH,Handelshøyskolen (HH),Fakultet,6800,"IKT, Rekvisita & Utstyr",6xxx Drift,"IKT, Rekvisita & Utstyr - 2026-M01 (HH)",219241.56,EMP-106,EMP-126,True,OK,2026_UiA_Full_Oct
TX-20153,2026-01-27,2026-M01,Q1,T1,HH,Handelshøyskolen (HH),Fakultet,6800,"IKT, Rekvisita & Utstyr",6xxx Drift,"IKT, Rekvisita & Utstyr - 2026-M01 (HH)",314549.89,EMP-106,EMP-126,True,OK,2026_UiA_Full_Oct
TX-20154,2026-02-09,2026-M02,Q1,T1,HH,Handelshøyskolen (HH),Fakultet,6800,"IKT, Rekvisita & Utstyr",6xxx Drift,"IKT, Rekvisita & Utstyr - 2026-M02 (HH)",73616.58,EMP-106,EMP-126,True,OK,2026_UiA_Full_Oct
TX-20155,2026-02-18,2026-M02,Q1,T1,HH,Handelshøyskolen (HH),Fakultet,6800,"IKT, Rekvisita & Utstyr",6xxx Drift,"IKT, Rekvisita & Utstyr - 2026-M02 (HH)",91951.16,EMP-106,EMP-126,True,OK,2026_UiA_Full_Oct
TX-20156,2026-02-27,2026-M02,Q1,T1,HH,Handelshøyskolen (HH),Fakultet,6800,"IKT, Rekvisita & Utstyr",6xxx Drift,"IKT, Rekvisita & Utstyr - 2026-M02 (HH)",720400.93,EMP-106,EMP-126,True,OK,2026_UiA_Full_Oct
TX-20157,2026-03-09,2026-M03,Q1,T1,HH,Handelshøyskolen (HH),Fakultet,6800,"IKT, Rekvisita & Utstyr",6xxx Drift,"IKT, Rekvisita & Utstyr - 2026-M03 (HH)",651185.86,EMP-106,EMP-126,True,OK,2026_UiA_Full_Oct
TX-20158,2026-03-18,2026-M03,Q1,T1,HH,Handelshøyskolen (HH),Fakultet,6800,"IKT, Rekvisita & Utstyr",6xxx Drift,"IKT, Rekvisita & Utstyr - 2026-M03 (HH)",36657.55,EMP-106,EMP-126,True,OK,2026_UiA_Full_Oct
TX-20159,2026-03-27,2026-M03,Q1,T1,HH,Handelshøyskolen (HH),Fakultet,6800,"IKT, Rekvisita & Utstyr",6xxx Drift,"IKT, Rekvisita & Utstyr - 2026-M03 (HH)",207334.79,EMP-106,EMP-126,True,OK,2026_UiA_Full_Oct
TX-20160,2026-04-09,2026-M04,Q2,T1,HH,Handelshøyskolen (HH),Fakultet,6800,"IKT, Rekvisita & Utstyr",6xxx Drift,"IKT, Rekvisita & Utstyr - 2026-M04 (HH)",193231.29,EMP-106,EMP-126,True,OK,2026_UiA_Full_Oct
TX-20161,2026-04-18,2026-M04,Q2,T1,HH,Handelshøyskolen (HH),Fakultet,6800,"IKT, Rekvisita & Utstyr",6xxx Drift,"IKT, Rekvisita & Utstyr - 2026-M04 (HH)",31842.8,EMP-106,EMP-126,False,BRUDD: Mangler kvittering (>100 NOK),2026_UiA_Full_Oct
TX-20162,2026-04-27,2026-M04,Q2,T1,HH,Handelshøyskolen (HH),Fakultet,6800,"IKT, Rekvisita & Utstyr",6xxx Drift,"IKT, Rekvisita & Utstyr - 2026-M04 (HH)",650128.54,EMP-106,EMP-126,True,OK,2026_UiA_Full_Oct
TX-20163,2026-05-09,2026-M05,Q2,T2,HH,Handelshøyskolen (HH),Fakultet,6800,"IKT, Rekvisita & Utstyr",6xxx Drift,"IKT, Rekvisita & Utstyr - 2026-M05 (HH)",573907.93,EMP-106,EMP-126,True,OK,2026_UiA_Full_Oct
TX-20164,2026-05-18,2026-M05,Q2,T2,HH,Handelshøyskolen (HH),Fakultet,6800,"IKT, Rekvisita & Utstyr",6xxx Drift,"IKT, Rekvisita & Utstyr - 2026-M05 (HH)",91.78,EMP-106,EMP-126,True,OK,2026_UiA_Full_Oct
TX-20165,2026-05-27,2026-M05,Q2,T2,HH,Handelshøyskolen (HH),Fakultet,6800,"IKT, Rekvisita & Utstyr",6xxx Drift,"IKT, Rekvisita & Utstyr - 2026-M05 (HH)",299369.58,EMP-106,EMP-126,True,OK,2026_UiA_Full_Oct
TX-20166,2026-06-09,2026-M06,Q2,T2,HH,Handelshøyskolen (HH),Fakultet,6800,"IKT, Rekvisita & Utstyr",6xxx Drift,"IKT, Rekvisita & Utstyr - 2026-M06 (HH)",55252.85,EMP-106,EMP-106,True,BRUDD: Egengodkjent (BDM == Attestant),2026_UiA_Full_Oct
TX-20167,2026-06-18,2026-M06,Q2,T2,HH,Handelshøyskolen (HH),Fakultet,6800,"IKT, Rekvisita & Utstyr",6xxx Drift,"IKT, Rekvisita & Utstyr - 2026-M06 (HH)",180684.22,EMP-106,EMP-126,True,OK,2026_UiA_Full_Oct
TX-20168,2026-06-27,2026-M06,Q2,T2,HH,Handelshøyskolen (HH),Fakultet,6800,"IKT, Rekvisita & Utstyr",6xxx Drift,"IKT, Rekvisita & Utstyr - 2026-M06 (HH)",662473.05,EMP-106,EMP-126,True,OK,2026_UiA_Full_Oct
TX-20169,2026-07-09,2026-M07,Q3,T2,HH,Handelshøyskolen (HH),Fakultet,6800,"IKT, Rekvisita & Utstyr",6xxx Drift,"IKT, Rekvisita & Utstyr - 2026-M07 (HH)",532481.44,EMP-106,EMP-126,True,OK,2026_UiA_Full_Oct
TX-20170,2026-07-18,2026-M07,Q3,T2,HH,Handelshøyskolen (HH),Fakultet,6800,"IKT, Rekvisita & Utstyr",6xxx Drift,"IKT, Rekvisita & Utstyr - 2026-M07 (HH)",10317.22,EMP-106,EMP-126,True,OK,2026_UiA_Full_Oct
TX-20171,2026-07-27,2026-M07,Q3,T2,HH,Handelshøyskolen (HH),Fakultet,6800,"IKT, Rekvisita & Utstyr",6xxx Drift,"IKT, Rekvisita & Utstyr - 2026-M07 (HH)",347770.56,EMP-106,EMP-126,True,OK,2026_UiA_Full_Oct
TX-20172,2026-08-09,2026-M08,Q3,T2,HH,Handelshøyskolen (HH),Fakultet,6800,"IKT, Rekvisita & Utstyr",6xxx Drift,"IKT, Rekvisita & Utstyr - 2026-M08 (HH)",419085.29,EMP-106,EMP-126,False,BRUDD: Mangler kvittering (>100 NOK),2026_UiA_Full_Oct
TX-20173,2026-08-18,2026-M08,Q3,T2,HH,Handelshøyskolen (HH),Fakultet,6800,"IKT, Rekvisita & Utstyr",6xxx Drift,"IKT, Rekvisita & Utstyr - 2026-M08 (HH)",130226.97,EMP-106,EMP-126,True,OK,2026_UiA_Full_Oct
TX-20174,2026-08-27,2026-M08,Q3,T2,HH,Handelshøyskolen (HH),Fakultet,6800,"IKT, Rekvisita & Utstyr",6xxx Drift,"IKT, Rekvisita & Utstyr - 2026-M08 (HH)",336027.48,EMP-106,EMP-126,True,OK,2026_UiA_Full_Oct
TX-20175,2026-09-09,2026-M09,Q3,T3,HH,Handelshøyskolen (HH),Fakultet,6800,"IKT, Rekvisita & Utstyr",6xxx Drift,"IKT, Rekvisita & Utstyr - 2026-M09 (HH)",535179.97,EMP-106,EMP-126,True,OK,2026_UiA_Full_Oct
TX-20176,2026-09-18,2026-M09,Q3,T3,HH,Handelshøyskolen (HH),Fakultet,6800,"IKT, Rekvisita & Utstyr",6xxx Drift,"IKT, Rekvisita & Utstyr - 2026-M09 (HH)",287007.1,EMP-106,EMP-126,True,OK,2026_UiA_Full_Oct
TX-20177,2026-09-27,2026-M09,Q3,T3,HH,Handelshøyskolen (HH),Fakultet,6800,"IKT, Rekvisita & Utstyr",6xxx Drift,"IKT, Rekvisita & Utstyr - 2026-M09 (HH)",65150.17,EMP-106,EMP-126,True,OK,2026_UiA_Full_Oct
TX-20178,2026-10-09,2026-M10,Q4,T3,HH,Handelshøyskolen (HH),Fakultet,6800,"IKT, Rekvisita & Utstyr",6xxx Drift,"IKT, Rekvisita & Utstyr - 2026-M10 (HH)",3622.56,EMP-106,EMP-126,True,OK,2026_UiA_Full_Oct
TX-20179,2026-10-18,2026-M10,Q4,T3,HH,Handelshøyskolen (HH),Fakultet,6800,"IKT, Rekvisita & Utstyr",6xxx Drift,"IKT, Rekvisita & Utstyr - 2026-M10 (HH)",455740.79,EMP-106,EMP-126,True,OK,2026_UiA_Full_Oct
TX-20180,2026-10-27,2026-M10,Q4,T3,HH,Handelshøyskolen (HH),Fakultet,6800,"IKT, Rekvisita & Utstyr",6xxx Drift,"IKT, Rekvisita & Utstyr - 2026-M10 (HH)",434211.0,EMP-106,EMP-126,True,OK,2026_UiA_Full_Oct
TX-20181,2026-01-09,2026-M01,Q1,T1,HH,Handelshøyskolen (HH),Fakultet,7100,Reise & Representasjon,7xxx Reiser,Reise & Representasjon - 2026-M01 (HH),143349.42,EMP-106,EMP-126,True,OK,2026_UiA_Full_Oct
TX-20182,2026-01-18,2026-M01,Q1,T1,HH,Handelshøyskolen (HH),Fakultet,7100,Reise & Representasjon,7xxx Reiser,Reise & Representasjon - 2026-M01 (HH),54602.38,EMP-106,EMP-126,True,OK,2026_UiA_Full_Oct
TX-20183,2026-01-27,2026-M01,Q1,T1,HH,Handelshøyskolen (HH),Fakultet,7100,Reise & Representasjon,7xxx Reiser,Reise & Representasjon - 2026-M01 (HH),353310.23,EMP-106,EMP-106,True,BRUDD: Egengodkjent (BDM == Attestant),2026_UiA_Full_Oct
TX-20184,2026-02-09,2026-M02,Q1,T1,HH,Handelshøyskolen (HH),Fakultet,7100,Reise & Representasjon,7xxx Reiser,Reise & Representasjon - 2026-M02 (HH),29981.49,EMP-106,EMP-126,True,OK,2026_UiA_Full_Oct
TX-20185,2026-02-18,2026-M02,Q1,T1,HH,Handelshøyskolen (HH),Fakultet,7100,Reise & Representasjon,7xxx Reiser,Reise & Representasjon - 2026-M02 (HH),222682.61,EMP-106,EMP-126,True,OK,2026_UiA_Full_Oct
TX-20186,2026-02-27,2026-M02,Q1,T1,HH,Handelshøyskolen (HH),Fakultet,7100,Reise & Representasjon,7xxx Reiser,Reise & Representasjon - 2026-M02 (HH),297112.38,EMP-106,EMP-126,True,OK,2026_UiA_Full_Oct
TX-20187,2026-03-09,2026-M03,Q1,T1,HH,Handelshøyskolen (HH),Fakultet,7100,Reise & Representasjon,7xxx Reiser,Reise & Representasjon - 2026-M03 (HH),125997.9,EMP-106,EMP-126,False,BRUDD: Mangler kvittering (>100 NOK),2026_UiA_Full_Oct
TX-20188,2026-03-18,2026-M03,Q1,T1,HH,Handelshøyskolen (HH),Fakultet,7100,Reise & Representasjon,7xxx Reiser,Reise & Representasjon - 2026-M03 (HH),135433.58,EMP-106,EMP-126,True,OK,2026_UiA_Full_Oct
TX-20189,2026-03-27,2026-M03,Q1,T1,HH,Handelshøyskolen (HH),Fakultet,7100,Reise & Representasjon,7xxx Reiser,Reise & Representasjon - 2026-M03 (HH),289068.26,EMP-106,EMP-126,False,BRUDD: Mangler kvittering (>100 NOK),2026_UiA_Full_Oct
TX-20190,2026-04-09,2026-M04,Q2,T1,HH,Handelshøyskolen (HH),Fakultet,7100,Reise & Representasjon,7xxx Reiser,Reise & Representasjon - 2026-M04 (HH),208617.05,EMP-106,EMP-126,True,OK,2026_UiA_Full_Oct
TX-20191,2026-04-18,2026-M04,Q2,T1,HH,Handelshøyskolen (HH),Fakultet,7100,Reise & Representasjon,7xxx Reiser,Reise & Representasjon - 2026-M04 (HH),6144.29,EMP-106,EMP-126,True,OK,2026_UiA_Full_Oct
TX-20192,2026-04-27,2026-M04,Q2,T1,HH,Handelshøyskolen (HH),Fakultet,7100,Reise & Representasjon,7xxx Reiser,Reise & Representasjon - 2026-M04 (HH),336688.65,EMP-106,EMP-126,True,OK,2026_UiA_Full_Oct
TX-20193,2026-05-09,2026-M05,Q2,T2,HH,Handelshøyskolen (HH),Fakultet,7100,Reise & Representasjon,7xxx Reiser,Reise & Representasjon - 2026-M05 (HH),278690.05,EMP-106,EMP-126,True,OK,2026_UiA_Full_Oct
TX-20194,2026-05-18,2026-M05,Q2,T2,HH,Handelshøyskolen (HH),Fakultet,7100,Reise & Representasjon,7xxx Reiser,Reise & Representasjon - 2026-M05 (HH),233390.63,EMP-106,EMP-126,True,OK,2026_UiA_Full_Oct
TX-20195,2026-05-27,2026-M05,Q2,T2,HH,Handelshøyskolen (HH),Fakultet,7100,Reise & Representasjon,7xxx Reiser,Reise & Representasjon - 2026-M05 (HH),43330.32,EMP-106,EMP-126,True,OK,2026_UiA_Full_Oct
TX-20196,2026-06-09,2026-M06,Q2,T2,HH,Handelshøyskolen (HH),Fakultet,7100,Reise & Representasjon,7xxx Reiser,Reise & Representasjon - 2026-M06 (HH),257478.28,EMP-106,EMP-126,True,OK,2026_UiA_Full_Oct
TX-20197,2026-06-18,2026-M06,Q2,T2,HH,Handelshøyskolen (HH),Fakultet,7100,Reise & Representasjon,7xxx Reiser,Reise & Representasjon - 2026-M06 (HH),299822.22,EMP-106,EMP-126,True,OK,2026_UiA_Full_Oct
TX-20198,2026-06-27,2026-M06,Q2,T2,HH,Handelshøyskolen (HH),Fakultet,7100,Reise & Representasjon,7xxx Reiser,Reise & Representasjon - 2026-M06 (HH),3891.91,EMP-106,EMP-126,True,OK,2026_UiA_Full_Oct
TX-20199,2026-07-09,2026-M07,Q3,T2,HH,Handelshøyskolen (HH),Fakultet,7100,Reise & Representasjon,7xxx Reiser,Reise & Representasjon - 2026-M07 (HH),417643.54,EMP-106,EMP-126,True,OK,2026_UiA_Full_Oct
TX-20200,2026-07-18,2026-M07,Q3,T2,HH,Handelshøyskolen (HH),Fakultet,7100,Reise & Representasjon,7xxx Reiser,Reise & Representasjon - 2026-M07 (HH),12027.16,EMP-106,EMP-126,True,OK,2026_UiA_Full_Oct
TX-20201,2026-07-27,2026-M07,Q3,T2,HH,Handelshøyskolen (HH),Fakultet,7100,Reise & Representasjon,7xxx Reiser,Reise & Representasjon - 2026-M07 (HH),119523.36,EMP-106,EMP-126,True,OK,2026_UiA_Full_Oct
TX-20202,2026-08-09,2026-M08,Q3,T2,HH,Handelshøyskolen (HH),Fakultet,7100,Reise & Representasjon,7xxx Reiser,Reise & Representasjon - 2026-M08 (HH),372193.49,EMP-106,EMP-126,True,OK,2026_UiA_Full_Oct
TX-20203,2026-08-18,2026-M08,Q3,T2,HH,Handelshøyskolen (HH),Fakultet,7100,Reise & Representasjon,7xxx Reiser,Reise & Representasjon - 2026-M08 (HH),180298.68,EMP-106,EMP-126,True,OK,2026_UiA_Full_Oct
TX-20204,2026-08-27,2026-M08,Q3,T2,HH,Handelshøyskolen (HH),Fakultet,7100,Reise & Representasjon,7xxx Reiser,Reise & Representasjon - 2026-M08 (HH),1133.98,EMP-106,EMP-126,True,OK,2026_UiA_Full_Oct
TX-20205,2026-09-09,2026-M09,Q3,T3,HH,Handelshøyskolen (HH),Fakultet,7100,Reise & Representasjon,7xxx Reiser,Reise & Representasjon - 2026-M09 (HH),124456.91,EMP-106,EMP-126,True,OK,2026_UiA_Full_Oct
TX-20206,2026-09-18,2026-M09,Q3,T3,HH,Handelshøyskolen (HH),Fakultet,7100,Reise & Representasjon,7xxx Reiser,Reise & Representasjon - 2026-M09 (HH),164595.55,EMP-106,EMP-126,True,OK,2026_UiA_Full_Oct
TX-20207,2026-09-27,2026-M09,Q3,T3,HH,Handelshøyskolen (HH),Fakultet,7100,Reise & Representasjon,7xxx Reiser,Reise & Representasjon - 2026-M09 (HH),256895.91,EMP-106,EMP-126,True,OK,2026_UiA_Full_Oct
TX-20208,2026-10-09,2026-M10,Q4,T3,HH,Handelshøyskolen (HH),Fakultet,7100,Reise & Representasjon,7xxx Reiser,Reise & Representasjon - 2026-M10 (HH),200396.91,EMP-106,EMP-126,True,OK,2026_UiA_Full_Oct
TX-20209,2026-10-18,2026-M10,Q4,T3,HH,Handelshøyskolen (HH),Fakultet,7100,Reise & Representasjon,7xxx Reiser,Reise & Representasjon - 2026-M10 (HH),9358.1,EMP-106,EMP-126,True,OK,2026_UiA_Full_Oct
TX-20210,2026-10-27,2026-M10,Q4,T3,HH,Handelshøyskolen (HH),Fakultet,7100,Reise & Representasjon,7xxx Reiser,Reise & Representasjon - 2026-M10 (HH),344071.89,EMP-106,EMP-126,True,OK,2026_UiA_Full_Oct
TX-20211,2026-01-09,2026-M01,Q1,T1,HH,Handelshøyskolen (HH),Fakultet,7800,Andre Driftskostnader & Konsulenter,7xxx Reiser,Andre Driftskostnader & Konsulenter - 2026-M01 (HH),141198.45,EMP-106,EMP-126,True,OK,2026_UiA_Full_Oct
TX-20212,2026-01-18,2026-M01,Q1,T1,HH,Handelshøyskolen (HH),Fakultet,7800,Andre Driftskostnader & Konsulenter,7xxx Reiser,Andre Driftskostnader & Konsulenter - 2026-M01 (HH),48032.49,EMP-106,EMP-126,True,OK,2026_UiA_Full_Oct
TX-20213,2026-01-27,2026-M01,Q1,T1,HH,Handelshøyskolen (HH),Fakultet,7800,Andre Driftskostnader & Konsulenter,7xxx Reiser,Andre Driftskostnader & Konsulenter - 2026-M01 (HH),138504.29,EMP-106,EMP-126,True,OK,2026_UiA_Full_Oct
TX-20214,2026-02-09,2026-M02,Q1,T1,HH,Handelshøyskolen (HH),Fakultet,7800,Andre Driftskostnader & Konsulenter,7xxx Reiser,Andre Driftskostnader & Konsulenter - 2026-M02 (HH),29488.38,EMP-106,EMP-126,True,OK,2026_UiA_Full_Oct
TX-20215,2026-02-18,2026-M02,Q1,T1,HH,Handelshøyskolen (HH),Fakultet,7800,Andre Driftskostnader & Konsulenter,7xxx Reiser,Andre Driftskostnader & Konsulenter - 2026-M02 (HH),77839.99,EMP-106,EMP-126,True,OK,2026_UiA_Full_Oct
TX-20216,2026-02-27,2026-M02,Q1,T1,HH,Handelshøyskolen (HH),Fakultet,7800,Andre Driftskostnader & Konsulenter,7xxx Reiser,Andre Driftskostnader & Konsulenter - 2026-M02 (HH),227388.97,EMP-106,EMP-126,True,OK,2026_UiA_Full_Oct
TX-20217,2026-03-09,2026-M03,Q1,T1,HH,Handelshøyskolen (HH),Fakultet,7800,Andre Driftskostnader & Konsulenter,7xxx Reiser,Andre Driftskostnader & Konsulenter - 2026-M03 (HH),254501.41,EMP-106,EMP-126,True,OK,2026_UiA_Full_Oct
TX-20218,2026-03-18,2026-M03,Q1,T1,HH,Handelshøyskolen (HH),Fakultet,7800,Andre Driftskostnader & Konsulenter,7xxx Reiser,Andre Driftskostnader & Konsulenter - 2026-M03 (HH),60745.31,EMP-106,EMP-126,True,OK,2026_UiA_Full_Oct
TX-20219,2026-03-27,2026-M03,Q1,T1,HH,Handelshøyskolen (HH),Fakultet,7800,Andre Driftskostnader & Konsulenter,7xxx Reiser,Andre Driftskostnader & Konsulenter - 2026-M03 (HH),13358.33,EMP-106,EMP-126,True,OK,2026_UiA_Full_Oct
TX-20220,2026-04-09,2026-M04,Q2,T1,HH,Handelshøyskolen (HH),Fakultet,7800,Andre Driftskostnader & Konsulenter,7xxx Reiser,Andre Driftskostnader & Konsulenter - 2026-M04 (HH),111085.12,EMP-106,EMP-126,True,OK,2026_UiA_Full_Oct
TX-20221,2026-04-18,2026-M04,Q2,T1,HH,Handelshøyskolen (HH),Fakultet,7800,Andre Driftskostnader & Konsulenter,7xxx Reiser,Andre Driftskostnader & Konsulenter - 2026-M04 (HH),92650.17,EMP-106,EMP-126,True,OK,2026_UiA_Full_Oct
TX-20222,2026-04-27,2026-M04,Q2,T1,HH,Handelshøyskolen (HH),Fakultet,7800,Andre Driftskostnader & Konsulenter,7xxx Reiser,Andre Driftskostnader & Konsulenter - 2026-M04 (HH),124926.22,EMP-106,EMP-126,True,OK,2026_UiA_Full_Oct
TX-20223,2026-05-09,2026-M05,Q2,T2,HH,Handelshøyskolen (HH),Fakultet,7800,Andre Driftskostnader & Konsulenter,7xxx Reiser,Andre Driftskostnader & Konsulenter - 2026-M05 (HH),12661.09,EMP-106,EMP-126,True,OK,2026_UiA_Full_Oct
TX-20224,2026-05-18,2026-M05,Q2,T2,HH,Handelshøyskolen (HH),Fakultet,7800,Andre Driftskostnader & Konsulenter,7xxx Reiser,Andre Driftskostnader & Konsulenter - 2026-M05 (HH),27662.86,EMP-106,EMP-126,True,OK,2026_UiA_Full_Oct
TX-20225,2026-05-27,2026-M05,Q2,T2,HH,Handelshøyskolen (HH),Fakultet,7800,Andre Driftskostnader & Konsulenter,7xxx Reiser,Andre Driftskostnader & Konsulenter - 2026-M05 (HH),291220.26,EMP-106,EMP-126,True,OK,2026_UiA_Full_Oct
TX-20226,2026-06-09,2026-M06,Q2,T2,HH,Handelshøyskolen (HH),Fakultet,7800,Andre Driftskostnader & Konsulenter,7xxx Reiser,Andre Driftskostnader & Konsulenter - 2026-M06 (HH),138438.13,EMP-106,EMP-126,True,OK,2026_UiA_Full_Oct
TX-20227,2026-06-18,2026-M06,Q2,T2,HH,Handelshøyskolen (HH),Fakultet,7800,Andre Driftskostnader & Konsulenter,7xxx Reiser,Andre Driftskostnader & Konsulenter - 2026-M06 (HH),180986.05,EMP-106,EMP-126,True,OK,2026_UiA_Full_Oct
TX-20228,2026-06-27,2026-M06,Q2,T2,HH,Handelshøyskolen (HH),Fakultet,7800,Andre Driftskostnader & Konsulenter,7xxx Reiser,Andre Driftskostnader & Konsulenter - 2026-M06 (HH),15101.67,EMP-106,EMP-126,True,OK,2026_UiA_Full_Oct
TX-20229,2026-07-09,2026-M07,Q3,T2,HH,Handelshøyskolen (HH),Fakultet,7800,Andre Driftskostnader & Konsulenter,7xxx Reiser,Andre Driftskostnader & Konsulenter - 2026-M07 (HH),138233.78,EMP-106,EMP-126,True,OK,2026_UiA_Full_Oct
TX-20230,2026-07-18,2026-M07,Q3,T2,HH,Handelshøyskolen (HH),Fakultet,7800,Andre Driftskostnader & Konsulenter,7xxx Reiser,Andre Driftskostnader & Konsulenter - 2026-M07 (HH),81036.46,EMP-106,EMP-126,True,OK,2026_UiA_Full_Oct
TX-20231,2026-07-27,2026-M07,Q3,T2,HH,Handelshøyskolen (HH),Fakultet,7800,Andre Driftskostnader & Konsulenter,7xxx Reiser,Andre Driftskostnader & Konsulenter - 2026-M07 (HH),117261.92,EMP-106,EMP-126,True,OK,2026_UiA_Full_Oct
TX-20232,2026-08-09,2026-M08,Q3,T2,HH,Handelshøyskolen (HH),Fakultet,7800,Andre Driftskostnader & Konsulenter,7xxx Reiser,Andre Driftskostnader & Konsulenter - 2026-M08 (HH),183200.65,EMP-106,EMP-126,True,OK,2026_UiA_Full_Oct
TX-20233,2026-08-18,2026-M08,Q3,T2,HH,Handelshøyskolen (HH),Fakultet,7800,Andre Driftskostnader & Konsulenter,7xxx Reiser,Andre Driftskostnader & Konsulenter - 2026-M08 (HH),38829.55,EMP-106,EMP-126,True,OK,2026_UiA_Full_Oct
TX-20234,2026-08-27,2026-M08,Q3,T2,HH,Handelshøyskolen (HH),Fakultet,7800,Andre Driftskostnader & Konsulenter,7xxx Reiser,Andre Driftskostnader & Konsulenter - 2026-M08 (HH),110437.7,EMP-106,EMP-126,True,OK,2026_UiA_Full_Oct
TX-20235,2026-09-09,2026-M09,Q3,T3,HH,Handelshøyskolen (HH),Fakultet,7800,Andre Driftskostnader & Konsulenter,7xxx Reiser,Andre Driftskostnader & Konsulenter - 2026-M09 (HH),109927.29,EMP-106,EMP-126,True,OK,2026_UiA_Full_Oct
TX-20236,2026-09-18,2026-M09,Q3,T3,HH,Handelshøyskolen (HH),Fakultet,7800,Andre Driftskostnader & Konsulenter,7xxx Reiser,Andre Driftskostnader & Konsulenter - 2026-M09 (HH),103658.69,EMP-106,EMP-126,True,OK,2026_UiA_Full_Oct
TX-20237,2026-09-27,2026-M09,Q3,T3,HH,Handelshøyskolen (HH),Fakultet,7800,Andre Driftskostnader & Konsulenter,7xxx Reiser,Andre Driftskostnader & Konsulenter - 2026-M09 (HH),115208.14,EMP-106,EMP-126,True,OK,2026_UiA_Full_Oct
TX-20238,2026-10-09,2026-M10,Q4,T3,HH,Handelshøyskolen (HH),Fakultet,7800,Andre Driftskostnader & Konsulenter,7xxx Reiser,Andre Driftskostnader & Konsulenter - 2026-M10 (HH),1358.64,EMP-106,EMP-126,True,OK,2026_UiA_Full_Oct
TX-20239,2026-10-18,2026-M10,Q4,T3,HH,Handelshøyskolen (HH),Fakultet,7800,Andre Driftskostnader & Konsulenter,7xxx Reiser,Andre Driftskostnader & Konsulenter - 2026-M10 (HH),139186.56,EMP-106,EMP-126,True,OK,2026_UiA_Full_Oct
TX-20240,2026-10-27,2026-M10,Q4,T3,HH,Handelshøyskolen (HH),Fakultet,7800,Andre Driftskostnader & Konsulenter,7xxx Reiser,Andre Driftskostnader & Konsulenter - 2026-M10 (HH),195661.06,EMP-106,EMP-126,True,OK,2026_UiA_Full_Oct
TX-20241,2026-01-09,2026-M01,Q1,T1,HELS,Fakultet for helse- og idrettsvitenskap (HELS),Fakultet,3000,Statlig Rammebevilgning (Kap 260.50),3xxx Inntekter,Statlig Rammebevilgning (Kap 260.50) - 2026-M01 (HELS),-992352.45,EMP-115,EMP-135,True,OK,2026_UiA_Full_Oct
TX-20242,2026-01-18,2026-M01,Q1,T1,HELS,Fakultet for helse- og idrettsvitenskap (HELS),Fakultet,3000,Statlig Rammebevilgning (Kap 260.50),3xxx Inntekter,Statlig Rammebevilgning (Kap 260.50) - 2026-M01 (HELS),-5381479.15,EMP-115,EMP-135,True,OK,2026_UiA_Full_Oct
TX-20243,2026-01-27,2026-M01,Q1,T1,HELS,Fakultet for helse- og idrettsvitenskap (HELS),Fakultet,3000,Statlig Rammebevilgning (Kap 260.50),3xxx Inntekter,Statlig Rammebevilgning (Kap 260.50) - 2026-M01 (HELS),-7356763.4,EMP-115,EMP-135,True,OK,2026_UiA_Full_Oct
TX-20244,2026-02-09,2026-M02,Q1,T1,HELS,Fakultet for helse- og idrettsvitenskap (HELS),Fakultet,3000,Statlig Rammebevilgning (Kap 260.50),3xxx Inntekter,Statlig Rammebevilgning (Kap 260.50) - 2026-M02 (HELS),-8906587.32,EMP-115,EMP-135,True,OK,2026_UiA_Full_Oct
TX-20245,2026-02-18,2026-M02,Q1,T1,HELS,Fakultet for helse- og idrettsvitenskap (HELS),Fakultet,3000,Statlig Rammebevilgning (Kap 260.50),3xxx Inntekter,Statlig Rammebevilgning (Kap 260.50) - 2026-M02 (HELS),-2201555.77,EMP-115,EMP-135,True,OK,2026_UiA_Full_Oct
TX-20246,2026-02-27,2026-M02,Q1,T1,HELS,Fakultet for helse- og idrettsvitenskap (HELS),Fakultet,3000,Statlig Rammebevilgning (Kap 260.50),3xxx Inntekter,Statlig Rammebevilgning (Kap 260.50) - 2026-M02 (HELS),-2644613.65,EMP-115,EMP-135,True,OK,2026_UiA_Full_Oct
TX-20247,2026-03-09,2026-M03,Q1,T1,HELS,Fakultet for helse- og idrettsvitenskap (HELS),Fakultet,3000,Statlig Rammebevilgning (Kap 260.50),3xxx Inntekter,Statlig Rammebevilgning (Kap 260.50) - 2026-M03 (HELS),-5113431.84,EMP-115,EMP-135,True,OK,2026_UiA_Full_Oct
TX-20248,2026-03-18,2026-M03,Q1,T1,HELS,Fakultet for helse- og idrettsvitenskap (HELS),Fakultet,3000,Statlig Rammebevilgning (Kap 260.50),3xxx Inntekter,Statlig Rammebevilgning (Kap 260.50) - 2026-M03 (HELS),-8336171.89,EMP-115,EMP-135,True,OK,2026_UiA_Full_Oct
TX-20249,2026-03-27,2026-M03,Q1,T1,HELS,Fakultet for helse- og idrettsvitenskap (HELS),Fakultet,3000,Statlig Rammebevilgning (Kap 260.50),3xxx Inntekter,Statlig Rammebevilgning (Kap 260.50) - 2026-M03 (HELS),-240521.06,EMP-115,EMP-135,True,OK,2026_UiA_Full_Oct
TX-20250,2026-04-09,2026-M04,Q2,T1,HELS,Fakultet for helse- og idrettsvitenskap (HELS),Fakultet,3000,Statlig Rammebevilgning (Kap 260.50),3xxx Inntekter,Statlig Rammebevilgning (Kap 260.50) - 2026-M04 (HELS),-1401344.33,EMP-115,EMP-135,True,OK,2026_UiA_Full_Oct
TX-20251,2026-04-18,2026-M04,Q2,T1,HELS,Fakultet for helse- og idrettsvitenskap (HELS),Fakultet,3000,Statlig Rammebevilgning (Kap 260.50),3xxx Inntekter,Statlig Rammebevilgning (Kap 260.50) - 2026-M04 (HELS),-6682825.73,EMP-115,EMP-135,True,OK,2026_UiA_Full_Oct
TX-20252,2026-04-27,2026-M04,Q2,T1,HELS,Fakultet for helse- og idrettsvitenskap (HELS),Fakultet,3000,Statlig Rammebevilgning (Kap 260.50),3xxx Inntekter,Statlig Rammebevilgning (Kap 260.50) - 2026-M04 (HELS),-5859905.21,EMP-115,EMP-135,True,OK,2026_UiA_Full_Oct
TX-20253,2026-05-09,2026-M05,Q2,T2,HELS,Fakultet for helse- og idrettsvitenskap (HELS),Fakultet,3000,Statlig Rammebevilgning (Kap 260.50),3xxx Inntekter,Statlig Rammebevilgning (Kap 260.50) - 2026-M05 (HELS),-8067201.01,EMP-115,EMP-135,True,OK,2026_UiA_Full_Oct
TX-20254,2026-05-18,2026-M05,Q2,T2,HELS,Fakultet for helse- og idrettsvitenskap (HELS),Fakultet,3000,Statlig Rammebevilgning (Kap 260.50),3xxx Inntekter,Statlig Rammebevilgning (Kap 260.50) - 2026-M05 (HELS),-4014874.22,EMP-115,EMP-135,True,OK,2026_UiA_Full_Oct
TX-20255,2026-05-27,2026-M05,Q2,T2,HELS,Fakultet for helse- og idrettsvitenskap (HELS),Fakultet,3000,Statlig Rammebevilgning (Kap 260.50),3xxx Inntekter,Statlig Rammebevilgning (Kap 260.50) - 2026-M05 (HELS),-1500249.69,EMP-115,EMP-135,True,OK,2026_UiA_Full_Oct
TX-20256,2026-06-09,2026-M06,Q2,T2,HELS,Fakultet for helse- og idrettsvitenskap (HELS),Fakultet,3000,Statlig Rammebevilgning (Kap 260.50),3xxx Inntekter,Statlig Rammebevilgning (Kap 260.50) - 2026-M06 (HELS),-7948200.15,EMP-115,EMP-135,True,OK,2026_UiA_Full_Oct
TX-20257,2026-06-18,2026-M06,Q2,T2,HELS,Fakultet for helse- og idrettsvitenskap (HELS),Fakultet,3000,Statlig Rammebevilgning (Kap 260.50),3xxx Inntekter,Statlig Rammebevilgning (Kap 260.50) - 2026-M06 (HELS),-1894733.8,EMP-115,EMP-135,True,OK,2026_UiA_Full_Oct
TX-20258,2026-06-27,2026-M06,Q2,T2,HELS,Fakultet for helse- og idrettsvitenskap (HELS),Fakultet,3000,Statlig Rammebevilgning (Kap 260.50),3xxx Inntekter,Statlig Rammebevilgning (Kap 260.50) - 2026-M06 (HELS),-3787539.52,EMP-115,EMP-135,True,OK,2026_UiA_Full_Oct
TX-20259,2026-07-09,2026-M07,Q3,T2,HELS,Fakultet for helse- og idrettsvitenskap (HELS),Fakultet,3000,Statlig Rammebevilgning (Kap 260.50),3xxx Inntekter,Statlig Rammebevilgning (Kap 260.50) - 2026-M07 (HELS),-6286326.63,EMP-115,EMP-135,True,OK,2026_UiA_Full_Oct
TX-20260,2026-07-18,2026-M07,Q3,T2,HELS,Fakultet for helse- og idrettsvitenskap (HELS),Fakultet,3000,Statlig Rammebevilgning (Kap 260.50),3xxx Inntekter,Statlig Rammebevilgning (Kap 260.50) - 2026-M07 (HELS),-6912418.63,EMP-115,EMP-135,True,OK,2026_UiA_Full_Oct
TX-20261,2026-07-27,2026-M07,Q3,T2,HELS,Fakultet for helse- og idrettsvitenskap (HELS),Fakultet,3000,Statlig Rammebevilgning (Kap 260.50),3xxx Inntekter,Statlig Rammebevilgning (Kap 260.50) - 2026-M07 (HELS),-407261.93,EMP-115,EMP-135,True,OK,2026_UiA_Full_Oct
TX-20262,2026-08-09,2026-M08,Q3,T2,HELS,Fakultet for helse- og idrettsvitenskap (HELS),Fakultet,3000,Statlig Rammebevilgning (Kap 260.50),3xxx Inntekter,Statlig Rammebevilgning (Kap 260.50) - 2026-M08 (HELS),-8316717.73,EMP-115,EMP-135,True,OK,2026_UiA_Full_Oct
TX-20263,2026-08-18,2026-M08,Q3,T2,HELS,Fakultet for helse- og idrettsvitenskap (HELS),Fakultet,3000,Statlig Rammebevilgning (Kap 260.50),3xxx Inntekter,Statlig Rammebevilgning (Kap 260.50) - 2026-M08 (HELS),-5372141.33,EMP-115,EMP-135,True,OK,2026_UiA_Full_Oct
TX-20264,2026-08-27,2026-M08,Q3,T2,HELS,Fakultet for helse- og idrettsvitenskap (HELS),Fakultet,3000,Statlig Rammebevilgning (Kap 260.50),3xxx Inntekter,Statlig Rammebevilgning (Kap 260.50) - 2026-M08 (HELS),-192777.24,EMP-115,EMP-135,True,OK,2026_UiA_Full_Oct
TX-20265,2026-09-09,2026-M09,Q3,T3,HELS,Fakultet for helse- og idrettsvitenskap (HELS),Fakultet,3000,Statlig Rammebevilgning (Kap 260.50),3xxx Inntekter,Statlig Rammebevilgning (Kap 260.50) - 2026-M09 (HELS),-3026825.37,EMP-115,EMP-135,True,OK,2026_UiA_Full_Oct
TX-20266,2026-09-18,2026-M09,Q3,T3,HELS,Fakultet for helse- og idrettsvitenskap (HELS),Fakultet,3000,Statlig Rammebevilgning (Kap 260.50),3xxx Inntekter,Statlig Rammebevilgning (Kap 260.50) - 2026-M09 (HELS),-7650391.88,EMP-115,EMP-135,True,OK,2026_UiA_Full_Oct
TX-20267,2026-09-27,2026-M09,Q3,T3,HELS,Fakultet for helse- og idrettsvitenskap (HELS),Fakultet,3000,Statlig Rammebevilgning (Kap 260.50),3xxx Inntekter,Statlig Rammebevilgning (Kap 260.50) - 2026-M09 (HELS),-2962672.24,EMP-115,EMP-135,True,OK,2026_UiA_Full_Oct
TX-20268,2026-10-09,2026-M10,Q4,T3,HELS,Fakultet for helse- og idrettsvitenskap (HELS),Fakultet,3000,Statlig Rammebevilgning (Kap 260.50),3xxx Inntekter,Statlig Rammebevilgning (Kap 260.50) - 2026-M10 (HELS),-1061040.53,EMP-115,EMP-135,True,OK,2026_UiA_Full_Oct
TX-20269,2026-10-18,2026-M10,Q4,T3,HELS,Fakultet for helse- og idrettsvitenskap (HELS),Fakultet,3000,Statlig Rammebevilgning (Kap 260.50),3xxx Inntekter,Statlig Rammebevilgning (Kap 260.50) - 2026-M10 (HELS),-695883.59,EMP-115,EMP-135,True,OK,2026_UiA_Full_Oct
TX-20270,2026-10-27,2026-M10,Q4,T3,HELS,Fakultet for helse- og idrettsvitenskap (HELS),Fakultet,3000,Statlig Rammebevilgning (Kap 260.50),3xxx Inntekter,Statlig Rammebevilgning (Kap 260.50) - 2026-M10 (HELS),-12069726.82,EMP-115,EMP-135,True,OK,2026_UiA_Full_Oct
TX-20271,2026-01-09,2026-M01,Q1,T1,HELS,Fakultet for helse- og idrettsvitenskap (HELS),Fakultet,3400,BOA Ekstern Prosjektstøtte (NFR/EU),3xxx Inntekter,BOA Ekstern Prosjektstøtte (NFR/EU) - 2026-M01 (HELS),-1429021.47,EMP-115,EMP-135,True,OK,2026_UiA_Full_Oct
TX-20272,2026-01-18,2026-M01,Q1,T1,HELS,Fakultet for helse- og idrettsvitenskap (HELS),Fakultet,3400,BOA Ekstern Prosjektstøtte (NFR/EU),3xxx Inntekter,BOA Ekstern Prosjektstøtte (NFR/EU) - 2026-M01 (HELS),-1340267.41,EMP-115,EMP-135,True,OK,2026_UiA_Full_Oct
TX-20273,2026-01-27,2026-M01,Q1,T1,HELS,Fakultet for helse- og idrettsvitenskap (HELS),Fakultet,3400,BOA Ekstern Prosjektstøtte (NFR/EU),3xxx Inntekter,BOA Ekstern Prosjektstøtte (NFR/EU) - 2026-M01 (HELS),-265936.29,EMP-115,EMP-135,True,OK,2026_UiA_Full_Oct
TX-20274,2026-02-09,2026-M02,Q1,T1,HELS,Fakultet for helse- og idrettsvitenskap (HELS),Fakultet,3400,BOA Ekstern Prosjektstøtte (NFR/EU),3xxx Inntekter,BOA Ekstern Prosjektstøtte (NFR/EU) - 2026-M02 (HELS),-1490220.49,EMP-115,EMP-135,True,OK,2026_UiA_Full_Oct
TX-20275,2026-02-18,2026-M02,Q1,T1,HELS,Fakultet for helse- og idrettsvitenskap (HELS),Fakultet,3400,BOA Ekstern Prosjektstøtte (NFR/EU),3xxx Inntekter,BOA Ekstern Prosjektstøtte (NFR/EU) - 2026-M02 (HELS),-280899.97,EMP-115,EMP-135,True,OK,2026_UiA_Full_Oct
TX-20276,2026-02-27,2026-M02,Q1,T1,HELS,Fakultet for helse- og idrettsvitenskap (HELS),Fakultet,3400,BOA Ekstern Prosjektstøtte (NFR/EU),3xxx Inntekter,BOA Ekstern Prosjektstøtte (NFR/EU) - 2026-M02 (HELS),-1232712.64,EMP-115,EMP-135,True,OK,2026_UiA_Full_Oct
TX-20277,2026-03-09,2026-M03,Q1,T1,HELS,Fakultet for helse- og idrettsvitenskap (HELS),Fakultet,3400,BOA Ekstern Prosjektstøtte (NFR/EU),3xxx Inntekter,BOA Ekstern Prosjektstøtte (NFR/EU) - 2026-M03 (HELS),-457959.19,EMP-115,EMP-135,True,OK,2026_UiA_Full_Oct
TX-20278,2026-03-18,2026-M03,Q1,T1,HELS,Fakultet for helse- og idrettsvitenskap (HELS),Fakultet,3400,BOA Ekstern Prosjektstøtte (NFR/EU),3xxx Inntekter,BOA Ekstern Prosjektstøtte (NFR/EU) - 2026-M03 (HELS),-1015276.53,EMP-115,EMP-135,True,OK,2026_UiA_Full_Oct
TX-20279,2026-03-27,2026-M03,Q1,T1,HELS,Fakultet for helse- og idrettsvitenskap (HELS),Fakultet,3400,BOA Ekstern Prosjektstøtte (NFR/EU),3xxx Inntekter,BOA Ekstern Prosjektstøtte (NFR/EU) - 2026-M03 (HELS),-1505217.87,EMP-115,EMP-135,True,OK,2026_UiA_Full_Oct
TX-20280,2026-04-09,2026-M04,Q2,T1,HELS,Fakultet for helse- og idrettsvitenskap (HELS),Fakultet,3400,BOA Ekstern Prosjektstøtte (NFR/EU),3xxx Inntekter,BOA Ekstern Prosjektstøtte (NFR/EU) - 2026-M04 (HELS),-1975613.03,EMP-115,EMP-135,True,OK,2026_UiA_Full_Oct
TX-20281,2026-04-18,2026-M04,Q2,T1,HELS,Fakultet for helse- og idrettsvitenskap (HELS),Fakultet,3400,BOA Ekstern Prosjektstøtte (NFR/EU),3xxx Inntekter,BOA Ekstern Prosjektstøtte (NFR/EU) - 2026-M04 (HELS),-468362.36,EMP-115,EMP-135,True,OK,2026_UiA_Full_Oct
TX-20282,2026-04-27,2026-M04,Q2,T1,HELS,Fakultet for helse- og idrettsvitenskap (HELS),Fakultet,3400,BOA Ekstern Prosjektstøtte (NFR/EU),3xxx Inntekter,BOA Ekstern Prosjektstøtte (NFR/EU) - 2026-M04 (HELS),-582334.35,EMP-115,EMP-135,True,OK,2026_UiA_Full_Oct
TX-20283,2026-05-09,2026-M05,Q2,T2,HELS,Fakultet for helse- og idrettsvitenskap (HELS),Fakultet,3400,BOA Ekstern Prosjektstøtte (NFR/EU),3xxx Inntekter,BOA Ekstern Prosjektstøtte (NFR/EU) - 2026-M05 (HELS),-2495643.34,EMP-115,EMP-135,True,OK,2026_UiA_Full_Oct
TX-20284,2026-05-18,2026-M05,Q2,T2,HELS,Fakultet for helse- og idrettsvitenskap (HELS),Fakultet,3400,BOA Ekstern Prosjektstøtte (NFR/EU),3xxx Inntekter,BOA Ekstern Prosjektstøtte (NFR/EU) - 2026-M05 (HELS),-395996.97,EMP-115,EMP-135,True,OK,2026_UiA_Full_Oct
TX-20285,2026-05-27,2026-M05,Q2,T2,HELS,Fakultet for helse- og idrettsvitenskap (HELS),Fakultet,3400,BOA Ekstern Prosjektstøtte (NFR/EU),3xxx Inntekter,BOA Ekstern Prosjektstøtte (NFR/EU) - 2026-M05 (HELS),-148082.99,EMP-115,EMP-135,True,OK,2026_UiA_Full_Oct
TX-20286,2026-06-09,2026-M06,Q2,T2,HELS,Fakultet for helse- og idrettsvitenskap (HELS),Fakultet,3400,BOA Ekstern Prosjektstøtte (NFR/EU),3xxx Inntekter,BOA Ekstern Prosjektstøtte (NFR/EU) - 2026-M06 (HELS),-1430044.77,EMP-115,EMP-135,True,OK,2026_UiA_Full_Oct
TX-20287,2026-06-18,2026-M06,Q2,T2,HELS,Fakultet for helse- og idrettsvitenskap (HELS),Fakultet,3400,BOA Ekstern Prosjektstøtte (NFR/EU),3xxx Inntekter,BOA Ekstern Prosjektstøtte (NFR/EU) - 2026-M06 (HELS),-835729.82,EMP-115,EMP-135,True,OK,2026_UiA_Full_Oct
TX-20288,2026-06-27,2026-M06,Q2,T2,HELS,Fakultet for helse- og idrettsvitenskap (HELS),Fakultet,3400,BOA Ekstern Prosjektstøtte (NFR/EU),3xxx Inntekter,BOA Ekstern Prosjektstøtte (NFR/EU) - 2026-M06 (HELS),-724001.08,EMP-115,EMP-135,True,OK,2026_UiA_Full_Oct
TX-20289,2026-07-09,2026-M07,Q3,T2,HELS,Fakultet for helse- og idrettsvitenskap (HELS),Fakultet,3400,BOA Ekstern Prosjektstøtte (NFR/EU),3xxx Inntekter,BOA Ekstern Prosjektstøtte (NFR/EU) - 2026-M07 (HELS),-117922.12,EMP-115,EMP-135,True,OK,2026_UiA_Full_Oct
TX-20290,2026-07-18,2026-M07,Q3,T2,HELS,Fakultet for helse- og idrettsvitenskap (HELS),Fakultet,3400,BOA Ekstern Prosjektstøtte (NFR/EU),3xxx Inntekter,BOA Ekstern Prosjektstøtte (NFR/EU) - 2026-M07 (HELS),-876234.7,EMP-115,EMP-135,True,OK,2026_UiA_Full_Oct
TX-20291,2026-07-27,2026-M07,Q3,T2,HELS,Fakultet for helse- og idrettsvitenskap (HELS),Fakultet,3400,BOA Ekstern Prosjektstøtte (NFR/EU),3xxx Inntekter,BOA Ekstern Prosjektstøtte (NFR/EU) - 2026-M07 (HELS),-2045696.31,EMP-115,EMP-135,True,OK,2026_UiA_Full_Oct
TX-20292,2026-08-09,2026-M08,Q3,T2,HELS,Fakultet for helse- og idrettsvitenskap (HELS),Fakultet,3400,BOA Ekstern Prosjektstøtte (NFR/EU),3xxx Inntekter,BOA Ekstern Prosjektstøtte (NFR/EU) - 2026-M08 (HELS),-745298.17,EMP-115,EMP-135,True,OK,2026_UiA_Full_Oct
TX-20293,2026-08-18,2026-M08,Q3,T2,HELS,Fakultet for helse- og idrettsvitenskap (HELS),Fakultet,3400,BOA Ekstern Prosjektstøtte (NFR/EU),3xxx Inntekter,BOA Ekstern Prosjektstøtte (NFR/EU) - 2026-M08 (HELS),-102761.68,EMP-115,EMP-135,True,OK,2026_UiA_Full_Oct
TX-20294,2026-08-27,2026-M08,Q3,T2,HELS,Fakultet for helse- og idrettsvitenskap (HELS),Fakultet,3400,BOA Ekstern Prosjektstøtte (NFR/EU),3xxx Inntekter,BOA Ekstern Prosjektstøtte (NFR/EU) - 2026-M08 (HELS),-2189113.52,EMP-115,EMP-135,True,OK,2026_UiA_Full_Oct
TX-20295,2026-09-09,2026-M09,Q3,T3,HELS,Fakultet for helse- og idrettsvitenskap (HELS),Fakultet,3400,BOA Ekstern Prosjektstøtte (NFR/EU),3xxx Inntekter,BOA Ekstern Prosjektstøtte (NFR/EU) - 2026-M09 (HELS),-1395411.98,EMP-115,EMP-135,True,OK,2026_UiA_Full_Oct
TX-20296,2026-09-18,2026-M09,Q3,T3,HELS,Fakultet for helse- og idrettsvitenskap (HELS),Fakultet,3400,BOA Ekstern Prosjektstøtte (NFR/EU),3xxx Inntekter,BOA Ekstern Prosjektstøtte (NFR/EU) - 2026-M09 (HELS),-1195848.04,EMP-115,EMP-135,True,OK,2026_UiA_Full_Oct
TX-20297,2026-09-27,2026-M09,Q3,T3,HELS,Fakultet for helse- og idrettsvitenskap (HELS),Fakultet,3400,BOA Ekstern Prosjektstøtte (NFR/EU),3xxx Inntekter,BOA Ekstern Prosjektstøtte (NFR/EU) - 2026-M09 (HELS),-427225.07,EMP-115,EMP-135,True,OK,2026_UiA_Full_Oct
TX-20298,2026-10-09,2026-M10,Q4,T3,HELS,Fakultet for helse- og idrettsvitenskap (HELS),Fakultet,3400,BOA Ekstern Prosjektstøtte (NFR/EU),3xxx Inntekter,BOA Ekstern Prosjektstøtte (NFR/EU) - 2026-M10 (HELS),-489740.94,EMP-115,EMP-135,True,OK,2026_UiA_Full_Oct
TX-20299,2026-10-18,2026-M10,Q4,T3,HELS,Fakultet for helse- og idrettsvitenskap (HELS),Fakultet,3400,BOA Ekstern Prosjektstøtte (NFR/EU),3xxx Inntekter,BOA Ekstern Prosjektstøtte (NFR/EU) - 2026-M10 (HELS),-1958764.49,EMP-115,EMP-135,True,OK,2026_UiA_Full_Oct
TX-20300,2026-10-27,2026-M10,Q4,T3,HELS,Fakultet for helse- og idrettsvitenskap (HELS),Fakultet,3400,BOA Ekstern Prosjektstøtte (NFR/EU),3xxx Inntekter,BOA Ekstern Prosjektstøtte (NFR/EU) - 2026-M10 (HELS),-557839.81,EMP-115,EMP-135,True,OK,2026_UiA_Full_Oct
TX-20301,2026-01-09,2026-M01,Q1,T1,HELS,Fakultet for helse- og idrettsvitenskap (HELS),Fakultet,5000,Fast Lønn & Sosiale Kostnader,5xxx Lønn,Fast Lønn & Sosiale Kostnader - 2026-M01 (HELS),1503409.97,EMP-115,EMP-135,True,OK,2026_UiA_Full_Oct
TX-20302,2026-01-18,2026-M01,Q1,T1,HELS,Fakultet for helse- og idrettsvitenskap (HELS),Fakultet,5000,Fast Lønn & Sosiale Kostnader,5xxx Lønn,Fast Lønn & Sosiale Kostnader - 2026-M01 (HELS),2669314.05,EMP-115,EMP-135,True,OK,2026_UiA_Full_Oct
TX-20303,2026-01-27,2026-M01,Q1,T1,HELS,Fakultet for helse- og idrettsvitenskap (HELS),Fakultet,5000,Fast Lønn & Sosiale Kostnader,5xxx Lønn,Fast Lønn & Sosiale Kostnader - 2026-M01 (HELS),6433885.88,EMP-115,EMP-135,True,OK,2026_UiA_Full_Oct
TX-20304,2026-02-09,2026-M02,Q1,T1,HELS,Fakultet for helse- og idrettsvitenskap (HELS),Fakultet,5000,Fast Lønn & Sosiale Kostnader,5xxx Lønn,Fast Lønn & Sosiale Kostnader - 2026-M02 (HELS),8027191.39,EMP-115,EMP-135,True,OK,2026_UiA_Full_Oct
TX-20305,2026-02-18,2026-M02,Q1,T1,HELS,Fakultet for helse- og idrettsvitenskap (HELS),Fakultet,5000,Fast Lønn & Sosiale Kostnader,5xxx Lønn,Fast Lønn & Sosiale Kostnader - 2026-M02 (HELS),1914116.79,EMP-115,EMP-135,True,OK,2026_UiA_Full_Oct
TX-20306,2026-02-27,2026-M02,Q1,T1,HELS,Fakultet for helse- og idrettsvitenskap (HELS),Fakultet,5000,Fast Lønn & Sosiale Kostnader,5xxx Lønn,Fast Lønn & Sosiale Kostnader - 2026-M02 (HELS),673586.36,EMP-115,EMP-135,True,OK,2026_UiA_Full_Oct
TX-20307,2026-03-09,2026-M03,Q1,T1,HELS,Fakultet for helse- og idrettsvitenskap (HELS),Fakultet,5000,Fast Lønn & Sosiale Kostnader,5xxx Lønn,Fast Lønn & Sosiale Kostnader - 2026-M03 (HELS),2007547.0,EMP-115,EMP-135,True,OK,2026_UiA_Full_Oct
TX-20308,2026-03-18,2026-M03,Q1,T1,HELS,Fakultet for helse- og idrettsvitenskap (HELS),Fakultet,5000,Fast Lønn & Sosiale Kostnader,5xxx Lønn,Fast Lønn & Sosiale Kostnader - 2026-M03 (HELS),2847008.17,EMP-115,EMP-135,True,OK,2026_UiA_Full_Oct
TX-20309,2026-03-27,2026-M03,Q1,T1,HELS,Fakultet for helse- og idrettsvitenskap (HELS),Fakultet,5000,Fast Lønn & Sosiale Kostnader,5xxx Lønn,Fast Lønn & Sosiale Kostnader - 2026-M03 (HELS),5815039.46,EMP-115,EMP-135,True,OK,2026_UiA_Full_Oct
TX-20310,2026-04-09,2026-M04,Q2,T1,HELS,Fakultet for helse- og idrettsvitenskap (HELS),Fakultet,5000,Fast Lønn & Sosiale Kostnader,5xxx Lønn,Fast Lønn & Sosiale Kostnader - 2026-M04 (HELS),2233051.42,EMP-115,EMP-135,True,OK,2026_UiA_Full_Oct
TX-20311,2026-04-18,2026-M04,Q2,T1,HELS,Fakultet for helse- og idrettsvitenskap (HELS),Fakultet,5000,Fast Lønn & Sosiale Kostnader,5xxx Lønn,Fast Lønn & Sosiale Kostnader - 2026-M04 (HELS),2640547.56,EMP-115,EMP-135,True,OK,2026_UiA_Full_Oct
TX-20312,2026-04-27,2026-M04,Q2,T1,HELS,Fakultet for helse- og idrettsvitenskap (HELS),Fakultet,5000,Fast Lønn & Sosiale Kostnader,5xxx Lønn,Fast Lønn & Sosiale Kostnader - 2026-M04 (HELS),5715752.67,EMP-115,EMP-135,True,OK,2026_UiA_Full_Oct
TX-20313,2026-05-09,2026-M05,Q2,T2,HELS,Fakultet for helse- og idrettsvitenskap (HELS),Fakultet,5000,Fast Lønn & Sosiale Kostnader,5xxx Lønn,Fast Lønn & Sosiale Kostnader - 2026-M05 (HELS),7468947.64,EMP-115,EMP-135,True,OK,2026_UiA_Full_Oct
TX-20314,2026-05-18,2026-M05,Q2,T2,HELS,Fakultet for helse- og idrettsvitenskap (HELS),Fakultet,5000,Fast Lønn & Sosiale Kostnader,5xxx Lønn,Fast Lønn & Sosiale Kostnader - 2026-M05 (HELS),659044.65,EMP-115,EMP-135,True,OK,2026_UiA_Full_Oct
TX-20315,2026-05-27,2026-M05,Q2,T2,HELS,Fakultet for helse- og idrettsvitenskap (HELS),Fakultet,5000,Fast Lønn & Sosiale Kostnader,5xxx Lønn,Fast Lønn & Sosiale Kostnader - 2026-M05 (HELS),2587446.33,EMP-115,EMP-135,True,OK,2026_UiA_Full_Oct
TX-20316,2026-06-09,2026-M06,Q2,T2,HELS,Fakultet for helse- og idrettsvitenskap (HELS),Fakultet,5000,Fast Lønn & Sosiale Kostnader,5xxx Lønn,Fast Lønn & Sosiale Kostnader - 2026-M06 (HELS),2199186.26,EMP-115,EMP-135,True,OK,2026_UiA_Full_Oct
TX-20317,2026-06-18,2026-M06,Q2,T2,HELS,Fakultet for helse- og idrettsvitenskap (HELS),Fakultet,5000,Fast Lønn & Sosiale Kostnader,5xxx Lønn,Fast Lønn & Sosiale Kostnader - 2026-M06 (HELS),966985.88,EMP-115,EMP-135,True,OK,2026_UiA_Full_Oct
TX-20318,2026-06-27,2026-M06,Q2,T2,HELS,Fakultet for helse- og idrettsvitenskap (HELS),Fakultet,5000,Fast Lønn & Sosiale Kostnader,5xxx Lønn,Fast Lønn & Sosiale Kostnader - 2026-M06 (HELS),7521432.71,EMP-115,EMP-135,True,OK,2026_UiA_Full_Oct
TX-20319,2026-07-09,2026-M07,Q3,T2,HELS,Fakultet for helse- og idrettsvitenskap (HELS),Fakultet,5000,Fast Lønn & Sosiale Kostnader,5xxx Lønn,Fast Lønn & Sosiale Kostnader - 2026-M07 (HELS),5266902.83,EMP-115,EMP-135,True,OK,2026_UiA_Full_Oct
TX-20320,2026-07-18,2026-M07,Q3,T2,HELS,Fakultet for helse- og idrettsvitenskap (HELS),Fakultet,5000,Fast Lønn & Sosiale Kostnader,5xxx Lønn,Fast Lønn & Sosiale Kostnader - 2026-M07 (HELS),3985622.54,EMP-115,EMP-135,True,OK,2026_UiA_Full_Oct
TX-20321,2026-07-27,2026-M07,Q3,T2,HELS,Fakultet for helse- og idrettsvitenskap (HELS),Fakultet,5000,Fast Lønn & Sosiale Kostnader,5xxx Lønn,Fast Lønn & Sosiale Kostnader - 2026-M07 (HELS),1534082.56,EMP-115,EMP-135,True,OK,2026_UiA_Full_Oct
TX-20322,2026-08-09,2026-M08,Q3,T2,HELS,Fakultet for helse- og idrettsvitenskap (HELS),Fakultet,5000,Fast Lønn & Sosiale Kostnader,5xxx Lønn,Fast Lønn & Sosiale Kostnader - 2026-M08 (HELS),428430.38,EMP-115,EMP-135,True,OK,2026_UiA_Full_Oct
TX-20323,2026-08-18,2026-M08,Q3,T2,HELS,Fakultet for helse- og idrettsvitenskap (HELS),Fakultet,5000,Fast Lønn & Sosiale Kostnader,5xxx Lønn,Fast Lønn & Sosiale Kostnader - 2026-M08 (HELS),8273322.04,EMP-115,EMP-135,True,OK,2026_UiA_Full_Oct
TX-20324,2026-08-27,2026-M08,Q3,T2,HELS,Fakultet for helse- og idrettsvitenskap (HELS),Fakultet,5000,Fast Lønn & Sosiale Kostnader,5xxx Lønn,Fast Lønn & Sosiale Kostnader - 2026-M08 (HELS),2103512.23,EMP-115,EMP-135,True,OK,2026_UiA_Full_Oct
TX-20325,2026-09-09,2026-M09,Q3,T3,HELS,Fakultet for helse- og idrettsvitenskap (HELS),Fakultet,5000,Fast Lønn & Sosiale Kostnader,5xxx Lønn,Fast Lønn & Sosiale Kostnader - 2026-M09 (HELS),7310692.47,EMP-115,EMP-135,True,OK,2026_UiA_Full_Oct
TX-20326,2026-09-18,2026-M09,Q3,T3,HELS,Fakultet for helse- og idrettsvitenskap (HELS),Fakultet,5000,Fast Lønn & Sosiale Kostnader,5xxx Lønn,Fast Lønn & Sosiale Kostnader - 2026-M09 (HELS),2786234.39,EMP-115,EMP-135,True,OK,2026_UiA_Full_Oct
TX-20327,2026-09-27,2026-M09,Q3,T3,HELS,Fakultet for helse- og idrettsvitenskap (HELS),Fakultet,5000,Fast Lønn & Sosiale Kostnader,5xxx Lønn,Fast Lønn & Sosiale Kostnader - 2026-M09 (HELS),502615.87,EMP-115,EMP-135,True,OK,2026_UiA_Full_Oct
TX-20328,2026-10-09,2026-M10,Q4,T3,HELS,Fakultet for helse- og idrettsvitenskap (HELS),Fakultet,5000,Fast Lønn & Sosiale Kostnader,5xxx Lønn,Fast Lønn & Sosiale Kostnader - 2026-M10 (HELS),3886673.08,EMP-115,EMP-135,True,OK,2026_UiA_Full_Oct
TX-20329,2026-10-18,2026-M10,Q4,T3,HELS,Fakultet for helse- og idrettsvitenskap (HELS),Fakultet,5000,Fast Lønn & Sosiale Kostnader,5xxx Lønn,Fast Lønn & Sosiale Kostnader - 2026-M10 (HELS),4573561.65,EMP-115,EMP-135,True,OK,2026_UiA_Full_Oct
TX-20330,2026-10-27,2026-M10,Q4,T3,HELS,Fakultet for helse- og idrettsvitenskap (HELS),Fakultet,5000,Fast Lønn & Sosiale Kostnader,5xxx Lønn,Fast Lønn & Sosiale Kostnader - 2026-M10 (HELS),2259226.11,EMP-115,EMP-135,True,OK,2026_UiA_Full_Oct
TX-20331,2026-01-09,2026-M01,Q1,T1,HELS,Fakultet for helse- og idrettsvitenskap (HELS),Fakultet,5330,Sensorhonorar & Timelønnede,5xxx Lønn,Sensorhonorar & Timelønnede - 2026-M01 (HELS),853001.49,EMP-115,EMP-135,True,OK,2026_UiA_Full_Oct
TX-20332,2026-01-18,2026-M01,Q1,T1,HELS,Fakultet for helse- og idrettsvitenskap (HELS),Fakultet,5330,Sensorhonorar & Timelønnede,5xxx Lønn,Sensorhonorar & Timelønnede - 2026-M01 (HELS),86404.21,EMP-115,EMP-135,True,OK,2026_UiA_Full_Oct
TX-20333,2026-01-27,2026-M01,Q1,T1,HELS,Fakultet for helse- og idrettsvitenskap (HELS),Fakultet,5330,Sensorhonorar & Timelønnede,5xxx Lønn,Sensorhonorar & Timelønnede - 2026-M01 (HELS),81595.04,EMP-115,EMP-135,True,OK,2026_UiA_Full_Oct
TX-20334,2026-02-09,2026-M02,Q1,T1,HELS,Fakultet for helse- og idrettsvitenskap (HELS),Fakultet,5330,Sensorhonorar & Timelønnede,5xxx Lønn,Sensorhonorar & Timelønnede - 2026-M02 (HELS),21033.97,EMP-115,EMP-135,True,OK,2026_UiA_Full_Oct
TX-20335,2026-02-18,2026-M02,Q1,T1,HELS,Fakultet for helse- og idrettsvitenskap (HELS),Fakultet,5330,Sensorhonorar & Timelønnede,5xxx Lønn,Sensorhonorar & Timelønnede - 2026-M02 (HELS),467850.64,EMP-115,EMP-135,True,OK,2026_UiA_Full_Oct
TX-20336,2026-02-27,2026-M02,Q1,T1,HELS,Fakultet for helse- og idrettsvitenskap (HELS),Fakultet,5330,Sensorhonorar & Timelønnede,5xxx Lønn,Sensorhonorar & Timelønnede - 2026-M02 (HELS),519400.45,EMP-115,EMP-135,True,OK,2026_UiA_Full_Oct
TX-20337,2026-03-09,2026-M03,Q1,T1,HELS,Fakultet for helse- og idrettsvitenskap (HELS),Fakultet,5330,Sensorhonorar & Timelønnede,5xxx Lønn,Sensorhonorar & Timelønnede - 2026-M03 (HELS),685537.35,EMP-115,EMP-135,True,OK,2026_UiA_Full_Oct
TX-20338,2026-03-18,2026-M03,Q1,T1,HELS,Fakultet for helse- og idrettsvitenskap (HELS),Fakultet,5330,Sensorhonorar & Timelønnede,5xxx Lønn,Sensorhonorar & Timelønnede - 2026-M03 (HELS),315441.01,EMP-115,EMP-135,True,OK,2026_UiA_Full_Oct
TX-20339,2026-03-27,2026-M03,Q1,T1,HELS,Fakultet for helse- og idrettsvitenskap (HELS),Fakultet,5330,Sensorhonorar & Timelønnede,5xxx Lønn,Sensorhonorar & Timelønnede - 2026-M03 (HELS),19971.64,EMP-115,EMP-135,True,OK,2026_UiA_Full_Oct
TX-20340,2026-04-09,2026-M04,Q2,T1,HELS,Fakultet for helse- og idrettsvitenskap (HELS),Fakultet,5330,Sensorhonorar & Timelønnede,5xxx Lønn,Sensorhonorar & Timelønnede - 2026-M04 (HELS),919901.46,EMP-115,EMP-135,True,OK,2026_UiA_Full_Oct
TX-20341,2026-04-18,2026-M04,Q2,T1,HELS,Fakultet for helse- og idrettsvitenskap (HELS),Fakultet,5330,Sensorhonorar & Timelønnede,5xxx Lønn,Sensorhonorar & Timelønnede - 2026-M04 (HELS),71741.55,EMP-115,EMP-135,True,OK,2026_UiA_Full_Oct
TX-20342,2026-04-27,2026-M04,Q2,T1,HELS,Fakultet for helse- og idrettsvitenskap (HELS),Fakultet,5330,Sensorhonorar & Timelønnede,5xxx Lønn,Sensorhonorar & Timelønnede - 2026-M04 (HELS),24967.1,EMP-115,EMP-135,True,OK,2026_UiA_Full_Oct
TX-20343,2026-05-09,2026-M05,Q2,T2,HELS,Fakultet for helse- og idrettsvitenskap (HELS),Fakultet,5330,Sensorhonorar & Timelønnede,5xxx Lønn,Sensorhonorar & Timelønnede - 2026-M05 (HELS),625895.87,EMP-115,EMP-135,True,OK,2026_UiA_Full_Oct
TX-20344,2026-05-18,2026-M05,Q2,T2,HELS,Fakultet for helse- og idrettsvitenskap (HELS),Fakultet,5330,Sensorhonorar & Timelønnede,5xxx Lønn,Sensorhonorar & Timelønnede - 2026-M05 (HELS),237904.58,EMP-115,EMP-135,True,OK,2026_UiA_Full_Oct
TX-20345,2026-05-27,2026-M05,Q2,T2,HELS,Fakultet for helse- og idrettsvitenskap (HELS),Fakultet,5330,Sensorhonorar & Timelønnede,5xxx Lønn,Sensorhonorar & Timelønnede - 2026-M05 (HELS),139623.69,EMP-115,EMP-135,True,OK,2026_UiA_Full_Oct
TX-20346,2026-06-09,2026-M06,Q2,T2,HELS,Fakultet for helse- og idrettsvitenskap (HELS),Fakultet,5330,Sensorhonorar & Timelønnede,5xxx Lønn,Sensorhonorar & Timelønnede - 2026-M06 (HELS),129379.43,EMP-115,EMP-135,True,OK,2026_UiA_Full_Oct
TX-20347,2026-06-18,2026-M06,Q2,T2,HELS,Fakultet for helse- og idrettsvitenskap (HELS),Fakultet,5330,Sensorhonorar & Timelønnede,5xxx Lønn,Sensorhonorar & Timelønnede - 2026-M06 (HELS),680350.61,EMP-115,EMP-135,True,OK,2026_UiA_Full_Oct
TX-20348,2026-06-27,2026-M06,Q2,T2,HELS,Fakultet for helse- og idrettsvitenskap (HELS),Fakultet,5330,Sensorhonorar & Timelønnede,5xxx Lønn,Sensorhonorar & Timelønnede - 2026-M06 (HELS),189703.46,EMP-115,EMP-135,True,OK,2026_UiA_Full_Oct
TX-20349,2026-07-09,2026-M07,Q3,T2,HELS,Fakultet for helse- og idrettsvitenskap (HELS),Fakultet,5330,Sensorhonorar & Timelønnede,5xxx Lønn,Sensorhonorar & Timelønnede - 2026-M07 (HELS),908641.17,EMP-115,EMP-135,True,OK,2026_UiA_Full_Oct
TX-20350,2026-07-18,2026-M07,Q3,T2,HELS,Fakultet for helse- og idrettsvitenskap (HELS),Fakultet,5330,Sensorhonorar & Timelønnede,5xxx Lønn,Sensorhonorar & Timelønnede - 2026-M07 (HELS),50413.74,EMP-115,EMP-135,True,OK,2026_UiA_Full_Oct
TX-20351,2026-07-27,2026-M07,Q3,T2,HELS,Fakultet for helse- og idrettsvitenskap (HELS),Fakultet,5330,Sensorhonorar & Timelønnede,5xxx Lønn,Sensorhonorar & Timelønnede - 2026-M07 (HELS),41133.78,EMP-115,EMP-135,True,OK,2026_UiA_Full_Oct
TX-20352,2026-08-09,2026-M08,Q3,T2,HELS,Fakultet for helse- og idrettsvitenskap (HELS),Fakultet,5330,Sensorhonorar & Timelønnede,5xxx Lønn,Sensorhonorar & Timelønnede - 2026-M08 (HELS),572118.7,EMP-115,EMP-135,True,OK,2026_UiA_Full_Oct
TX-20353,2026-08-18,2026-M08,Q3,T2,HELS,Fakultet for helse- og idrettsvitenskap (HELS),Fakultet,5330,Sensorhonorar & Timelønnede,5xxx Lønn,Sensorhonorar & Timelønnede - 2026-M08 (HELS),375315.72,EMP-115,EMP-135,True,OK,2026_UiA_Full_Oct
TX-20354,2026-08-27,2026-M08,Q3,T2,HELS,Fakultet for helse- og idrettsvitenskap (HELS),Fakultet,5330,Sensorhonorar & Timelønnede,5xxx Lønn,Sensorhonorar & Timelønnede - 2026-M08 (HELS),51246.21,EMP-115,EMP-135,True,OK,2026_UiA_Full_Oct
TX-20355,2026-09-09,2026-M09,Q3,T3,HELS,Fakultet for helse- og idrettsvitenskap (HELS),Fakultet,5330,Sensorhonorar & Timelønnede,5xxx Lønn,Sensorhonorar & Timelønnede - 2026-M09 (HELS),894188.46,EMP-115,EMP-135,True,OK,2026_UiA_Full_Oct
TX-20356,2026-09-18,2026-M09,Q3,T3,HELS,Fakultet for helse- og idrettsvitenskap (HELS),Fakultet,5330,Sensorhonorar & Timelønnede,5xxx Lønn,Sensorhonorar & Timelønnede - 2026-M09 (HELS),61327.16,EMP-115,EMP-135,True,OK,2026_UiA_Full_Oct
TX-20357,2026-09-27,2026-M09,Q3,T3,HELS,Fakultet for helse- og idrettsvitenskap (HELS),Fakultet,5330,Sensorhonorar & Timelønnede,5xxx Lønn,Sensorhonorar & Timelønnede - 2026-M09 (HELS),51461.8,EMP-115,EMP-135,True,OK,2026_UiA_Full_Oct
TX-20358,2026-10-09,2026-M10,Q4,T3,HELS,Fakultet for helse- og idrettsvitenskap (HELS),Fakultet,5330,Sensorhonorar & Timelønnede,5xxx Lønn,Sensorhonorar & Timelønnede - 2026-M10 (HELS),244235.94,EMP-115,EMP-135,True,OK,2026_UiA_Full_Oct
TX-20359,2026-10-18,2026-M10,Q4,T3,HELS,Fakultet for helse- og idrettsvitenskap (HELS),Fakultet,5330,Sensorhonorar & Timelønnede,5xxx Lønn,Sensorhonorar & Timelønnede - 2026-M10 (HELS),374007.22,EMP-115,EMP-135,True,OK,2026_UiA_Full_Oct
TX-20360,2026-10-27,2026-M10,Q4,T3,HELS,Fakultet for helse- og idrettsvitenskap (HELS),Fakultet,5330,Sensorhonorar & Timelønnede,5xxx Lønn,Sensorhonorar & Timelønnede - 2026-M10 (HELS),396805.01,EMP-115,EMP-135,True,OK,2026_UiA_Full_Oct
TX-20361,2026-01-09,2026-M01,Q1,T1,HELS,Fakultet for helse- og idrettsvitenskap (HELS),Fakultet,6000,Husleie & Eiendomsdrift,6xxx Drift,Husleie & Eiendomsdrift - 2026-M01 (HELS),236301.8,EMP-115,EMP-135,True,OK,2026_UiA_Full_Oct
TX-20362,2026-01-18,2026-M01,Q1,T1,HELS,Fakultet for helse- og idrettsvitenskap (HELS),Fakultet,6000,Husleie & Eiendomsdrift,6xxx Drift,Husleie & Eiendomsdrift - 2026-M01 (HELS),460918.54,EMP-115,EMP-135,True,OK,2026_UiA_Full_Oct
TX-20363,2026-01-27,2026-M01,Q1,T1,HELS,Fakultet for helse- og idrettsvitenskap (HELS),Fakultet,6000,Husleie & Eiendomsdrift,6xxx Drift,Husleie & Eiendomsdrift - 2026-M01 (HELS),1636615.57,EMP-115,EMP-135,True,OK,2026_UiA_Full_Oct
TX-20364,2026-02-09,2026-M02,Q1,T1,HELS,Fakultet for helse- og idrettsvitenskap (HELS),Fakultet,6000,Husleie & Eiendomsdrift,6xxx Drift,Husleie & Eiendomsdrift - 2026-M02 (HELS),812123.43,EMP-115,EMP-135,True,OK,2026_UiA_Full_Oct
TX-20365,2026-02-18,2026-M02,Q1,T1,HELS,Fakultet for helse- og idrettsvitenskap (HELS),Fakultet,6000,Husleie & Eiendomsdrift,6xxx Drift,Husleie & Eiendomsdrift - 2026-M02 (HELS),258950.24,EMP-115,EMP-135,True,OK,2026_UiA_Full_Oct
TX-20366,2026-02-27,2026-M02,Q1,T1,HELS,Fakultet for helse- og idrettsvitenskap (HELS),Fakultet,6000,Husleie & Eiendomsdrift,6xxx Drift,Husleie & Eiendomsdrift - 2026-M02 (HELS),1271641.11,EMP-115,EMP-135,True,OK,2026_UiA_Full_Oct
TX-20367,2026-03-09,2026-M03,Q1,T1,HELS,Fakultet for helse- og idrettsvitenskap (HELS),Fakultet,6000,Husleie & Eiendomsdrift,6xxx Drift,Husleie & Eiendomsdrift - 2026-M03 (HELS),648173.84,EMP-115,EMP-135,True,OK,2026_UiA_Full_Oct
TX-20368,2026-03-18,2026-M03,Q1,T1,HELS,Fakultet for helse- og idrettsvitenskap (HELS),Fakultet,6000,Husleie & Eiendomsdrift,6xxx Drift,Husleie & Eiendomsdrift - 2026-M03 (HELS),239313.8,EMP-115,EMP-135,True,OK,2026_UiA_Full_Oct
TX-20369,2026-03-27,2026-M03,Q1,T1,HELS,Fakultet for helse- og idrettsvitenskap (HELS),Fakultet,6000,Husleie & Eiendomsdrift,6xxx Drift,Husleie & Eiendomsdrift - 2026-M03 (HELS),1486615.13,EMP-115,EMP-135,True,OK,2026_UiA_Full_Oct
TX-20370,2026-04-09,2026-M04,Q2,T1,HELS,Fakultet for helse- og idrettsvitenskap (HELS),Fakultet,6000,Husleie & Eiendomsdrift,6xxx Drift,Husleie & Eiendomsdrift - 2026-M04 (HELS),1058844.25,EMP-115,EMP-135,True,OK,2026_UiA_Full_Oct
TX-20371,2026-04-18,2026-M04,Q2,T1,HELS,Fakultet for helse- og idrettsvitenskap (HELS),Fakultet,6000,Husleie & Eiendomsdrift,6xxx Drift,Husleie & Eiendomsdrift - 2026-M04 (HELS),918868.03,EMP-115,EMP-135,True,OK,2026_UiA_Full_Oct
TX-20372,2026-04-27,2026-M04,Q2,T1,HELS,Fakultet for helse- og idrettsvitenskap (HELS),Fakultet,6000,Husleie & Eiendomsdrift,6xxx Drift,Husleie & Eiendomsdrift - 2026-M04 (HELS),368171.15,EMP-115,EMP-135,True,OK,2026_UiA_Full_Oct
TX-20373,2026-05-09,2026-M05,Q2,T2,HELS,Fakultet for helse- og idrettsvitenskap (HELS),Fakultet,6000,Husleie & Eiendomsdrift,6xxx Drift,Husleie & Eiendomsdrift - 2026-M05 (HELS),103980.79,EMP-115,EMP-135,True,OK,2026_UiA_Full_Oct
TX-20374,2026-05-18,2026-M05,Q2,T2,HELS,Fakultet for helse- og idrettsvitenskap (HELS),Fakultet,6000,Husleie & Eiendomsdrift,6xxx Drift,Husleie & Eiendomsdrift - 2026-M05 (HELS),153210.28,EMP-115,EMP-135,True,OK,2026_UiA_Full_Oct
TX-20375,2026-05-27,2026-M05,Q2,T2,HELS,Fakultet for helse- og idrettsvitenskap (HELS),Fakultet,6000,Husleie & Eiendomsdrift,6xxx Drift,Husleie & Eiendomsdrift - 2026-M05 (HELS),2116689.55,EMP-115,EMP-135,True,OK,2026_UiA_Full_Oct
TX-20376,2026-06-09,2026-M06,Q2,T2,HELS,Fakultet for helse- og idrettsvitenskap (HELS),Fakultet,6000,Husleie & Eiendomsdrift,6xxx Drift,Husleie & Eiendomsdrift - 2026-M06 (HELS),884516.69,EMP-115,EMP-135,True,OK,2026_UiA_Full_Oct
TX-20377,2026-06-18,2026-M06,Q2,T2,HELS,Fakultet for helse- og idrettsvitenskap (HELS),Fakultet,6000,Husleie & Eiendomsdrift,6xxx Drift,Husleie & Eiendomsdrift - 2026-M06 (HELS),867229.98,EMP-115,EMP-135,True,OK,2026_UiA_Full_Oct
TX-20378,2026-06-27,2026-M06,Q2,T2,HELS,Fakultet for helse- og idrettsvitenskap (HELS),Fakultet,6000,Husleie & Eiendomsdrift,6xxx Drift,Husleie & Eiendomsdrift - 2026-M06 (HELS),596372.25,EMP-115,EMP-135,True,OK,2026_UiA_Full_Oct
TX-20379,2026-07-09,2026-M07,Q3,T2,HELS,Fakultet for helse- og idrettsvitenskap (HELS),Fakultet,6000,Husleie & Eiendomsdrift,6xxx Drift,Husleie & Eiendomsdrift - 2026-M07 (HELS),1628665.48,EMP-115,EMP-135,True,OK,2026_UiA_Full_Oct
TX-20380,2026-07-18,2026-M07,Q3,T2,HELS,Fakultet for helse- og idrettsvitenskap (HELS),Fakultet,6000,Husleie & Eiendomsdrift,6xxx Drift,Husleie & Eiendomsdrift - 2026-M07 (HELS),64568.08,EMP-115,EMP-135,True,OK,2026_UiA_Full_Oct
TX-20381,2026-07-27,2026-M07,Q3,T2,HELS,Fakultet for helse- og idrettsvitenskap (HELS),Fakultet,6000,Husleie & Eiendomsdrift,6xxx Drift,Husleie & Eiendomsdrift - 2026-M07 (HELS),676113.99,EMP-115,EMP-135,True,OK,2026_UiA_Full_Oct
TX-20382,2026-08-09,2026-M08,Q3,T2,HELS,Fakultet for helse- og idrettsvitenskap (HELS),Fakultet,6000,Husleie & Eiendomsdrift,6xxx Drift,Husleie & Eiendomsdrift - 2026-M08 (HELS),1560841.36,EMP-115,EMP-135,True,OK,2026_UiA_Full_Oct
TX-20383,2026-08-18,2026-M08,Q3,T2,HELS,Fakultet for helse- og idrettsvitenskap (HELS),Fakultet,6000,Husleie & Eiendomsdrift,6xxx Drift,Husleie & Eiendomsdrift - 2026-M08 (HELS),314009.83,EMP-115,EMP-135,True,OK,2026_UiA_Full_Oct
TX-20384,2026-08-27,2026-M08,Q3,T2,HELS,Fakultet for helse- og idrettsvitenskap (HELS),Fakultet,6000,Husleie & Eiendomsdrift,6xxx Drift,Husleie & Eiendomsdrift - 2026-M08 (HELS),468114.64,EMP-115,EMP-135,True,OK,2026_UiA_Full_Oct
TX-20385,2026-09-09,2026-M09,Q3,T3,HELS,Fakultet for helse- og idrettsvitenskap (HELS),Fakultet,6000,Husleie & Eiendomsdrift,6xxx Drift,Husleie & Eiendomsdrift - 2026-M09 (HELS),791350.0,EMP-115,EMP-135,True,OK,2026_UiA_Full_Oct
TX-20386,2026-09-18,2026-M09,Q3,T3,HELS,Fakultet for helse- og idrettsvitenskap (HELS),Fakultet,6000,Husleie & Eiendomsdrift,6xxx Drift,Husleie & Eiendomsdrift - 2026-M09 (HELS),1301992.53,EMP-115,EMP-135,True,OK,2026_UiA_Full_Oct
TX-20387,2026-09-27,2026-M09,Q3,T3,HELS,Fakultet for helse- og idrettsvitenskap (HELS),Fakultet,6000,Husleie & Eiendomsdrift,6xxx Drift,Husleie & Eiendomsdrift - 2026-M09 (HELS),288825.08,EMP-115,EMP-135,True,OK,2026_UiA_Full_Oct
TX-20388,2026-10-09,2026-M10,Q4,T3,HELS,Fakultet for helse- og idrettsvitenskap (HELS),Fakultet,6000,Husleie & Eiendomsdrift,6xxx Drift,Husleie & Eiendomsdrift - 2026-M10 (HELS),607372.27,EMP-115,EMP-135,True,OK,2026_UiA_Full_Oct
TX-20389,2026-10-18,2026-M10,Q4,T3,HELS,Fakultet for helse- og idrettsvitenskap (HELS),Fakultet,6000,Husleie & Eiendomsdrift,6xxx Drift,Husleie & Eiendomsdrift - 2026-M10 (HELS),993245.29,EMP-115,EMP-135,True,OK,2026_UiA_Full_Oct
TX-20390,2026-10-27,2026-M10,Q4,T3,HELS,Fakultet for helse- og idrettsvitenskap (HELS),Fakultet,6000,Husleie & Eiendomsdrift,6xxx Drift,Husleie & Eiendomsdrift - 2026-M10 (HELS),738272.27,EMP-115,EMP-135,True,OK,2026_UiA_Full_Oct
TX-20391,2026-01-09,2026-M01,Q1,T1,HELS,Fakultet for helse- og idrettsvitenskap (HELS),Fakultet,6800,"IKT, Rekvisita & Utstyr",6xxx Drift,"IKT, Rekvisita & Utstyr - 2026-M01 (HELS)",751.59,EMP-115,EMP-135,False,BRUDD: Mangler kvittering (>100 NOK),2026_UiA_Full_Oct
TX-20392,2026-01-18,2026-M01,Q1,T1,HELS,Fakultet for helse- og idrettsvitenskap (HELS),Fakultet,6800,"IKT, Rekvisita & Utstyr",6xxx Drift,"IKT, Rekvisita & Utstyr - 2026-M01 (HELS)",1183064.3,EMP-115,EMP-135,True,OK,2026_UiA_Full_Oct
TX-20393,2026-01-27,2026-M01,Q1,T1,HELS,Fakultet for helse- og idrettsvitenskap (HELS),Fakultet,6800,"IKT, Rekvisita & Utstyr",6xxx Drift,"IKT, Rekvisita & Utstyr - 2026-M01 (HELS)",145847.09,EMP-115,EMP-135,True,OK,2026_UiA_Full_Oct
TX-20394,2026-02-09,2026-M02,Q1,T1,HELS,Fakultet for helse- og idrettsvitenskap (HELS),Fakultet,6800,"IKT, Rekvisita & Utstyr",6xxx Drift,"IKT, Rekvisita & Utstyr - 2026-M02 (HELS)",298432.9,EMP-115,EMP-135,True,OK,2026_UiA_Full_Oct
TX-20395,2026-02-18,2026-M02,Q1,T1,HELS,Fakultet for helse- og idrettsvitenskap (HELS),Fakultet,6800,"IKT, Rekvisita & Utstyr",6xxx Drift,"IKT, Rekvisita & Utstyr - 2026-M02 (HELS)",496358.55,EMP-115,EMP-135,True,OK,2026_UiA_Full_Oct
TX-20396,2026-02-27,2026-M02,Q1,T1,HELS,Fakultet for helse- og idrettsvitenskap (HELS),Fakultet,6800,"IKT, Rekvisita & Utstyr",6xxx Drift,"IKT, Rekvisita & Utstyr - 2026-M02 (HELS)",553848.1,EMP-115,EMP-135,True,OK,2026_UiA_Full_Oct
TX-20397,2026-03-09,2026-M03,Q1,T1,HELS,Fakultet for helse- og idrettsvitenskap (HELS),Fakultet,6800,"IKT, Rekvisita & Utstyr",6xxx Drift,"IKT, Rekvisita & Utstyr - 2026-M03 (HELS)",525742.47,EMP-115,EMP-135,True,OK,2026_UiA_Full_Oct
TX-20398,2026-03-18,2026-M03,Q1,T1,HELS,Fakultet for helse- og idrettsvitenskap (HELS),Fakultet,6800,"IKT, Rekvisita & Utstyr",6xxx Drift,"IKT, Rekvisita & Utstyr - 2026-M03 (HELS)",454647.61,EMP-115,EMP-135,True,OK,2026_UiA_Full_Oct
TX-20399,2026-03-27,2026-M03,Q1,T1,HELS,Fakultet for helse- og idrettsvitenskap (HELS),Fakultet,6800,"IKT, Rekvisita & Utstyr",6xxx Drift,"IKT, Rekvisita & Utstyr - 2026-M03 (HELS)",344874.73,EMP-115,EMP-135,True,OK,2026_UiA_Full_Oct
TX-20400,2026-04-09,2026-M04,Q2,T1,HELS,Fakultet for helse- og idrettsvitenskap (HELS),Fakultet,6800,"IKT, Rekvisita & Utstyr",6xxx Drift,"IKT, Rekvisita & Utstyr - 2026-M04 (HELS)",493983.06,EMP-115,EMP-135,True,OK,2026_UiA_Full_Oct
TX-20401,2026-04-18,2026-M04,Q2,T1,HELS,Fakultet for helse- og idrettsvitenskap (HELS),Fakultet,6800,"IKT, Rekvisita & Utstyr",6xxx Drift,"IKT, Rekvisita & Utstyr - 2026-M04 (HELS)",581183.32,EMP-115,EMP-135,True,OK,2026_UiA_Full_Oct
TX-20402,2026-04-27,2026-M04,Q2,T1,HELS,Fakultet for helse- og idrettsvitenskap (HELS),Fakultet,6800,"IKT, Rekvisita & Utstyr",6xxx Drift,"IKT, Rekvisita & Utstyr - 2026-M04 (HELS)",248189.7,EMP-115,EMP-135,True,OK,2026_UiA_Full_Oct
TX-20403,2026-05-09,2026-M05,Q2,T2,HELS,Fakultet for helse- og idrettsvitenskap (HELS),Fakultet,6800,"IKT, Rekvisita & Utstyr",6xxx Drift,"IKT, Rekvisita & Utstyr - 2026-M05 (HELS)",146009.68,EMP-115,EMP-135,True,OK,2026_UiA_Full_Oct
TX-20404,2026-05-18,2026-M05,Q2,T2,HELS,Fakultet for helse- og idrettsvitenskap (HELS),Fakultet,6800,"IKT, Rekvisita & Utstyr",6xxx Drift,"IKT, Rekvisita & Utstyr - 2026-M05 (HELS)",202898.94,EMP-115,EMP-135,True,OK,2026_UiA_Full_Oct
TX-20405,2026-05-27,2026-M05,Q2,T2,HELS,Fakultet for helse- og idrettsvitenskap (HELS),Fakultet,6800,"IKT, Rekvisita & Utstyr",6xxx Drift,"IKT, Rekvisita & Utstyr - 2026-M05 (HELS)",994667.45,EMP-115,EMP-135,True,OK,2026_UiA_Full_Oct
TX-20406,2026-06-09,2026-M06,Q2,T2,HELS,Fakultet for helse- og idrettsvitenskap (HELS),Fakultet,6800,"IKT, Rekvisita & Utstyr",6xxx Drift,"IKT, Rekvisita & Utstyr - 2026-M06 (HELS)",1118742.36,EMP-115,EMP-135,True,OK,2026_UiA_Full_Oct
TX-20407,2026-06-18,2026-M06,Q2,T2,HELS,Fakultet for helse- og idrettsvitenskap (HELS),Fakultet,6800,"IKT, Rekvisita & Utstyr",6xxx Drift,"IKT, Rekvisita & Utstyr - 2026-M06 (HELS)",185013.99,EMP-115,EMP-135,True,OK,2026_UiA_Full_Oct
TX-20408,2026-06-27,2026-M06,Q2,T2,HELS,Fakultet for helse- og idrettsvitenskap (HELS),Fakultet,6800,"IKT, Rekvisita & Utstyr",6xxx Drift,"IKT, Rekvisita & Utstyr - 2026-M06 (HELS)",57163.06,EMP-115,EMP-135,True,OK,2026_UiA_Full_Oct
TX-20409,2026-07-09,2026-M07,Q3,T2,HELS,Fakultet for helse- og idrettsvitenskap (HELS),Fakultet,6800,"IKT, Rekvisita & Utstyr",6xxx Drift,"IKT, Rekvisita & Utstyr - 2026-M07 (HELS)",855600.97,EMP-115,EMP-135,True,OK,2026_UiA_Full_Oct
TX-20410,2026-07-18,2026-M07,Q3,T2,HELS,Fakultet for helse- og idrettsvitenskap (HELS),Fakultet,6800,"IKT, Rekvisita & Utstyr",6xxx Drift,"IKT, Rekvisita & Utstyr - 2026-M07 (HELS)",223772.11,EMP-115,EMP-135,True,OK,2026_UiA_Full_Oct
TX-20411,2026-07-27,2026-M07,Q3,T2,HELS,Fakultet for helse- og idrettsvitenskap (HELS),Fakultet,6800,"IKT, Rekvisita & Utstyr",6xxx Drift,"IKT, Rekvisita & Utstyr - 2026-M07 (HELS)",263586.67,EMP-115,EMP-135,True,OK,2026_UiA_Full_Oct
TX-20412,2026-08-09,2026-M08,Q3,T2,HELS,Fakultet for helse- og idrettsvitenskap (HELS),Fakultet,6800,"IKT, Rekvisita & Utstyr",6xxx Drift,"IKT, Rekvisita & Utstyr - 2026-M08 (HELS)",516060.11,EMP-115,EMP-135,True,OK,2026_UiA_Full_Oct
TX-20413,2026-08-18,2026-M08,Q3,T2,HELS,Fakultet for helse- og idrettsvitenskap (HELS),Fakultet,6800,"IKT, Rekvisita & Utstyr",6xxx Drift,"IKT, Rekvisita & Utstyr - 2026-M08 (HELS)",151464.91,EMP-115,EMP-135,True,OK,2026_UiA_Full_Oct
TX-20414,2026-08-27,2026-M08,Q3,T2,HELS,Fakultet for helse- og idrettsvitenskap (HELS),Fakultet,6800,"IKT, Rekvisita & Utstyr",6xxx Drift,"IKT, Rekvisita & Utstyr - 2026-M08 (HELS)",669379.92,EMP-115,EMP-135,True,OK,2026_UiA_Full_Oct
TX-20415,2026-09-09,2026-M09,Q3,T3,HELS,Fakultet for helse- og idrettsvitenskap (HELS),Fakultet,6800,"IKT, Rekvisita & Utstyr",6xxx Drift,"IKT, Rekvisita & Utstyr - 2026-M09 (HELS)",409746.13,EMP-115,EMP-135,True,OK,2026_UiA_Full_Oct
TX-20416,2026-09-18,2026-M09,Q3,T3,HELS,Fakultet for helse- og idrettsvitenskap (HELS),Fakultet,6800,"IKT, Rekvisita & Utstyr",6xxx Drift,"IKT, Rekvisita & Utstyr - 2026-M09 (HELS)",177094.83,EMP-115,EMP-135,True,OK,2026_UiA_Full_Oct
TX-20417,2026-09-27,2026-M09,Q3,T3,HELS,Fakultet for helse- og idrettsvitenskap (HELS),Fakultet,6800,"IKT, Rekvisita & Utstyr",6xxx Drift,"IKT, Rekvisita & Utstyr - 2026-M09 (HELS)",753845.58,EMP-115,EMP-135,True,OK,2026_UiA_Full_Oct
TX-20418,2026-10-09,2026-M10,Q4,T3,HELS,Fakultet for helse- og idrettsvitenskap (HELS),Fakultet,6800,"IKT, Rekvisita & Utstyr",6xxx Drift,"IKT, Rekvisita & Utstyr - 2026-M10 (HELS)",788768.57,EMP-115,EMP-135,True,OK,2026_UiA_Full_Oct
TX-20419,2026-10-18,2026-M10,Q4,T3,HELS,Fakultet for helse- og idrettsvitenskap (HELS),Fakultet,6800,"IKT, Rekvisita & Utstyr",6xxx Drift,"IKT, Rekvisita & Utstyr - 2026-M10 (HELS)",186097.92,EMP-115,EMP-135,True,OK,2026_UiA_Full_Oct
TX-20420,2026-10-27,2026-M10,Q4,T3,HELS,Fakultet for helse- og idrettsvitenskap (HELS),Fakultet,6800,"IKT, Rekvisita & Utstyr",6xxx Drift,"IKT, Rekvisita & Utstyr - 2026-M10 (HELS)",376463.68,EMP-115,EMP-135,True,OK,2026_UiA_Full_Oct
TX-20421,2026-01-09,2026-M01,Q1,T1,HELS,Fakultet for helse- og idrettsvitenskap (HELS),Fakultet,7100,Reise & Representasjon,7xxx Reiser,Reise & Representasjon - 2026-M01 (HELS),30657.5,EMP-115,EMP-135,True,OK,2026_UiA_Full_Oct
TX-20422,2026-01-18,2026-M01,Q1,T1,HELS,Fakultet for helse- og idrettsvitenskap (HELS),Fakultet,7100,Reise & Representasjon,7xxx Reiser,Reise & Representasjon - 2026-M01 (HELS),133958.56,EMP-115,EMP-135,True,OK,2026_UiA_Full_Oct
TX-20423,2026-01-27,2026-M01,Q1,T1,HELS,Fakultet for helse- og idrettsvitenskap (HELS),Fakultet,7100,Reise & Representasjon,7xxx Reiser,Reise & Representasjon - 2026-M01 (HELS),681230.61,EMP-115,EMP-135,True,OK,2026_UiA_Full_Oct
TX-20424,2026-02-09,2026-M02,Q1,T1,HELS,Fakultet for helse- og idrettsvitenskap (HELS),Fakultet,7100,Reise & Representasjon,7xxx Reiser,Reise & Representasjon - 2026-M02 (HELS),131742.5,EMP-115,EMP-135,True,OK,2026_UiA_Full_Oct
TX-20425,2026-02-18,2026-M02,Q1,T1,HELS,Fakultet for helse- og idrettsvitenskap (HELS),Fakultet,7100,Reise & Representasjon,7xxx Reiser,Reise & Representasjon - 2026-M02 (HELS),140494.19,EMP-115,EMP-135,True,OK,2026_UiA_Full_Oct
TX-20426,2026-02-27,2026-M02,Q1,T1,HELS,Fakultet for helse- og idrettsvitenskap (HELS),Fakultet,7100,Reise & Representasjon,7xxx Reiser,Reise & Representasjon - 2026-M02 (HELS),576189.47,EMP-115,EMP-135,True,OK,2026_UiA_Full_Oct
TX-20427,2026-03-09,2026-M03,Q1,T1,HELS,Fakultet for helse- og idrettsvitenskap (HELS),Fakultet,7100,Reise & Representasjon,7xxx Reiser,Reise & Representasjon - 2026-M03 (HELS),419836.5,EMP-115,EMP-135,True,OK,2026_UiA_Full_Oct
TX-20428,2026-03-18,2026-M03,Q1,T1,HELS,Fakultet for helse- og idrettsvitenskap (HELS),Fakultet,7100,Reise & Representasjon,7xxx Reiser,Reise & Representasjon - 2026-M03 (HELS),385337.78,EMP-115,EMP-135,True,OK,2026_UiA_Full_Oct
TX-20429,2026-03-27,2026-M03,Q1,T1,HELS,Fakultet for helse- og idrettsvitenskap (HELS),Fakultet,7100,Reise & Representasjon,7xxx Reiser,Reise & Representasjon - 2026-M03 (HELS),23750.15,EMP-115,EMP-135,True,OK,2026_UiA_Full_Oct
TX-20430,2026-04-09,2026-M04,Q2,T1,HELS,Fakultet for helse- og idrettsvitenskap (HELS),Fakultet,7100,Reise & Representasjon,7xxx Reiser,Reise & Representasjon - 2026-M04 (HELS),167220.11,EMP-115,EMP-135,True,OK,2026_UiA_Full_Oct
TX-20431,2026-04-18,2026-M04,Q2,T1,HELS,Fakultet for helse- og idrettsvitenskap (HELS),Fakultet,7100,Reise & Representasjon,7xxx Reiser,Reise & Representasjon - 2026-M04 (HELS),530801.48,EMP-115,EMP-135,True,OK,2026_UiA_Full_Oct
TX-20432,2026-04-27,2026-M04,Q2,T1,HELS,Fakultet for helse- og idrettsvitenskap (HELS),Fakultet,7100,Reise & Representasjon,7xxx Reiser,Reise & Representasjon - 2026-M04 (HELS),136261.95,EMP-115,EMP-115,True,BRUDD: Egengodkjent (BDM == Attestant),2026_UiA_Full_Oct
TX-20433,2026-05-09,2026-M05,Q2,T2,HELS,Fakultet for helse- og idrettsvitenskap (HELS),Fakultet,7100,Reise & Representasjon,7xxx Reiser,Reise & Representasjon - 2026-M05 (HELS),298678.37,EMP-115,EMP-135,True,OK,2026_UiA_Full_Oct
TX-20434,2026-05-18,2026-M05,Q2,T2,HELS,Fakultet for helse- og idrettsvitenskap (HELS),Fakultet,7100,Reise & Representasjon,7xxx Reiser,Reise & Representasjon - 2026-M05 (HELS),212486.48,EMP-115,EMP-135,True,OK,2026_UiA_Full_Oct
TX-20435,2026-05-27,2026-M05,Q2,T2,HELS,Fakultet for helse- og idrettsvitenskap (HELS),Fakultet,7100,Reise & Representasjon,7xxx Reiser,Reise & Representasjon - 2026-M05 (HELS),336705.01,EMP-115,EMP-135,True,OK,2026_UiA_Full_Oct
TX-20436,2026-06-09,2026-M06,Q2,T2,HELS,Fakultet for helse- og idrettsvitenskap (HELS),Fakultet,7100,Reise & Representasjon,7xxx Reiser,Reise & Representasjon - 2026-M06 (HELS),11671.85,EMP-115,EMP-135,True,OK,2026_UiA_Full_Oct
TX-20437,2026-06-18,2026-M06,Q2,T2,HELS,Fakultet for helse- og idrettsvitenskap (HELS),Fakultet,7100,Reise & Representasjon,7xxx Reiser,Reise & Representasjon - 2026-M06 (HELS),519424.08,EMP-115,EMP-115,True,BRUDD: Egengodkjent (BDM == Attestant),2026_UiA_Full_Oct
TX-20438,2026-06-27,2026-M06,Q2,T2,HELS,Fakultet for helse- og idrettsvitenskap (HELS),Fakultet,7100,Reise & Representasjon,7xxx Reiser,Reise & Representasjon - 2026-M06 (HELS),296982.84,EMP-115,EMP-135,True,OK,2026_UiA_Full_Oct
TX-20439,2026-07-09,2026-M07,Q3,T2,HELS,Fakultet for helse- og idrettsvitenskap (HELS),Fakultet,7100,Reise & Representasjon,7xxx Reiser,Reise & Representasjon - 2026-M07 (HELS),411087.53,EMP-115,EMP-135,False,BRUDD: Mangler kvittering (>100 NOK),2026_UiA_Full_Oct
TX-20440,2026-07-18,2026-M07,Q3,T2,HELS,Fakultet for helse- og idrettsvitenskap (HELS),Fakultet,7100,Reise & Representasjon,7xxx Reiser,Reise & Representasjon - 2026-M07 (HELS),378602.99,EMP-115,EMP-135,True,OK,2026_UiA_Full_Oct
TX-20441,2026-07-27,2026-M07,Q3,T2,HELS,Fakultet for helse- og idrettsvitenskap (HELS),Fakultet,7100,Reise & Representasjon,7xxx Reiser,Reise & Representasjon - 2026-M07 (HELS),47006.53,EMP-115,EMP-135,True,OK,2026_UiA_Full_Oct
TX-20442,2026-08-09,2026-M08,Q3,T2,HELS,Fakultet for helse- og idrettsvitenskap (HELS),Fakultet,7100,Reise & Representasjon,7xxx Reiser,Reise & Representasjon - 2026-M08 (HELS),122387.36,EMP-115,EMP-135,True,OK,2026_UiA_Full_Oct
TX-20443,2026-08-18,2026-M08,Q3,T2,HELS,Fakultet for helse- og idrettsvitenskap (HELS),Fakultet,7100,Reise & Representasjon,7xxx Reiser,Reise & Representasjon - 2026-M08 (HELS),478585.85,EMP-115,EMP-135,True,OK,2026_UiA_Full_Oct
TX-20444,2026-08-27,2026-M08,Q3,T2,HELS,Fakultet for helse- og idrettsvitenskap (HELS),Fakultet,7100,Reise & Representasjon,7xxx Reiser,Reise & Representasjon - 2026-M08 (HELS),248061.16,EMP-115,EMP-135,True,OK,2026_UiA_Full_Oct
TX-20445,2026-09-09,2026-M09,Q3,T3,HELS,Fakultet for helse- og idrettsvitenskap (HELS),Fakultet,7100,Reise & Representasjon,7xxx Reiser,Reise & Representasjon - 2026-M09 (HELS),50061.78,EMP-115,EMP-135,True,OK,2026_UiA_Full_Oct
TX-20446,2026-09-18,2026-M09,Q3,T3,HELS,Fakultet for helse- og idrettsvitenskap (HELS),Fakultet,7100,Reise & Representasjon,7xxx Reiser,Reise & Representasjon - 2026-M09 (HELS),331248.78,EMP-115,EMP-135,True,OK,2026_UiA_Full_Oct
TX-20447,2026-09-27,2026-M09,Q3,T3,HELS,Fakultet for helse- og idrettsvitenskap (HELS),Fakultet,7100,Reise & Representasjon,7xxx Reiser,Reise & Representasjon - 2026-M09 (HELS),465604.75,EMP-115,EMP-135,True,OK,2026_UiA_Full_Oct
TX-20448,2026-10-09,2026-M10,Q4,T3,HELS,Fakultet for helse- og idrettsvitenskap (HELS),Fakultet,7100,Reise & Representasjon,7xxx Reiser,Reise & Representasjon - 2026-M10 (HELS),509926.3,EMP-115,EMP-135,True,OK,2026_UiA_Full_Oct
TX-20449,2026-10-18,2026-M10,Q4,T3,HELS,Fakultet for helse- og idrettsvitenskap (HELS),Fakultet,7100,Reise & Representasjon,7xxx Reiser,Reise & Representasjon - 2026-M10 (HELS),28103.54,EMP-115,EMP-135,True,OK,2026_UiA_Full_Oct
TX-20450,2026-10-27,2026-M10,Q4,T3,HELS,Fakultet for helse- og idrettsvitenskap (HELS),Fakultet,7100,Reise & Representasjon,7xxx Reiser,Reise & Representasjon - 2026-M10 (HELS),306275.06,EMP-115,EMP-135,True,OK,2026_UiA_Full_Oct
TX-20451,2026-01-09,2026-M01,Q1,T1,HELS,Fakultet for helse- og idrettsvitenskap (HELS),Fakultet,7800,Andre Driftskostnader & Konsulenter,7xxx Reiser,Andre Driftskostnader & Konsulenter - 2026-M01 (HELS),436728.29,EMP-115,EMP-135,True,OK,2026_UiA_Full_Oct
TX-20452,2026-01-18,2026-M01,Q1,T1,HELS,Fakultet for helse- og idrettsvitenskap (HELS),Fakultet,7800,Andre Driftskostnader & Konsulenter,7xxx Reiser,Andre Driftskostnader & Konsulenter - 2026-M01 (HELS),20169.66,EMP-115,EMP-135,True,OK,2026_UiA_Full_Oct
TX-20453,2026-01-27,2026-M01,Q1,T1,HELS,Fakultet for helse- og idrettsvitenskap (HELS),Fakultet,7800,Andre Driftskostnader & Konsulenter,7xxx Reiser,Andre Driftskostnader & Konsulenter - 2026-M01 (HELS),52396.79,EMP-115,EMP-135,True,OK,2026_UiA_Full_Oct
TX-20454,2026-02-09,2026-M02,Q1,T1,HELS,Fakultet for helse- og idrettsvitenskap (HELS),Fakultet,7800,Andre Driftskostnader & Konsulenter,7xxx Reiser,Andre Driftskostnader & Konsulenter - 2026-M02 (HELS),76610.2,EMP-115,EMP-135,True,OK,2026_UiA_Full_Oct
TX-20455,2026-02-18,2026-M02,Q1,T1,HELS,Fakultet for helse- og idrettsvitenskap (HELS),Fakultet,7800,Andre Driftskostnader & Konsulenter,7xxx Reiser,Andre Driftskostnader & Konsulenter - 2026-M02 (HELS),361085.55,EMP-115,EMP-135,True,OK,2026_UiA_Full_Oct
TX-20456,2026-02-27,2026-M02,Q1,T1,HELS,Fakultet for helse- og idrettsvitenskap (HELS),Fakultet,7800,Andre Driftskostnader & Konsulenter,7xxx Reiser,Andre Driftskostnader & Konsulenter - 2026-M02 (HELS),66855.26,EMP-115,EMP-135,True,OK,2026_UiA_Full_Oct
TX-20457,2026-03-09,2026-M03,Q1,T1,HELS,Fakultet for helse- og idrettsvitenskap (HELS),Fakultet,7800,Andre Driftskostnader & Konsulenter,7xxx Reiser,Andre Driftskostnader & Konsulenter - 2026-M03 (HELS),56381.36,EMP-115,EMP-135,True,OK,2026_UiA_Full_Oct
TX-20458,2026-03-18,2026-M03,Q1,T1,HELS,Fakultet for helse- og idrettsvitenskap (HELS),Fakultet,7800,Andre Driftskostnader & Konsulenter,7xxx Reiser,Andre Driftskostnader & Konsulenter - 2026-M03 (HELS),347849.11,EMP-115,EMP-135,True,OK,2026_UiA_Full_Oct
TX-20459,2026-03-27,2026-M03,Q1,T1,HELS,Fakultet for helse- og idrettsvitenskap (HELS),Fakultet,7800,Andre Driftskostnader & Konsulenter,7xxx Reiser,Andre Driftskostnader & Konsulenter - 2026-M03 (HELS),94158.16,EMP-115,EMP-135,True,OK,2026_UiA_Full_Oct
TX-20460,2026-04-09,2026-M04,Q2,T1,HELS,Fakultet for helse- og idrettsvitenskap (HELS),Fakultet,7800,Andre Driftskostnader & Konsulenter,7xxx Reiser,Andre Driftskostnader & Konsulenter - 2026-M04 (HELS),245071.01,EMP-115,EMP-135,True,OK,2026_UiA_Full_Oct
TX-20461,2026-04-18,2026-M04,Q2,T1,HELS,Fakultet for helse- og idrettsvitenskap (HELS),Fakultet,7800,Andre Driftskostnader & Konsulenter,7xxx Reiser,Andre Driftskostnader & Konsulenter - 2026-M04 (HELS),208432.58,EMP-115,EMP-135,True,OK,2026_UiA_Full_Oct
TX-20462,2026-04-27,2026-M04,Q2,T1,HELS,Fakultet for helse- og idrettsvitenskap (HELS),Fakultet,7800,Andre Driftskostnader & Konsulenter,7xxx Reiser,Andre Driftskostnader & Konsulenter - 2026-M04 (HELS),56066.28,EMP-115,EMP-135,True,OK,2026_UiA_Full_Oct
TX-20463,2026-05-09,2026-M05,Q2,T2,HELS,Fakultet for helse- og idrettsvitenskap (HELS),Fakultet,7800,Andre Driftskostnader & Konsulenter,7xxx Reiser,Andre Driftskostnader & Konsulenter - 2026-M05 (HELS),42828.0,EMP-115,EMP-135,True,OK,2026_UiA_Full_Oct
TX-20464,2026-05-18,2026-M05,Q2,T2,HELS,Fakultet for helse- og idrettsvitenskap (HELS),Fakultet,7800,Andre Driftskostnader & Konsulenter,7xxx Reiser,Andre Driftskostnader & Konsulenter - 2026-M05 (HELS),294678.34,EMP-115,EMP-135,True,OK,2026_UiA_Full_Oct
TX-20465,2026-05-27,2026-M05,Q2,T2,HELS,Fakultet for helse- og idrettsvitenskap (HELS),Fakultet,7800,Andre Driftskostnader & Konsulenter,7xxx Reiser,Andre Driftskostnader & Konsulenter - 2026-M05 (HELS),165932.35,EMP-115,EMP-135,True,OK,2026_UiA_Full_Oct
TX-20466,2026-06-09,2026-M06,Q2,T2,HELS,Fakultet for helse- og idrettsvitenskap (HELS),Fakultet,7800,Andre Driftskostnader & Konsulenter,7xxx Reiser,Andre Driftskostnader & Konsulenter - 2026-M06 (HELS),433023.22,EMP-115,EMP-135,True,OK,2026_UiA_Full_Oct
TX-20467,2026-06-18,2026-M06,Q2,T2,HELS,Fakultet for helse- og idrettsvitenskap (HELS),Fakultet,7800,Andre Driftskostnader & Konsulenter,7xxx Reiser,Andre Driftskostnader & Konsulenter - 2026-M06 (HELS),60459.66,EMP-115,EMP-135,True,OK,2026_UiA_Full_Oct
TX-20468,2026-06-27,2026-M06,Q2,T2,HELS,Fakultet for helse- og idrettsvitenskap (HELS),Fakultet,7800,Andre Driftskostnader & Konsulenter,7xxx Reiser,Andre Driftskostnader & Konsulenter - 2026-M06 (HELS),9093.01,EMP-115,EMP-135,True,OK,2026_UiA_Full_Oct
TX-20469,2026-07-09,2026-M07,Q3,T2,HELS,Fakultet for helse- og idrettsvitenskap (HELS),Fakultet,7800,Andre Driftskostnader & Konsulenter,7xxx Reiser,Andre Driftskostnader & Konsulenter - 2026-M07 (HELS),10049.5,EMP-115,EMP-135,True,OK,2026_UiA_Full_Oct
TX-20470,2026-07-18,2026-M07,Q3,T2,HELS,Fakultet for helse- og idrettsvitenskap (HELS),Fakultet,7800,Andre Driftskostnader & Konsulenter,7xxx Reiser,Andre Driftskostnader & Konsulenter - 2026-M07 (HELS),118741.15,EMP-115,EMP-135,True,OK,2026_UiA_Full_Oct
TX-20471,2026-07-27,2026-M07,Q3,T2,HELS,Fakultet for helse- og idrettsvitenskap (HELS),Fakultet,7800,Andre Driftskostnader & Konsulenter,7xxx Reiser,Andre Driftskostnader & Konsulenter - 2026-M07 (HELS),377195.01,EMP-115,EMP-135,True,OK,2026_UiA_Full_Oct
TX-20472,2026-08-09,2026-M08,Q3,T2,HELS,Fakultet for helse- og idrettsvitenskap (HELS),Fakultet,7800,Andre Driftskostnader & Konsulenter,7xxx Reiser,Andre Driftskostnader & Konsulenter - 2026-M08 (HELS),6843.98,EMP-115,EMP-135,True,OK,2026_UiA_Full_Oct
TX-20473,2026-08-18,2026-M08,Q3,T2,HELS,Fakultet for helse- og idrettsvitenskap (HELS),Fakultet,7800,Andre Driftskostnader & Konsulenter,7xxx Reiser,Andre Driftskostnader & Konsulenter - 2026-M08 (HELS),228277.25,EMP-115,EMP-135,True,OK,2026_UiA_Full_Oct
TX-20474,2026-08-27,2026-M08,Q3,T2,HELS,Fakultet for helse- og idrettsvitenskap (HELS),Fakultet,7800,Andre Driftskostnader & Konsulenter,7xxx Reiser,Andre Driftskostnader & Konsulenter - 2026-M08 (HELS),265455.94,EMP-115,EMP-135,True,OK,2026_UiA_Full_Oct
TX-20475,2026-09-09,2026-M09,Q3,T3,HELS,Fakultet for helse- og idrettsvitenskap (HELS),Fakultet,7800,Andre Driftskostnader & Konsulenter,7xxx Reiser,Andre Driftskostnader & Konsulenter - 2026-M09 (HELS),97976.39,EMP-115,EMP-135,True,OK,2026_UiA_Full_Oct
TX-20476,2026-09-18,2026-M09,Q3,T3,HELS,Fakultet for helse- og idrettsvitenskap (HELS),Fakultet,7800,Andre Driftskostnader & Konsulenter,7xxx Reiser,Andre Driftskostnader & Konsulenter - 2026-M09 (HELS),286425.91,EMP-115,EMP-135,True,OK,2026_UiA_Full_Oct
TX-20477,2026-09-27,2026-M09,Q3,T3,HELS,Fakultet for helse- og idrettsvitenskap (HELS),Fakultet,7800,Andre Driftskostnader & Konsulenter,7xxx Reiser,Andre Driftskostnader & Konsulenter - 2026-M09 (HELS),123610.68,EMP-115,EMP-135,True,OK,2026_UiA_Full_Oct
TX-20478,2026-10-09,2026-M10,Q4,T3,HELS,Fakultet for helse- og idrettsvitenskap (HELS),Fakultet,7800,Andre Driftskostnader & Konsulenter,7xxx Reiser,Andre Driftskostnader & Konsulenter - 2026-M10 (HELS),149281.13,EMP-115,EMP-135,True,OK,2026_UiA_Full_Oct
TX-20479,2026-10-18,2026-M10,Q4,T3,HELS,Fakultet for helse- og idrettsvitenskap (HELS),Fakultet,7800,Andre Driftskostnader & Konsulenter,7xxx Reiser,Andre Driftskostnader & Konsulenter - 2026-M10 (HELS),120518.14,EMP-115,EMP-135,True,OK,2026_UiA_Full_Oct
TX-20480,2026-10-27,2026-M10,Q4,T3,HELS,Fakultet for helse- og idrettsvitenskap (HELS),Fakultet,7800,Andre Driftskostnader & Konsulenter,7xxx Reiser,Andre Driftskostnader & Konsulenter - 2026-M10 (HELS),236771.04,EMP-115,EMP-135,True,OK,2026_UiA_Full_Oct
TX-20481,2026-01-09,2026-M01,Q1,T1,HUM,Fakultet for humaniora og pedagogikk (HUM),Fakultet,3000,Statlig Rammebevilgning (Kap 260.50),3xxx Inntekter,Statlig Rammebevilgning (Kap 260.50) - 2026-M01 (HUM),-2326425.45,EMP-115,EMP-135,True,OK,2026_UiA_Full_Oct
TX-20482,2026-01-18,2026-M01,Q1,T1,HUM,Fakultet for humaniora og pedagogikk (HUM),Fakultet,3000,Statlig Rammebevilgning (Kap 260.50),3xxx Inntekter,Statlig Rammebevilgning (Kap 260.50) - 2026-M01 (HUM),-139587.78,EMP-115,EMP-135,True,OK,2026_UiA_Full_Oct
TX-20483,2026-01-27,2026-M01,Q1,T1,HUM,Fakultet for humaniora og pedagogikk (HUM),Fakultet,3000,Statlig Rammebevilgning (Kap 260.50),3xxx Inntekter,Statlig Rammebevilgning (Kap 260.50) - 2026-M01 (HUM),-11669471.37,EMP-115,EMP-135,True,OK,2026_UiA_Full_Oct
TX-20484,2026-02-09,2026-M02,Q1,T1,HUM,Fakultet for humaniora og pedagogikk (HUM),Fakultet,3000,Statlig Rammebevilgning (Kap 260.50),3xxx Inntekter,Statlig Rammebevilgning (Kap 260.50) - 2026-M02 (HUM),-5548150.99,EMP-115,EMP-135,True,OK,2026_UiA_Full_Oct
TX-20485,2026-02-18,2026-M02,Q1,T1,HUM,Fakultet for humaniora og pedagogikk (HUM),Fakultet,3000,Statlig Rammebevilgning (Kap 260.50),3xxx Inntekter,Statlig Rammebevilgning (Kap 260.50) - 2026-M02 (HUM),-8624506.01,EMP-115,EMP-135,True,OK,2026_UiA_Full_Oct
TX-20486,2026-02-27,2026-M02,Q1,T1,HUM,Fakultet for humaniora og pedagogikk (HUM),Fakultet,3000,Statlig Rammebevilgning (Kap 260.50),3xxx Inntekter,Statlig Rammebevilgning (Kap 260.50) - 2026-M02 (HUM),-324384.6,EMP-115,EMP-135,True,OK,2026_UiA_Full_Oct
TX-20487,2026-03-09,2026-M03,Q1,T1,HUM,Fakultet for humaniora og pedagogikk (HUM),Fakultet,3000,Statlig Rammebevilgning (Kap 260.50),3xxx Inntekter,Statlig Rammebevilgning (Kap 260.50) - 2026-M03 (HUM),-8346335.73,EMP-115,EMP-135,True,OK,2026_UiA_Full_Oct
TX-20488,2026-03-18,2026-M03,Q1,T1,HUM,Fakultet for humaniora og pedagogikk (HUM),Fakultet,3000,Statlig Rammebevilgning (Kap 260.50),3xxx Inntekter,Statlig Rammebevilgning (Kap 260.50) - 2026-M03 (HUM),-5632305.22,EMP-115,EMP-135,True,OK,2026_UiA_Full_Oct
TX-20489,2026-03-27,2026-M03,Q1,T1,HUM,Fakultet for humaniora og pedagogikk (HUM),Fakultet,3000,Statlig Rammebevilgning (Kap 260.50),3xxx Inntekter,Statlig Rammebevilgning (Kap 260.50) - 2026-M03 (HUM),-356619.75,EMP-115,EMP-135,True,OK,2026_UiA_Full_Oct
TX-20490,2026-04-09,2026-M04,Q2,T1,HUM,Fakultet for humaniora og pedagogikk (HUM),Fakultet,3000,Statlig Rammebevilgning (Kap 260.50),3xxx Inntekter,Statlig Rammebevilgning (Kap 260.50) - 2026-M04 (HUM),-9289799.61,EMP-115,EMP-135,True,OK,2026_UiA_Full_Oct
TX-20491,2026-04-18,2026-M04,Q2,T1,HUM,Fakultet for humaniora og pedagogikk (HUM),Fakultet,3000,Statlig Rammebevilgning (Kap 260.50),3xxx Inntekter,Statlig Rammebevilgning (Kap 260.50) - 2026-M04 (HUM),-272285.76,EMP-115,EMP-135,True,OK,2026_UiA_Full_Oct
TX-20492,2026-04-27,2026-M04,Q2,T1,HUM,Fakultet for humaniora og pedagogikk (HUM),Fakultet,3000,Statlig Rammebevilgning (Kap 260.50),3xxx Inntekter,Statlig Rammebevilgning (Kap 260.50) - 2026-M04 (HUM),-4626242.63,EMP-115,EMP-135,True,OK,2026_UiA_Full_Oct
TX-20493,2026-05-09,2026-M05,Q2,T2,HUM,Fakultet for humaniora og pedagogikk (HUM),Fakultet,3000,Statlig Rammebevilgning (Kap 260.50),3xxx Inntekter,Statlig Rammebevilgning (Kap 260.50) - 2026-M05 (HUM),-7015245.91,EMP-115,EMP-135,True,OK,2026_UiA_Full_Oct
TX-20494,2026-05-18,2026-M05,Q2,T2,HUM,Fakultet for humaniora og pedagogikk (HUM),Fakultet,3000,Statlig Rammebevilgning (Kap 260.50),3xxx Inntekter,Statlig Rammebevilgning (Kap 260.50) - 2026-M05 (HUM),-4220481.98,EMP-115,EMP-135,True,OK,2026_UiA_Full_Oct
TX-20495,2026-05-27,2026-M05,Q2,T2,HUM,Fakultet for humaniora og pedagogikk (HUM),Fakultet,3000,Statlig Rammebevilgning (Kap 260.50),3xxx Inntekter,Statlig Rammebevilgning (Kap 260.50) - 2026-M05 (HUM),-2877655.16,EMP-115,EMP-135,True,OK,2026_UiA_Full_Oct
TX-20496,2026-06-09,2026-M06,Q2,T2,HUM,Fakultet for humaniora og pedagogikk (HUM),Fakultet,3000,Statlig Rammebevilgning (Kap 260.50),3xxx Inntekter,Statlig Rammebevilgning (Kap 260.50) - 2026-M06 (HUM),-11217480.48,EMP-115,EMP-135,True,OK,2026_UiA_Full_Oct
TX-20497,2026-06-18,2026-M06,Q2,T2,HUM,Fakultet for humaniora og pedagogikk (HUM),Fakultet,3000,Statlig Rammebevilgning (Kap 260.50),3xxx Inntekter,Statlig Rammebevilgning (Kap 260.50) - 2026-M06 (HUM),-307541.53,EMP-115,EMP-135,True,OK,2026_UiA_Full_Oct
TX-20498,2026-06-27,2026-M06,Q2,T2,HUM,Fakultet for humaniora og pedagogikk (HUM),Fakultet,3000,Statlig Rammebevilgning (Kap 260.50),3xxx Inntekter,Statlig Rammebevilgning (Kap 260.50) - 2026-M06 (HUM),-2713517.97,EMP-115,EMP-135,True,OK,2026_UiA_Full_Oct
TX-20499,2026-07-09,2026-M07,Q3,T2,HUM,Fakultet for humaniora og pedagogikk (HUM),Fakultet,3000,Statlig Rammebevilgning (Kap 260.50),3xxx Inntekter,Statlig Rammebevilgning (Kap 260.50) - 2026-M07 (HUM),-736696.96,EMP-115,EMP-135,True,OK,2026_UiA_Full_Oct
TX-20500,2026-07-18,2026-M07,Q3,T2,HUM,Fakultet for humaniora og pedagogikk (HUM),Fakultet,3000,Statlig Rammebevilgning (Kap 260.50),3xxx Inntekter,Statlig Rammebevilgning (Kap 260.50) - 2026-M07 (HUM),-13501943.22,EMP-115,EMP-135,True,OK,2026_UiA_Full_Oct
TX-20501,2026-07-27,2026-M07,Q3,T2,HUM,Fakultet for humaniora og pedagogikk (HUM),Fakultet,3000,Statlig Rammebevilgning (Kap 260.50),3xxx Inntekter,Statlig Rammebevilgning (Kap 260.50) - 2026-M07 (HUM),-24291.28,EMP-115,EMP-135,True,OK,2026_UiA_Full_Oct
TX-20502,2026-08-09,2026-M08,Q3,T2,HUM,Fakultet for humaniora og pedagogikk (HUM),Fakultet,3000,Statlig Rammebevilgning (Kap 260.50),3xxx Inntekter,Statlig Rammebevilgning (Kap 260.50) - 2026-M08 (HUM),-7360643.94,EMP-115,EMP-135,True,OK,2026_UiA_Full_Oct
TX-20503,2026-08-18,2026-M08,Q3,T2,HUM,Fakultet for humaniora og pedagogikk (HUM),Fakultet,3000,Statlig Rammebevilgning (Kap 260.50),3xxx Inntekter,Statlig Rammebevilgning (Kap 260.50) - 2026-M08 (HUM),-5753689.38,EMP-115,EMP-135,True,OK,2026_UiA_Full_Oct
TX-20504,2026-08-27,2026-M08,Q3,T2,HUM,Fakultet for humaniora og pedagogikk (HUM),Fakultet,3000,Statlig Rammebevilgning (Kap 260.50),3xxx Inntekter,Statlig Rammebevilgning (Kap 260.50) - 2026-M08 (HUM),-990547.9,EMP-115,EMP-135,True,OK,2026_UiA_Full_Oct
TX-20505,2026-09-09,2026-M09,Q3,T3,HUM,Fakultet for humaniora og pedagogikk (HUM),Fakultet,3000,Statlig Rammebevilgning (Kap 260.50),3xxx Inntekter,Statlig Rammebevilgning (Kap 260.50) - 2026-M09 (HUM),-7694582.33,EMP-115,EMP-135,True,OK,2026_UiA_Full_Oct
TX-20506,2026-09-18,2026-M09,Q3,T3,HUM,Fakultet for humaniora og pedagogikk (HUM),Fakultet,3000,Statlig Rammebevilgning (Kap 260.50),3xxx Inntekter,Statlig Rammebevilgning (Kap 260.50) - 2026-M09 (HUM),-5277865.43,EMP-115,EMP-135,True,OK,2026_UiA_Full_Oct
TX-20507,2026-09-27,2026-M09,Q3,T3,HUM,Fakultet for humaniora og pedagogikk (HUM),Fakultet,3000,Statlig Rammebevilgning (Kap 260.50),3xxx Inntekter,Statlig Rammebevilgning (Kap 260.50) - 2026-M09 (HUM),-1501734.3,EMP-115,EMP-135,True,OK,2026_UiA_Full_Oct
TX-20508,2026-10-09,2026-M10,Q4,T3,HUM,Fakultet for humaniora og pedagogikk (HUM),Fakultet,3000,Statlig Rammebevilgning (Kap 260.50),3xxx Inntekter,Statlig Rammebevilgning (Kap 260.50) - 2026-M10 (HUM),-745373.02,EMP-115,EMP-135,True,OK,2026_UiA_Full_Oct
TX-20509,2026-10-18,2026-M10,Q4,T3,HUM,Fakultet for humaniora og pedagogikk (HUM),Fakultet,3000,Statlig Rammebevilgning (Kap 260.50),3xxx Inntekter,Statlig Rammebevilgning (Kap 260.50) - 2026-M10 (HUM),-2877727.27,EMP-115,EMP-135,True,OK,2026_UiA_Full_Oct
TX-20510,2026-10-27,2026-M10,Q4,T3,HUM,Fakultet for humaniora og pedagogikk (HUM),Fakultet,3000,Statlig Rammebevilgning (Kap 260.50),3xxx Inntekter,Statlig Rammebevilgning (Kap 260.50) - 2026-M10 (HUM),-10858878.85,EMP-115,EMP-135,True,OK,2026_UiA_Full_Oct
TX-20511,2026-01-09,2026-M01,Q1,T1,HUM,Fakultet for humaniora og pedagogikk (HUM),Fakultet,3400,BOA Ekstern Prosjektstøtte (NFR/EU),3xxx Inntekter,BOA Ekstern Prosjektstøtte (NFR/EU) - 2026-M01 (HUM),-1443379.6,EMP-115,EMP-135,True,OK,2026_UiA_Full_Oct
TX-20512,2026-01-18,2026-M01,Q1,T1,HUM,Fakultet for humaniora og pedagogikk (HUM),Fakultet,3400,BOA Ekstern Prosjektstøtte (NFR/EU),3xxx Inntekter,BOA Ekstern Prosjektstøtte (NFR/EU) - 2026-M01 (HUM),-1223223.97,EMP-115,EMP-135,True,OK,2026_UiA_Full_Oct
TX-20513,2026-01-27,2026-M01,Q1,T1,HUM,Fakultet for humaniora og pedagogikk (HUM),Fakultet,3400,BOA Ekstern Prosjektstøtte (NFR/EU),3xxx Inntekter,BOA Ekstern Prosjektstøtte (NFR/EU) - 2026-M01 (HUM),-458875.09,EMP-115,EMP-135,True,OK,2026_UiA_Full_Oct
TX-20514,2026-02-09,2026-M02,Q1,T1,HUM,Fakultet for humaniora og pedagogikk (HUM),Fakultet,3400,BOA Ekstern Prosjektstøtte (NFR/EU),3xxx Inntekter,BOA Ekstern Prosjektstøtte (NFR/EU) - 2026-M02 (HUM),-3023185.28,EMP-115,EMP-135,True,OK,2026_UiA_Full_Oct
TX-20515,2026-02-18,2026-M02,Q1,T1,HUM,Fakultet for humaniora og pedagogikk (HUM),Fakultet,3400,BOA Ekstern Prosjektstøtte (NFR/EU),3xxx Inntekter,BOA Ekstern Prosjektstøtte (NFR/EU) - 2026-M02 (HUM),-84649.8,EMP-115,EMP-135,True,OK,2026_UiA_Full_Oct
TX-20516,2026-02-27,2026-M02,Q1,T1,HUM,Fakultet for humaniora og pedagogikk (HUM),Fakultet,3400,BOA Ekstern Prosjektstøtte (NFR/EU),3xxx Inntekter,BOA Ekstern Prosjektstøtte (NFR/EU) - 2026-M02 (HUM),-12075.73,EMP-115,EMP-135,True,OK,2026_UiA_Full_Oct
TX-20517,2026-03-09,2026-M03,Q1,T1,HUM,Fakultet for humaniora og pedagogikk (HUM),Fakultet,3400,BOA Ekstern Prosjektstøtte (NFR/EU),3xxx Inntekter,BOA Ekstern Prosjektstøtte (NFR/EU) - 2026-M03 (HUM),-2161121.9,EMP-115,EMP-135,True,OK,2026_UiA_Full_Oct
TX-20518,2026-03-18,2026-M03,Q1,T1,HUM,Fakultet for humaniora og pedagogikk (HUM),Fakultet,3400,BOA Ekstern Prosjektstøtte (NFR/EU),3xxx Inntekter,BOA Ekstern Prosjektstøtte (NFR/EU) - 2026-M03 (HUM),-27803.82,EMP-115,EMP-135,True,OK,2026_UiA_Full_Oct
TX-20519,2026-03-27,2026-M03,Q1,T1,HUM,Fakultet for humaniora og pedagogikk (HUM),Fakultet,3400,BOA Ekstern Prosjektstøtte (NFR/EU),3xxx Inntekter,BOA Ekstern Prosjektstøtte (NFR/EU) - 2026-M03 (HUM),-938279.23,EMP-115,EMP-135,True,OK,2026_UiA_Full_Oct
TX-20520,2026-04-09,2026-M04,Q2,T1,HUM,Fakultet for humaniora og pedagogikk (HUM),Fakultet,3400,BOA Ekstern Prosjektstøtte (NFR/EU),3xxx Inntekter,BOA Ekstern Prosjektstøtte (NFR/EU) - 2026-M04 (HUM),-1825030.44,EMP-115,EMP-135,True,OK,2026_UiA_Full_Oct
TX-20521,2026-04-18,2026-M04,Q2,T1,HUM,Fakultet for humaniora og pedagogikk (HUM),Fakultet,3400,BOA Ekstern Prosjektstøtte (NFR/EU),3xxx Inntekter,BOA Ekstern Prosjektstøtte (NFR/EU) - 2026-M04 (HUM),-1113511.13,EMP-115,EMP-135,True,OK,2026_UiA_Full_Oct
TX-20522,2026-04-27,2026-M04,Q2,T1,HUM,Fakultet for humaniora og pedagogikk (HUM),Fakultet,3400,BOA Ekstern Prosjektstøtte (NFR/EU),3xxx Inntekter,BOA Ekstern Prosjektstøtte (NFR/EU) - 2026-M04 (HUM),-167111.48,EMP-115,EMP-135,True,OK,2026_UiA_Full_Oct
TX-20523,2026-05-09,2026-M05,Q2,T2,HUM,Fakultet for humaniora og pedagogikk (HUM),Fakultet,3400,BOA Ekstern Prosjektstøtte (NFR/EU),3xxx Inntekter,BOA Ekstern Prosjektstøtte (NFR/EU) - 2026-M05 (HUM),-1255507.14,EMP-115,EMP-135,True,OK,2026_UiA_Full_Oct
TX-20524,2026-05-18,2026-M05,Q2,T2,HUM,Fakultet for humaniora og pedagogikk (HUM),Fakultet,3400,BOA Ekstern Prosjektstøtte (NFR/EU),3xxx Inntekter,BOA Ekstern Prosjektstøtte (NFR/EU) - 2026-M05 (HUM),-597141.59,EMP-115,EMP-135,True,OK,2026_UiA_Full_Oct
TX-20525,2026-05-27,2026-M05,Q2,T2,HUM,Fakultet for humaniora og pedagogikk (HUM),Fakultet,3400,BOA Ekstern Prosjektstøtte (NFR/EU),3xxx Inntekter,BOA Ekstern Prosjektstøtte (NFR/EU) - 2026-M05 (HUM),-1264784.12,EMP-115,EMP-135,True,OK,2026_UiA_Full_Oct
TX-20526,2026-06-09,2026-M06,Q2,T2,HUM,Fakultet for humaniora og pedagogikk (HUM),Fakultet,3400,BOA Ekstern Prosjektstøtte (NFR/EU),3xxx Inntekter,BOA Ekstern Prosjektstøtte (NFR/EU) - 2026-M06 (HUM),-22804.47,EMP-115,EMP-135,True,OK,2026_UiA_Full_Oct
TX-20527,2026-06-18,2026-M06,Q2,T2,HUM,Fakultet for humaniora og pedagogikk (HUM),Fakultet,3400,BOA Ekstern Prosjektstøtte (NFR/EU),3xxx Inntekter,BOA Ekstern Prosjektstøtte (NFR/EU) - 2026-M06 (HUM),-670082.23,EMP-115,EMP-135,True,OK,2026_UiA_Full_Oct
TX-20528,2026-06-27,2026-M06,Q2,T2,HUM,Fakultet for humaniora og pedagogikk (HUM),Fakultet,3400,BOA Ekstern Prosjektstøtte (NFR/EU),3xxx Inntekter,BOA Ekstern Prosjektstøtte (NFR/EU) - 2026-M06 (HUM),-2492798.61,EMP-115,EMP-135,True,OK,2026_UiA_Full_Oct
TX-20529,2026-07-09,2026-M07,Q3,T2,HUM,Fakultet for humaniora og pedagogikk (HUM),Fakultet,3400,BOA Ekstern Prosjektstøtte (NFR/EU),3xxx Inntekter,BOA Ekstern Prosjektstøtte (NFR/EU) - 2026-M07 (HUM),-1556852.84,EMP-115,EMP-135,True,OK,2026_UiA_Full_Oct
TX-20530,2026-07-18,2026-M07,Q3,T2,HUM,Fakultet for humaniora og pedagogikk (HUM),Fakultet,3400,BOA Ekstern Prosjektstøtte (NFR/EU),3xxx Inntekter,BOA Ekstern Prosjektstøtte (NFR/EU) - 2026-M07 (HUM),-873132.64,EMP-115,EMP-135,True,OK,2026_UiA_Full_Oct
TX-20531,2026-07-27,2026-M07,Q3,T2,HUM,Fakultet for humaniora og pedagogikk (HUM),Fakultet,3400,BOA Ekstern Prosjektstøtte (NFR/EU),3xxx Inntekter,BOA Ekstern Prosjektstøtte (NFR/EU) - 2026-M07 (HUM),-736287.52,EMP-115,EMP-135,True,OK,2026_UiA_Full_Oct
TX-20532,2026-08-09,2026-M08,Q3,T2,HUM,Fakultet for humaniora og pedagogikk (HUM),Fakultet,3400,BOA Ekstern Prosjektstøtte (NFR/EU),3xxx Inntekter,BOA Ekstern Prosjektstøtte (NFR/EU) - 2026-M08 (HUM),-2146924.96,EMP-115,EMP-135,True,OK,2026_UiA_Full_Oct
TX-20533,2026-08-18,2026-M08,Q3,T2,HUM,Fakultet for humaniora og pedagogikk (HUM),Fakultet,3400,BOA Ekstern Prosjektstøtte (NFR/EU),3xxx Inntekter,BOA Ekstern Prosjektstøtte (NFR/EU) - 2026-M08 (HUM),-660855.08,EMP-115,EMP-135,True,OK,2026_UiA_Full_Oct
TX-20534,2026-08-27,2026-M08,Q3,T2,HUM,Fakultet for humaniora og pedagogikk (HUM),Fakultet,3400,BOA Ekstern Prosjektstøtte (NFR/EU),3xxx Inntekter,BOA Ekstern Prosjektstøtte (NFR/EU) - 2026-M08 (HUM),-350836.72,EMP-115,EMP-135,True,OK,2026_UiA_Full_Oct
TX-20535,2026-09-09,2026-M09,Q3,T3,HUM,Fakultet for humaniora og pedagogikk (HUM),Fakultet,3400,BOA Ekstern Prosjektstøtte (NFR/EU),3xxx Inntekter,BOA Ekstern Prosjektstøtte (NFR/EU) - 2026-M09 (HUM),-184141.07,EMP-115,EMP-135,True,OK,2026_UiA_Full_Oct
TX-20536,2026-09-18,2026-M09,Q3,T3,HUM,Fakultet for humaniora og pedagogikk (HUM),Fakultet,3400,BOA Ekstern Prosjektstøtte (NFR/EU),3xxx Inntekter,BOA Ekstern Prosjektstøtte (NFR/EU) - 2026-M09 (HUM),-178829.41,EMP-115,EMP-135,True,OK,2026_UiA_Full_Oct
TX-20537,2026-09-27,2026-M09,Q3,T3,HUM,Fakultet for humaniora og pedagogikk (HUM),Fakultet,3400,BOA Ekstern Prosjektstøtte (NFR/EU),3xxx Inntekter,BOA Ekstern Prosjektstøtte (NFR/EU) - 2026-M09 (HUM),-2825909.03,EMP-115,EMP-135,True,OK,2026_UiA_Full_Oct
TX-20538,2026-10-09,2026-M10,Q4,T3,HUM,Fakultet for humaniora og pedagogikk (HUM),Fakultet,3400,BOA Ekstern Prosjektstøtte (NFR/EU),3xxx Inntekter,BOA Ekstern Prosjektstøtte (NFR/EU) - 2026-M10 (HUM),-1935774.18,EMP-115,EMP-135,True,OK,2026_UiA_Full_Oct
TX-20539,2026-10-18,2026-M10,Q4,T3,HUM,Fakultet for humaniora og pedagogikk (HUM),Fakultet,3400,BOA Ekstern Prosjektstøtte (NFR/EU),3xxx Inntekter,BOA Ekstern Prosjektstøtte (NFR/EU) - 2026-M10 (HUM),-38210.31,EMP-115,EMP-135,True,OK,2026_UiA_Full_Oct
TX-20540,2026-10-27,2026-M10,Q4,T3,HUM,Fakultet for humaniora og pedagogikk (HUM),Fakultet,3400,BOA Ekstern Prosjektstøtte (NFR/EU),3xxx Inntekter,BOA Ekstern Prosjektstøtte (NFR/EU) - 2026-M10 (HUM),-1205906.12,EMP-115,EMP-135,True,OK,2026_UiA_Full_Oct
TX-20541,2026-01-09,2026-M01,Q1,T1,HUM,Fakultet for humaniora og pedagogikk (HUM),Fakultet,5000,Fast Lønn & Sosiale Kostnader,5xxx Lønn,Fast Lønn & Sosiale Kostnader - 2026-M01 (HUM),3745085.15,EMP-115,EMP-135,True,OK,2026_UiA_Full_Oct
TX-20542,2026-01-18,2026-M01,Q1,T1,HUM,Fakultet for humaniora og pedagogikk (HUM),Fakultet,5000,Fast Lønn & Sosiale Kostnader,5xxx Lønn,Fast Lønn & Sosiale Kostnader - 2026-M01 (HUM),1464285.43,EMP-115,EMP-135,True,OK,2026_UiA_Full_Oct
TX-20543,2026-01-27,2026-M01,Q1,T1,HUM,Fakultet for humaniora og pedagogikk (HUM),Fakultet,5000,Fast Lønn & Sosiale Kostnader,5xxx Lønn,Fast Lønn & Sosiale Kostnader - 2026-M01 (HUM),5933211.81,EMP-115,EMP-135,True,OK,2026_UiA_Full_Oct
TX-20544,2026-02-09,2026-M02,Q1,T1,HUM,Fakultet for humaniora og pedagogikk (HUM),Fakultet,5000,Fast Lønn & Sosiale Kostnader,5xxx Lønn,Fast Lønn & Sosiale Kostnader - 2026-M02 (HUM),1460439.65,EMP-115,EMP-135,True,OK,2026_UiA_Full_Oct
TX-20545,2026-02-18,2026-M02,Q1,T1,HUM,Fakultet for humaniora og pedagogikk (HUM),Fakultet,5000,Fast Lønn & Sosiale Kostnader,5xxx Lønn,Fast Lønn & Sosiale Kostnader - 2026-M02 (HUM),8577810.76,EMP-115,EMP-135,True,OK,2026_UiA_Full_Oct
TX-20546,2026-02-27,2026-M02,Q1,T1,HUM,Fakultet for humaniora og pedagogikk (HUM),Fakultet,5000,Fast Lønn & Sosiale Kostnader,5xxx Lønn,Fast Lønn & Sosiale Kostnader - 2026-M02 (HUM),1134661.59,EMP-115,EMP-135,True,OK,2026_UiA_Full_Oct
TX-20547,2026-03-09,2026-M03,Q1,T1,HUM,Fakultet for humaniora og pedagogikk (HUM),Fakultet,5000,Fast Lønn & Sosiale Kostnader,5xxx Lønn,Fast Lønn & Sosiale Kostnader - 2026-M03 (HUM),6210588.56,EMP-115,EMP-135,True,OK,2026_UiA_Full_Oct
TX-20548,2026-03-18,2026-M03,Q1,T1,HUM,Fakultet for humaniora og pedagogikk (HUM),Fakultet,5000,Fast Lønn & Sosiale Kostnader,5xxx Lønn,Fast Lønn & Sosiale Kostnader - 2026-M03 (HUM),155952.29,EMP-115,EMP-135,True,OK,2026_UiA_Full_Oct
TX-20549,2026-03-27,2026-M03,Q1,T1,HUM,Fakultet for humaniora og pedagogikk (HUM),Fakultet,5000,Fast Lønn & Sosiale Kostnader,5xxx Lønn,Fast Lønn & Sosiale Kostnader - 2026-M03 (HUM),4827777.07,EMP-115,EMP-135,True,OK,2026_UiA_Full_Oct
TX-20550,2026-04-09,2026-M04,Q2,T1,HUM,Fakultet for humaniora og pedagogikk (HUM),Fakultet,5000,Fast Lønn & Sosiale Kostnader,5xxx Lønn,Fast Lønn & Sosiale Kostnader - 2026-M04 (HUM),634712.61,EMP-115,EMP-135,True,OK,2026_UiA_Full_Oct
TX-20551,2026-04-18,2026-M04,Q2,T1,HUM,Fakultet for humaniora og pedagogikk (HUM),Fakultet,5000,Fast Lønn & Sosiale Kostnader,5xxx Lønn,Fast Lønn & Sosiale Kostnader - 2026-M04 (HUM),6237557.88,EMP-115,EMP-135,True,OK,2026_UiA_Full_Oct
TX-20552,2026-04-27,2026-M04,Q2,T1,HUM,Fakultet for humaniora og pedagogikk (HUM),Fakultet,5000,Fast Lønn & Sosiale Kostnader,5xxx Lønn,Fast Lønn & Sosiale Kostnader - 2026-M04 (HUM),4261960.54,EMP-115,EMP-135,True,OK,2026_UiA_Full_Oct
TX-20553,2026-05-09,2026-M05,Q2,T2,HUM,Fakultet for humaniora og pedagogikk (HUM),Fakultet,5000,Fast Lønn & Sosiale Kostnader,5xxx Lønn,Fast Lønn & Sosiale Kostnader - 2026-M05 (HUM),490202.18,EMP-115,EMP-135,True,OK,2026_UiA_Full_Oct
TX-20554,2026-05-18,2026-M05,Q2,T2,HUM,Fakultet for humaniora og pedagogikk (HUM),Fakultet,5000,Fast Lønn & Sosiale Kostnader,5xxx Lønn,Fast Lønn & Sosiale Kostnader - 2026-M05 (HUM),3960510.26,EMP-115,EMP-135,True,OK,2026_UiA_Full_Oct
TX-20555,2026-05-27,2026-M05,Q2,T2,HUM,Fakultet for humaniora og pedagogikk (HUM),Fakultet,5000,Fast Lønn & Sosiale Kostnader,5xxx Lønn,Fast Lønn & Sosiale Kostnader - 2026-M05 (HUM),6558122.01,EMP-115,EMP-135,True,OK,2026_UiA_Full_Oct
TX-20556,2026-06-09,2026-M06,Q2,T2,HUM,Fakultet for humaniora og pedagogikk (HUM),Fakultet,5000,Fast Lønn & Sosiale Kostnader,5xxx Lønn,Fast Lønn & Sosiale Kostnader - 2026-M06 (HUM),807103.07,EMP-115,EMP-135,True,OK,2026_UiA_Full_Oct
TX-20557,2026-06-18,2026-M06,Q2,T2,HUM,Fakultet for humaniora og pedagogikk (HUM),Fakultet,5000,Fast Lønn & Sosiale Kostnader,5xxx Lønn,Fast Lønn & Sosiale Kostnader - 2026-M06 (HUM),8772747.58,EMP-115,EMP-135,True,OK,2026_UiA_Full_Oct
TX-20558,2026-06-27,2026-M06,Q2,T2,HUM,Fakultet for humaniora og pedagogikk (HUM),Fakultet,5000,Fast Lønn & Sosiale Kostnader,5xxx Lønn,Fast Lønn & Sosiale Kostnader - 2026-M06 (HUM),1449433.89,EMP-115,EMP-135,True,OK,2026_UiA_Full_Oct
TX-20559,2026-07-09,2026-M07,Q3,T2,HUM,Fakultet for humaniora og pedagogikk (HUM),Fakultet,5000,Fast Lønn & Sosiale Kostnader,5xxx Lønn,Fast Lønn & Sosiale Kostnader - 2026-M07 (HUM),5478053.33,EMP-115,EMP-135,True,OK,2026_UiA_Full_Oct
TX-20560,2026-07-18,2026-M07,Q3,T2,HUM,Fakultet for humaniora og pedagogikk (HUM),Fakultet,5000,Fast Lønn & Sosiale Kostnader,5xxx Lønn,Fast Lønn & Sosiale Kostnader - 2026-M07 (HUM),4086579.4,EMP-115,EMP-135,True,OK,2026_UiA_Full_Oct
TX-20561,2026-07-27,2026-M07,Q3,T2,HUM,Fakultet for humaniora og pedagogikk (HUM),Fakultet,5000,Fast Lønn & Sosiale Kostnader,5xxx Lønn,Fast Lønn & Sosiale Kostnader - 2026-M07 (HUM),1706867.53,EMP-115,EMP-135,True,OK,2026_UiA_Full_Oct
TX-20562,2026-08-09,2026-M08,Q3,T2,HUM,Fakultet for humaniora og pedagogikk (HUM),Fakultet,5000,Fast Lønn & Sosiale Kostnader,5xxx Lønn,Fast Lønn & Sosiale Kostnader - 2026-M08 (HUM),2270823.92,EMP-115,EMP-135,True,OK,2026_UiA_Full_Oct
TX-20563,2026-08-18,2026-M08,Q3,T2,HUM,Fakultet for humaniora og pedagogikk (HUM),Fakultet,5000,Fast Lønn & Sosiale Kostnader,5xxx Lønn,Fast Lønn & Sosiale Kostnader - 2026-M08 (HUM),6773487.5,EMP-115,EMP-135,True,OK,2026_UiA_Full_Oct
TX-20564,2026-08-27,2026-M08,Q3,T2,HUM,Fakultet for humaniora og pedagogikk (HUM),Fakultet,5000,Fast Lønn & Sosiale Kostnader,5xxx Lønn,Fast Lønn & Sosiale Kostnader - 2026-M08 (HUM),2008046.41,EMP-115,EMP-135,True,OK,2026_UiA_Full_Oct
TX-20565,2026-09-09,2026-M09,Q3,T3,HUM,Fakultet for humaniora og pedagogikk (HUM),Fakultet,5000,Fast Lønn & Sosiale Kostnader,5xxx Lønn,Fast Lønn & Sosiale Kostnader - 2026-M09 (HUM),2666429.08,EMP-115,EMP-135,True,OK,2026_UiA_Full_Oct
TX-20566,2026-09-18,2026-M09,Q3,T3,HUM,Fakultet for humaniora og pedagogikk (HUM),Fakultet,5000,Fast Lønn & Sosiale Kostnader,5xxx Lønn,Fast Lønn & Sosiale Kostnader - 2026-M09 (HUM),4462792.03,EMP-115,EMP-135,True,OK,2026_UiA_Full_Oct
TX-20567,2026-09-27,2026-M09,Q3,T3,HUM,Fakultet for humaniora og pedagogikk (HUM),Fakultet,5000,Fast Lønn & Sosiale Kostnader,5xxx Lønn,Fast Lønn & Sosiale Kostnader - 2026-M09 (HUM),4173003.82,EMP-115,EMP-135,True,OK,2026_UiA_Full_Oct
TX-20568,2026-10-09,2026-M10,Q4,T3,HUM,Fakultet for humaniora og pedagogikk (HUM),Fakultet,5000,Fast Lønn & Sosiale Kostnader,5xxx Lønn,Fast Lønn & Sosiale Kostnader - 2026-M10 (HUM),5725060.9,EMP-115,EMP-135,True,OK,2026_UiA_Full_Oct
TX-20569,2026-10-18,2026-M10,Q4,T3,HUM,Fakultet for humaniora og pedagogikk (HUM),Fakultet,5000,Fast Lønn & Sosiale Kostnader,5xxx Lønn,Fast Lønn & Sosiale Kostnader - 2026-M10 (HUM),2774830.41,EMP-115,EMP-135,True,OK,2026_UiA_Full_Oct
TX-20570,2026-10-27,2026-M10,Q4,T3,HUM,Fakultet for humaniora og pedagogikk (HUM),Fakultet,5000,Fast Lønn & Sosiale Kostnader,5xxx Lønn,Fast Lønn & Sosiale Kostnader - 2026-M10 (HUM),2508983.57,EMP-115,EMP-135,True,OK,2026_UiA_Full_Oct
TX-20571,2026-01-09,2026-M01,Q1,T1,HUM,Fakultet for humaniora og pedagogikk (HUM),Fakultet,5330,Sensorhonorar & Timelønnede,5xxx Lønn,Sensorhonorar & Timelønnede - 2026-M01 (HUM),564875.7,EMP-115,EMP-135,True,OK,2026_UiA_Full_Oct
TX-20572,2026-01-18,2026-M01,Q1,T1,HUM,Fakultet for humaniora og pedagogikk (HUM),Fakultet,5330,Sensorhonorar & Timelønnede,5xxx Lønn,Sensorhonorar & Timelønnede - 2026-M01 (HUM),299615.85,EMP-115,EMP-135,True,OK,2026_UiA_Full_Oct
TX-20573,2026-01-27,2026-M01,Q1,T1,HUM,Fakultet for humaniora og pedagogikk (HUM),Fakultet,5330,Sensorhonorar & Timelønnede,5xxx Lønn,Sensorhonorar & Timelønnede - 2026-M01 (HUM),194972.16,EMP-115,EMP-135,True,OK,2026_UiA_Full_Oct
TX-20574,2026-02-09,2026-M02,Q1,T1,HUM,Fakultet for humaniora og pedagogikk (HUM),Fakultet,5330,Sensorhonorar & Timelønnede,5xxx Lønn,Sensorhonorar & Timelønnede - 2026-M02 (HUM),227411.76,EMP-115,EMP-135,True,OK,2026_UiA_Full_Oct
TX-20575,2026-02-18,2026-M02,Q1,T1,HUM,Fakultet for humaniora og pedagogikk (HUM),Fakultet,5330,Sensorhonorar & Timelønnede,5xxx Lønn,Sensorhonorar & Timelønnede - 2026-M02 (HUM),808612.04,EMP-115,EMP-135,True,OK,2026_UiA_Full_Oct
TX-20576,2026-02-27,2026-M02,Q1,T1,HUM,Fakultet for humaniora og pedagogikk (HUM),Fakultet,5330,Sensorhonorar & Timelønnede,5xxx Lønn,Sensorhonorar & Timelønnede - 2026-M02 (HUM),21412.46,EMP-115,EMP-135,True,OK,2026_UiA_Full_Oct
TX-20577,2026-03-09,2026-M03,Q1,T1,HUM,Fakultet for humaniora og pedagogikk (HUM),Fakultet,5330,Sensorhonorar & Timelønnede,5xxx Lønn,Sensorhonorar & Timelønnede - 2026-M03 (HUM),229580.17,EMP-115,EMP-135,True,OK,2026_UiA_Full_Oct
TX-20578,2026-03-18,2026-M03,Q1,T1,HUM,Fakultet for humaniora og pedagogikk (HUM),Fakultet,5330,Sensorhonorar & Timelønnede,5xxx Lønn,Sensorhonorar & Timelønnede - 2026-M03 (HUM),728439.83,EMP-115,EMP-135,True,OK,2026_UiA_Full_Oct
TX-20579,2026-03-27,2026-M03,Q1,T1,HUM,Fakultet for humaniora og pedagogikk (HUM),Fakultet,5330,Sensorhonorar & Timelønnede,5xxx Lønn,Sensorhonorar & Timelønnede - 2026-M03 (HUM),76973.41,EMP-115,EMP-135,True,OK,2026_UiA_Full_Oct
TX-20580,2026-04-09,2026-M04,Q2,T1,HUM,Fakultet for humaniora og pedagogikk (HUM),Fakultet,5330,Sensorhonorar & Timelønnede,5xxx Lønn,Sensorhonorar & Timelønnede - 2026-M04 (HUM),346457.85,EMP-115,EMP-135,True,OK,2026_UiA_Full_Oct
TX-20581,2026-04-18,2026-M04,Q2,T1,HUM,Fakultet for humaniora og pedagogikk (HUM),Fakultet,5330,Sensorhonorar & Timelønnede,5xxx Lønn,Sensorhonorar & Timelønnede - 2026-M04 (HUM),579083.45,EMP-115,EMP-135,True,OK,2026_UiA_Full_Oct
TX-20582,2026-04-27,2026-M04,Q2,T1,HUM,Fakultet for humaniora og pedagogikk (HUM),Fakultet,5330,Sensorhonorar & Timelønnede,5xxx Lønn,Sensorhonorar & Timelønnede - 2026-M04 (HUM),117217.17,EMP-115,EMP-135,True,OK,2026_UiA_Full_Oct
TX-20583,2026-05-09,2026-M05,Q2,T2,HUM,Fakultet for humaniora og pedagogikk (HUM),Fakultet,5330,Sensorhonorar & Timelønnede,5xxx Lønn,Sensorhonorar & Timelønnede - 2026-M05 (HUM),772168.12,EMP-115,EMP-135,True,OK,2026_UiA_Full_Oct
TX-20584,2026-05-18,2026-M05,Q2,T2,HUM,Fakultet for humaniora og pedagogikk (HUM),Fakultet,5330,Sensorhonorar & Timelønnede,5xxx Lønn,Sensorhonorar & Timelønnede - 2026-M05 (HUM),78531.64,EMP-115,EMP-135,True,OK,2026_UiA_Full_Oct
TX-20585,2026-05-27,2026-M05,Q2,T2,HUM,Fakultet for humaniora og pedagogikk (HUM),Fakultet,5330,Sensorhonorar & Timelønnede,5xxx Lønn,Sensorhonorar & Timelønnede - 2026-M05 (HUM),205828.66,EMP-115,EMP-135,True,OK,2026_UiA_Full_Oct
TX-20586,2026-06-09,2026-M06,Q2,T2,HUM,Fakultet for humaniora og pedagogikk (HUM),Fakultet,5330,Sensorhonorar & Timelønnede,5xxx Lønn,Sensorhonorar & Timelønnede - 2026-M06 (HUM),25141.48,EMP-115,EMP-135,True,OK,2026_UiA_Full_Oct
TX-20587,2026-06-18,2026-M06,Q2,T2,HUM,Fakultet for humaniora og pedagogikk (HUM),Fakultet,5330,Sensorhonorar & Timelønnede,5xxx Lønn,Sensorhonorar & Timelønnede - 2026-M06 (HUM),442953.2,EMP-115,EMP-135,True,OK,2026_UiA_Full_Oct
TX-20588,2026-06-27,2026-M06,Q2,T2,HUM,Fakultet for humaniora og pedagogikk (HUM),Fakultet,5330,Sensorhonorar & Timelønnede,5xxx Lønn,Sensorhonorar & Timelønnede - 2026-M06 (HUM),592448.53,EMP-115,EMP-135,True,OK,2026_UiA_Full_Oct
TX-20589,2026-07-09,2026-M07,Q3,T2,HUM,Fakultet for humaniora og pedagogikk (HUM),Fakultet,5330,Sensorhonorar & Timelønnede,5xxx Lønn,Sensorhonorar & Timelønnede - 2026-M07 (HUM),174679.29,EMP-115,EMP-135,True,OK,2026_UiA_Full_Oct
TX-20590,2026-07-18,2026-M07,Q3,T2,HUM,Fakultet for humaniora og pedagogikk (HUM),Fakultet,5330,Sensorhonorar & Timelønnede,5xxx Lønn,Sensorhonorar & Timelønnede - 2026-M07 (HUM),86279.69,EMP-115,EMP-135,True,OK,2026_UiA_Full_Oct
TX-20591,2026-07-27,2026-M07,Q3,T2,HUM,Fakultet for humaniora og pedagogikk (HUM),Fakultet,5330,Sensorhonorar & Timelønnede,5xxx Lønn,Sensorhonorar & Timelønnede - 2026-M07 (HUM),796671.57,EMP-115,EMP-135,True,OK,2026_UiA_Full_Oct
TX-20592,2026-08-09,2026-M08,Q3,T2,HUM,Fakultet for humaniora og pedagogikk (HUM),Fakultet,5330,Sensorhonorar & Timelønnede,5xxx Lønn,Sensorhonorar & Timelønnede - 2026-M08 (HUM),545102.52,EMP-115,EMP-135,True,OK,2026_UiA_Full_Oct
TX-20593,2026-08-18,2026-M08,Q3,T2,HUM,Fakultet for humaniora og pedagogikk (HUM),Fakultet,5330,Sensorhonorar & Timelønnede,5xxx Lønn,Sensorhonorar & Timelønnede - 2026-M08 (HUM),249615.39,EMP-115,EMP-135,True,OK,2026_UiA_Full_Oct
TX-20594,2026-08-27,2026-M08,Q3,T2,HUM,Fakultet for humaniora og pedagogikk (HUM),Fakultet,5330,Sensorhonorar & Timelønnede,5xxx Lønn,Sensorhonorar & Timelønnede - 2026-M08 (HUM),246210.76,EMP-115,EMP-135,True,OK,2026_UiA_Full_Oct
TX-20595,2026-09-09,2026-M09,Q3,T3,HUM,Fakultet for humaniora og pedagogikk (HUM),Fakultet,5330,Sensorhonorar & Timelønnede,5xxx Lønn,Sensorhonorar & Timelønnede - 2026-M09 (HUM),269011.56,EMP-115,EMP-135,True,OK,2026_UiA_Full_Oct
TX-20596,2026-09-18,2026-M09,Q3,T3,HUM,Fakultet for humaniora og pedagogikk (HUM),Fakultet,5330,Sensorhonorar & Timelønnede,5xxx Lønn,Sensorhonorar & Timelønnede - 2026-M09 (HUM),85331.55,EMP-115,EMP-135,True,OK,2026_UiA_Full_Oct
TX-20597,2026-09-27,2026-M09,Q3,T3,HUM,Fakultet for humaniora og pedagogikk (HUM),Fakultet,5330,Sensorhonorar & Timelønnede,5xxx Lønn,Sensorhonorar & Timelønnede - 2026-M09 (HUM),699716.48,EMP-115,EMP-135,True,OK,2026_UiA_Full_Oct
TX-20598,2026-10-09,2026-M10,Q4,T3,HUM,Fakultet for humaniora og pedagogikk (HUM),Fakultet,5330,Sensorhonorar & Timelønnede,5xxx Lønn,Sensorhonorar & Timelønnede - 2026-M10 (HUM),681120.67,EMP-115,EMP-135,True,OK,2026_UiA_Full_Oct
TX-20599,2026-10-18,2026-M10,Q4,T3,HUM,Fakultet for humaniora og pedagogikk (HUM),Fakultet,5330,Sensorhonorar & Timelønnede,5xxx Lønn,Sensorhonorar & Timelønnede - 2026-M10 (HUM),256683.56,EMP-115,EMP-135,True,OK,2026_UiA_Full_Oct
TX-20600,2026-10-27,2026-M10,Q4,T3,HUM,Fakultet for humaniora og pedagogikk (HUM),Fakultet,5330,Sensorhonorar & Timelønnede,5xxx Lønn,Sensorhonorar & Timelønnede - 2026-M10 (HUM),116712.56,EMP-115,EMP-135,True,OK,2026_UiA_Full_Oct
TX-20601,2026-01-09,2026-M01,Q1,T1,HUM,Fakultet for humaniora og pedagogikk (HUM),Fakultet,6000,Husleie & Eiendomsdrift,6xxx Drift,Husleie & Eiendomsdrift - 2026-M01 (HUM),1127742.06,EMP-115,EMP-135,True,OK,2026_UiA_Full_Oct
TX-20602,2026-01-18,2026-M01,Q1,T1,HUM,Fakultet for humaniora og pedagogikk (HUM),Fakultet,6000,Husleie & Eiendomsdrift,6xxx Drift,Husleie & Eiendomsdrift - 2026-M01 (HUM),994841.38,EMP-115,EMP-135,True,OK,2026_UiA_Full_Oct
TX-20603,2026-01-27,2026-M01,Q1,T1,HUM,Fakultet for humaniora og pedagogikk (HUM),Fakultet,6000,Husleie & Eiendomsdrift,6xxx Drift,Husleie & Eiendomsdrift - 2026-M01 (HUM),342320.89,EMP-115,EMP-135,True,OK,2026_UiA_Full_Oct
TX-20604,2026-02-09,2026-M02,Q1,T1,HUM,Fakultet for humaniora og pedagogikk (HUM),Fakultet,6000,Husleie & Eiendomsdrift,6xxx Drift,Husleie & Eiendomsdrift - 2026-M02 (HUM),1641090.57,EMP-115,EMP-135,True,OK,2026_UiA_Full_Oct
TX-20605,2026-02-18,2026-M02,Q1,T1,HUM,Fakultet for humaniora og pedagogikk (HUM),Fakultet,6000,Husleie & Eiendomsdrift,6xxx Drift,Husleie & Eiendomsdrift - 2026-M02 (HUM),27180.75,EMP-115,EMP-135,True,OK,2026_UiA_Full_Oct
TX-20606,2026-02-27,2026-M02,Q1,T1,HUM,Fakultet for humaniora og pedagogikk (HUM),Fakultet,6000,Husleie & Eiendomsdrift,6xxx Drift,Husleie & Eiendomsdrift - 2026-M02 (HUM),764632.69,EMP-115,EMP-135,True,OK,2026_UiA_Full_Oct
TX-20607,2026-03-09,2026-M03,Q1,T1,HUM,Fakultet for humaniora og pedagogikk (HUM),Fakultet,6000,Husleie & Eiendomsdrift,6xxx Drift,Husleie & Eiendomsdrift - 2026-M03 (HUM),227920.51,EMP-115,EMP-135,True,OK,2026_UiA_Full_Oct
TX-20608,2026-03-18,2026-M03,Q1,T1,HUM,Fakultet for humaniora og pedagogikk (HUM),Fakultet,6000,Husleie & Eiendomsdrift,6xxx Drift,Husleie & Eiendomsdrift - 2026-M03 (HUM),345690.05,EMP-115,EMP-135,True,OK,2026_UiA_Full_Oct
TX-20609,2026-03-27,2026-M03,Q1,T1,HUM,Fakultet for humaniora og pedagogikk (HUM),Fakultet,6000,Husleie & Eiendomsdrift,6xxx Drift,Husleie & Eiendomsdrift - 2026-M03 (HUM),1873024.34,EMP-115,EMP-135,True,OK,2026_UiA_Full_Oct
TX-20610,2026-04-09,2026-M04,Q2,T1,HUM,Fakultet for humaniora og pedagogikk (HUM),Fakultet,6000,Husleie & Eiendomsdrift,6xxx Drift,Husleie & Eiendomsdrift - 2026-M04 (HUM),2070524.32,EMP-115,EMP-135,True,OK,2026_UiA_Full_Oct
TX-20611,2026-04-18,2026-M04,Q2,T1,HUM,Fakultet for humaniora og pedagogikk (HUM),Fakultet,6000,Husleie & Eiendomsdrift,6xxx Drift,Husleie & Eiendomsdrift - 2026-M04 (HUM),78466.55,EMP-115,EMP-135,True,OK,2026_UiA_Full_Oct
TX-20612,2026-04-27,2026-M04,Q2,T1,HUM,Fakultet for humaniora og pedagogikk (HUM),Fakultet,6000,Husleie & Eiendomsdrift,6xxx Drift,Husleie & Eiendomsdrift - 2026-M04 (HUM),275432.82,EMP-115,EMP-135,True,OK,2026_UiA_Full_Oct
TX-20613,2026-05-09,2026-M05,Q2,T2,HUM,Fakultet for humaniora og pedagogikk (HUM),Fakultet,6000,Husleie & Eiendomsdrift,6xxx Drift,Husleie & Eiendomsdrift - 2026-M05 (HUM),390454.33,EMP-115,EMP-135,True,OK,2026_UiA_Full_Oct
TX-20614,2026-05-18,2026-M05,Q2,T2,HUM,Fakultet for humaniora og pedagogikk (HUM),Fakultet,6000,Husleie & Eiendomsdrift,6xxx Drift,Husleie & Eiendomsdrift - 2026-M05 (HUM),1838261.97,EMP-115,EMP-135,True,OK,2026_UiA_Full_Oct
TX-20615,2026-05-27,2026-M05,Q2,T2,HUM,Fakultet for humaniora og pedagogikk (HUM),Fakultet,6000,Husleie & Eiendomsdrift,6xxx Drift,Husleie & Eiendomsdrift - 2026-M05 (HUM),237274.59,EMP-115,EMP-135,True,OK,2026_UiA_Full_Oct
TX-20616,2026-06-09,2026-M06,Q2,T2,HUM,Fakultet for humaniora og pedagogikk (HUM),Fakultet,6000,Husleie & Eiendomsdrift,6xxx Drift,Husleie & Eiendomsdrift - 2026-M06 (HUM),465692.88,EMP-115,EMP-135,True,OK,2026_UiA_Full_Oct
TX-20617,2026-06-18,2026-M06,Q2,T2,HUM,Fakultet for humaniora og pedagogikk (HUM),Fakultet,6000,Husleie & Eiendomsdrift,6xxx Drift,Husleie & Eiendomsdrift - 2026-M06 (HUM),1513831.62,EMP-115,EMP-135,True,OK,2026_UiA_Full_Oct
TX-20618,2026-06-27,2026-M06,Q2,T2,HUM,Fakultet for humaniora og pedagogikk (HUM),Fakultet,6000,Husleie & Eiendomsdrift,6xxx Drift,Husleie & Eiendomsdrift - 2026-M06 (HUM),462069.56,EMP-115,EMP-135,True,OK,2026_UiA_Full_Oct
TX-20619,2026-07-09,2026-M07,Q3,T2,HUM,Fakultet for humaniora og pedagogikk (HUM),Fakultet,6000,Husleie & Eiendomsdrift,6xxx Drift,Husleie & Eiendomsdrift - 2026-M07 (HUM),1132765.95,EMP-115,EMP-135,True,OK,2026_UiA_Full_Oct
TX-20620,2026-07-18,2026-M07,Q3,T2,HUM,Fakultet for humaniora og pedagogikk (HUM),Fakultet,6000,Husleie & Eiendomsdrift,6xxx Drift,Husleie & Eiendomsdrift - 2026-M07 (HUM),233749.42,EMP-115,EMP-135,True,OK,2026_UiA_Full_Oct
TX-20621,2026-07-27,2026-M07,Q3,T2,HUM,Fakultet for humaniora og pedagogikk (HUM),Fakultet,6000,Husleie & Eiendomsdrift,6xxx Drift,Husleie & Eiendomsdrift - 2026-M07 (HUM),1074363.85,EMP-115,EMP-135,True,OK,2026_UiA_Full_Oct
TX-20622,2026-08-09,2026-M08,Q3,T2,HUM,Fakultet for humaniora og pedagogikk (HUM),Fakultet,6000,Husleie & Eiendomsdrift,6xxx Drift,Husleie & Eiendomsdrift - 2026-M08 (HUM),246176.27,EMP-115,EMP-135,True,OK,2026_UiA_Full_Oct
TX-20623,2026-08-18,2026-M08,Q3,T2,HUM,Fakultet for humaniora og pedagogikk (HUM),Fakultet,6000,Husleie & Eiendomsdrift,6xxx Drift,Husleie & Eiendomsdrift - 2026-M08 (HUM),927630.79,EMP-115,EMP-135,True,OK,2026_UiA_Full_Oct
TX-20624,2026-08-27,2026-M08,Q3,T2,HUM,Fakultet for humaniora og pedagogikk (HUM),Fakultet,6000,Husleie & Eiendomsdrift,6xxx Drift,Husleie & Eiendomsdrift - 2026-M08 (HUM),1260569.78,EMP-115,EMP-135,True,OK,2026_UiA_Full_Oct
TX-20625,2026-09-09,2026-M09,Q3,T3,HUM,Fakultet for humaniora og pedagogikk (HUM),Fakultet,6000,Husleie & Eiendomsdrift,6xxx Drift,Husleie & Eiendomsdrift - 2026-M09 (HUM),150899.57,EMP-115,EMP-135,True,OK,2026_UiA_Full_Oct
TX-20626,2026-09-18,2026-M09,Q3,T3,HUM,Fakultet for humaniora og pedagogikk (HUM),Fakultet,6000,Husleie & Eiendomsdrift,6xxx Drift,Husleie & Eiendomsdrift - 2026-M09 (HUM),27505.14,EMP-115,EMP-135,True,OK,2026_UiA_Full_Oct
TX-20627,2026-09-27,2026-M09,Q3,T3,HUM,Fakultet for humaniora og pedagogikk (HUM),Fakultet,6000,Husleie & Eiendomsdrift,6xxx Drift,Husleie & Eiendomsdrift - 2026-M09 (HUM),2242883.65,EMP-115,EMP-135,True,OK,2026_UiA_Full_Oct
TX-20628,2026-10-09,2026-M10,Q4,T3,HUM,Fakultet for humaniora og pedagogikk (HUM),Fakultet,6000,Husleie & Eiendomsdrift,6xxx Drift,Husleie & Eiendomsdrift - 2026-M10 (HUM),355848.95,EMP-115,EMP-135,True,OK,2026_UiA_Full_Oct
TX-20629,2026-10-18,2026-M10,Q4,T3,HUM,Fakultet for humaniora og pedagogikk (HUM),Fakultet,6000,Husleie & Eiendomsdrift,6xxx Drift,Husleie & Eiendomsdrift - 2026-M10 (HUM),90681.99,EMP-115,EMP-135,True,OK,2026_UiA_Full_Oct
TX-20630,2026-10-27,2026-M10,Q4,T3,HUM,Fakultet for humaniora og pedagogikk (HUM),Fakultet,6000,Husleie & Eiendomsdrift,6xxx Drift,Husleie & Eiendomsdrift - 2026-M10 (HUM),1998246.57,EMP-115,EMP-135,True,OK,2026_UiA_Full_Oct
TX-20631,2026-01-09,2026-M01,Q1,T1,HUM,Fakultet for humaniora og pedagogikk (HUM),Fakultet,6800,"IKT, Rekvisita & Utstyr",6xxx Drift,"IKT, Rekvisita & Utstyr - 2026-M01 (HUM)",268952.87,EMP-115,EMP-135,True,OK,2026_UiA_Full_Oct
TX-20632,2026-01-18,2026-M01,Q1,T1,HUM,Fakultet for humaniora og pedagogikk (HUM),Fakultet,6800,"IKT, Rekvisita & Utstyr",6xxx Drift,"IKT, Rekvisita & Utstyr - 2026-M01 (HUM)",8624.33,EMP-115,EMP-135,True,OK,2026_UiA_Full_Oct
TX-20633,2026-01-27,2026-M01,Q1,T1,HUM,Fakultet for humaniora og pedagogikk (HUM),Fakultet,6800,"IKT, Rekvisita & Utstyr",6xxx Drift,"IKT, Rekvisita & Utstyr - 2026-M01 (HUM)",1124115.13,EMP-115,EMP-135,False,BRUDD: Mangler kvittering (>100 NOK),2026_UiA_Full_Oct
TX-20634,2026-02-09,2026-M02,Q1,T1,HUM,Fakultet for humaniora og pedagogikk (HUM),Fakultet,6800,"IKT, Rekvisita & Utstyr",6xxx Drift,"IKT, Rekvisita & Utstyr - 2026-M02 (HUM)",828149.21,EMP-115,EMP-135,True,OK,2026_UiA_Full_Oct
TX-20635,2026-02-18,2026-M02,Q1,T1,HUM,Fakultet for humaniora og pedagogikk (HUM),Fakultet,6800,"IKT, Rekvisita & Utstyr",6xxx Drift,"IKT, Rekvisita & Utstyr - 2026-M02 (HUM)",334229.7,EMP-115,EMP-135,True,OK,2026_UiA_Full_Oct
TX-20636,2026-02-27,2026-M02,Q1,T1,HUM,Fakultet for humaniora og pedagogikk (HUM),Fakultet,6800,"IKT, Rekvisita & Utstyr",6xxx Drift,"IKT, Rekvisita & Utstyr - 2026-M02 (HUM)",226169.91,EMP-115,EMP-135,True,OK,2026_UiA_Full_Oct
TX-20637,2026-03-09,2026-M03,Q1,T1,HUM,Fakultet for humaniora og pedagogikk (HUM),Fakultet,6800,"IKT, Rekvisita & Utstyr",6xxx Drift,"IKT, Rekvisita & Utstyr - 2026-M03 (HUM)",114204.92,EMP-115,EMP-135,True,OK,2026_UiA_Full_Oct
TX-20638,2026-03-18,2026-M03,Q1,T1,HUM,Fakultet for humaniora og pedagogikk (HUM),Fakultet,6800,"IKT, Rekvisita & Utstyr",6xxx Drift,"IKT, Rekvisita & Utstyr - 2026-M03 (HUM)",972807.38,EMP-115,EMP-135,True,OK,2026_UiA_Full_Oct
TX-20639,2026-03-27,2026-M03,Q1,T1,HUM,Fakultet for humaniora og pedagogikk (HUM),Fakultet,6800,"IKT, Rekvisita & Utstyr",6xxx Drift,"IKT, Rekvisita & Utstyr - 2026-M03 (HUM)",301233.3,EMP-115,EMP-135,True,OK,2026_UiA_Full_Oct
TX-20640,2026-04-09,2026-M04,Q2,T1,HUM,Fakultet for humaniora og pedagogikk (HUM),Fakultet,6800,"IKT, Rekvisita & Utstyr",6xxx Drift,"IKT, Rekvisita & Utstyr - 2026-M04 (HUM)",403522.65,EMP-115,EMP-135,True,OK,2026_UiA_Full_Oct
TX-20641,2026-04-18,2026-M04,Q2,T1,HUM,Fakultet for humaniora og pedagogikk (HUM),Fakultet,6800,"IKT, Rekvisita & Utstyr",6xxx Drift,"IKT, Rekvisita & Utstyr - 2026-M04 (HUM)",278601.05,EMP-115,EMP-135,True,OK,2026_UiA_Full_Oct
TX-20642,2026-04-27,2026-M04,Q2,T1,HUM,Fakultet for humaniora og pedagogikk (HUM),Fakultet,6800,"IKT, Rekvisita & Utstyr",6xxx Drift,"IKT, Rekvisita & Utstyr - 2026-M04 (HUM)",717877.31,EMP-115,EMP-135,True,OK,2026_UiA_Full_Oct
TX-20643,2026-05-09,2026-M05,Q2,T2,HUM,Fakultet for humaniora og pedagogikk (HUM),Fakultet,6800,"IKT, Rekvisita & Utstyr",6xxx Drift,"IKT, Rekvisita & Utstyr - 2026-M05 (HUM)",832559.01,EMP-115,EMP-135,True,OK,2026_UiA_Full_Oct
TX-20644,2026-05-18,2026-M05,Q2,T2,HUM,Fakultet for humaniora og pedagogikk (HUM),Fakultet,6800,"IKT, Rekvisita & Utstyr",6xxx Drift,"IKT, Rekvisita & Utstyr - 2026-M05 (HUM)",218079.21,EMP-115,EMP-135,True,OK,2026_UiA_Full_Oct
TX-20645,2026-05-27,2026-M05,Q2,T2,HUM,Fakultet for humaniora og pedagogikk (HUM),Fakultet,6800,"IKT, Rekvisita & Utstyr",6xxx Drift,"IKT, Rekvisita & Utstyr - 2026-M05 (HUM)",339352.16,EMP-115,EMP-135,True,OK,2026_UiA_Full_Oct
TX-20646,2026-06-09,2026-M06,Q2,T2,HUM,Fakultet for humaniora og pedagogikk (HUM),Fakultet,6800,"IKT, Rekvisita & Utstyr",6xxx Drift,"IKT, Rekvisita & Utstyr - 2026-M06 (HUM)",566194.79,EMP-115,EMP-135,True,OK,2026_UiA_Full_Oct
TX-20647,2026-06-18,2026-M06,Q2,T2,HUM,Fakultet for humaniora og pedagogikk (HUM),Fakultet,6800,"IKT, Rekvisita & Utstyr",6xxx Drift,"IKT, Rekvisita & Utstyr - 2026-M06 (HUM)",251498.1,EMP-115,EMP-135,True,OK,2026_UiA_Full_Oct
TX-20648,2026-06-27,2026-M06,Q2,T2,HUM,Fakultet for humaniora og pedagogikk (HUM),Fakultet,6800,"IKT, Rekvisita & Utstyr",6xxx Drift,"IKT, Rekvisita & Utstyr - 2026-M06 (HUM)",598875.7,EMP-115,EMP-135,True,OK,2026_UiA_Full_Oct
TX-20649,2026-07-09,2026-M07,Q3,T2,HUM,Fakultet for humaniora og pedagogikk (HUM),Fakultet,6800,"IKT, Rekvisita & Utstyr",6xxx Drift,"IKT, Rekvisita & Utstyr - 2026-M07 (HUM)",134921.53,EMP-115,EMP-135,True,OK,2026_UiA_Full_Oct
TX-20650,2026-07-18,2026-M07,Q3,T2,HUM,Fakultet for humaniora og pedagogikk (HUM),Fakultet,6800,"IKT, Rekvisita & Utstyr",6xxx Drift,"IKT, Rekvisita & Utstyr - 2026-M07 (HUM)",747781.17,EMP-115,EMP-135,True,OK,2026_UiA_Full_Oct
TX-20651,2026-07-27,2026-M07,Q3,T2,HUM,Fakultet for humaniora og pedagogikk (HUM),Fakultet,6800,"IKT, Rekvisita & Utstyr",6xxx Drift,"IKT, Rekvisita & Utstyr - 2026-M07 (HUM)",498384.87,EMP-115,EMP-135,True,OK,2026_UiA_Full_Oct
TX-20652,2026-08-09,2026-M08,Q3,T2,HUM,Fakultet for humaniora og pedagogikk (HUM),Fakultet,6800,"IKT, Rekvisita & Utstyr",6xxx Drift,"IKT, Rekvisita & Utstyr - 2026-M08 (HUM)",58985.37,EMP-115,EMP-135,True,OK,2026_UiA_Full_Oct
TX-20653,2026-08-18,2026-M08,Q3,T2,HUM,Fakultet for humaniora og pedagogikk (HUM),Fakultet,6800,"IKT, Rekvisita & Utstyr",6xxx Drift,"IKT, Rekvisita & Utstyr - 2026-M08 (HUM)",404859.24,EMP-115,EMP-135,True,OK,2026_UiA_Full_Oct
TX-20654,2026-08-27,2026-M08,Q3,T2,HUM,Fakultet for humaniora og pedagogikk (HUM),Fakultet,6800,"IKT, Rekvisita & Utstyr",6xxx Drift,"IKT, Rekvisita & Utstyr - 2026-M08 (HUM)",934589.37,EMP-115,EMP-135,True,OK,2026_UiA_Full_Oct
TX-20655,2026-09-09,2026-M09,Q3,T3,HUM,Fakultet for humaniora og pedagogikk (HUM),Fakultet,6800,"IKT, Rekvisita & Utstyr",6xxx Drift,"IKT, Rekvisita & Utstyr - 2026-M09 (HUM)",585159.05,EMP-115,EMP-135,True,OK,2026_UiA_Full_Oct
TX-20656,2026-09-18,2026-M09,Q3,T3,HUM,Fakultet for humaniora og pedagogikk (HUM),Fakultet,6800,"IKT, Rekvisita & Utstyr",6xxx Drift,"IKT, Rekvisita & Utstyr - 2026-M09 (HUM)",700309.82,EMP-115,EMP-135,True,OK,2026_UiA_Full_Oct
TX-20657,2026-09-27,2026-M09,Q3,T3,HUM,Fakultet for humaniora og pedagogikk (HUM),Fakultet,6800,"IKT, Rekvisita & Utstyr",6xxx Drift,"IKT, Rekvisita & Utstyr - 2026-M09 (HUM)",125030.16,EMP-115,EMP-135,True,OK,2026_UiA_Full_Oct
TX-20658,2026-10-09,2026-M10,Q4,T3,HUM,Fakultet for humaniora og pedagogikk (HUM),Fakultet,6800,"IKT, Rekvisita & Utstyr",6xxx Drift,"IKT, Rekvisita & Utstyr - 2026-M10 (HUM)",858504.09,EMP-115,EMP-135,True,OK,2026_UiA_Full_Oct
TX-20659,2026-10-18,2026-M10,Q4,T3,HUM,Fakultet for humaniora og pedagogikk (HUM),Fakultet,6800,"IKT, Rekvisita & Utstyr",6xxx Drift,"IKT, Rekvisita & Utstyr - 2026-M10 (HUM)",230655.18,EMP-115,EMP-135,True,OK,2026_UiA_Full_Oct
TX-20660,2026-10-27,2026-M10,Q4,T3,HUM,Fakultet for humaniora og pedagogikk (HUM),Fakultet,6800,"IKT, Rekvisita & Utstyr",6xxx Drift,"IKT, Rekvisita & Utstyr - 2026-M10 (HUM)",304043.46,EMP-115,EMP-135,True,OK,2026_UiA_Full_Oct
TX-20661,2026-01-09,2026-M01,Q1,T1,HUM,Fakultet for humaniora og pedagogikk (HUM),Fakultet,7100,Reise & Representasjon,7xxx Reiser,Reise & Representasjon - 2026-M01 (HUM),357679.88,EMP-115,EMP-135,True,OK,2026_UiA_Full_Oct
TX-20662,2026-01-18,2026-M01,Q1,T1,HUM,Fakultet for humaniora og pedagogikk (HUM),Fakultet,7100,Reise & Representasjon,7xxx Reiser,Reise & Representasjon - 2026-M01 (HUM),168687.9,EMP-115,EMP-135,True,OK,2026_UiA_Full_Oct
TX-20663,2026-01-27,2026-M01,Q1,T1,HUM,Fakultet for humaniora og pedagogikk (HUM),Fakultet,7100,Reise & Representasjon,7xxx Reiser,Reise & Representasjon - 2026-M01 (HUM),335317.14,EMP-115,EMP-135,True,OK,2026_UiA_Full_Oct
TX-20664,2026-02-09,2026-M02,Q1,T1,HUM,Fakultet for humaniora og pedagogikk (HUM),Fakultet,7100,Reise & Representasjon,7xxx Reiser,Reise & Representasjon - 2026-M02 (HUM),199671.4,EMP-115,EMP-135,True,OK,2026_UiA_Full_Oct
TX-20665,2026-02-18,2026-M02,Q1,T1,HUM,Fakultet for humaniora og pedagogikk (HUM),Fakultet,7100,Reise & Representasjon,7xxx Reiser,Reise & Representasjon - 2026-M02 (HUM),329224.93,EMP-115,EMP-135,True,OK,2026_UiA_Full_Oct
TX-20666,2026-02-27,2026-M02,Q1,T1,HUM,Fakultet for humaniora og pedagogikk (HUM),Fakultet,7100,Reise & Representasjon,7xxx Reiser,Reise & Representasjon - 2026-M02 (HUM),343904.47,EMP-115,EMP-135,True,OK,2026_UiA_Full_Oct
TX-20667,2026-03-09,2026-M03,Q1,T1,HUM,Fakultet for humaniora og pedagogikk (HUM),Fakultet,7100,Reise & Representasjon,7xxx Reiser,Reise & Representasjon - 2026-M03 (HUM),91132.51,EMP-115,EMP-135,True,OK,2026_UiA_Full_Oct
TX-20668,2026-03-18,2026-M03,Q1,T1,HUM,Fakultet for humaniora og pedagogikk (HUM),Fakultet,7100,Reise & Representasjon,7xxx Reiser,Reise & Representasjon - 2026-M03 (HUM),678558.2,EMP-115,EMP-135,True,OK,2026_UiA_Full_Oct
TX-20669,2026-03-27,2026-M03,Q1,T1,HUM,Fakultet for humaniora og pedagogikk (HUM),Fakultet,7100,Reise & Representasjon,7xxx Reiser,Reise & Representasjon - 2026-M03 (HUM),111185.53,EMP-115,EMP-115,True,BRUDD: Egengodkjent (BDM == Attestant),2026_UiA_Full_Oct
TX-20670,2026-04-09,2026-M04,Q2,T1,HUM,Fakultet for humaniora og pedagogikk (HUM),Fakultet,7100,Reise & Representasjon,7xxx Reiser,Reise & Representasjon - 2026-M04 (HUM),45584.66,EMP-115,EMP-135,True,OK,2026_UiA_Full_Oct
TX-20671,2026-04-18,2026-M04,Q2,T1,HUM,Fakultet for humaniora og pedagogikk (HUM),Fakultet,7100,Reise & Representasjon,7xxx Reiser,Reise & Representasjon - 2026-M04 (HUM),602108.83,EMP-115,EMP-135,True,OK,2026_UiA_Full_Oct
TX-20672,2026-04-27,2026-M04,Q2,T1,HUM,Fakultet for humaniora og pedagogikk (HUM),Fakultet,7100,Reise & Representasjon,7xxx Reiser,Reise & Representasjon - 2026-M04 (HUM),212941.4,EMP-115,EMP-135,True,OK,2026_UiA_Full_Oct
TX-20673,2026-05-09,2026-M05,Q2,T2,HUM,Fakultet for humaniora og pedagogikk (HUM),Fakultet,7100,Reise & Representasjon,7xxx Reiser,Reise & Representasjon - 2026-M05 (HUM),191119.45,EMP-115,EMP-135,True,OK,2026_UiA_Full_Oct
TX-20674,2026-05-18,2026-M05,Q2,T2,HUM,Fakultet for humaniora og pedagogikk (HUM),Fakultet,7100,Reise & Representasjon,7xxx Reiser,Reise & Representasjon - 2026-M05 (HUM),379702.72,EMP-115,EMP-135,True,OK,2026_UiA_Full_Oct
TX-20675,2026-05-27,2026-M05,Q2,T2,HUM,Fakultet for humaniora og pedagogikk (HUM),Fakultet,7100,Reise & Representasjon,7xxx Reiser,Reise & Representasjon - 2026-M05 (HUM),296798.73,EMP-115,EMP-135,True,OK,2026_UiA_Full_Oct
TX-20676,2026-06-09,2026-M06,Q2,T2,HUM,Fakultet for humaniora og pedagogikk (HUM),Fakultet,7100,Reise & Representasjon,7xxx Reiser,Reise & Representasjon - 2026-M06 (HUM),138123.49,EMP-115,EMP-135,True,OK,2026_UiA_Full_Oct
TX-20677,2026-06-18,2026-M06,Q2,T2,HUM,Fakultet for humaniora og pedagogikk (HUM),Fakultet,7100,Reise & Representasjon,7xxx Reiser,Reise & Representasjon - 2026-M06 (HUM),366174.18,EMP-115,EMP-135,True,OK,2026_UiA_Full_Oct
TX-20678,2026-06-27,2026-M06,Q2,T2,HUM,Fakultet for humaniora og pedagogikk (HUM),Fakultet,7100,Reise & Representasjon,7xxx Reiser,Reise & Representasjon - 2026-M06 (HUM),361832.14,EMP-115,EMP-135,True,OK,2026_UiA_Full_Oct
TX-20679,2026-07-09,2026-M07,Q3,T2,HUM,Fakultet for humaniora og pedagogikk (HUM),Fakultet,7100,Reise & Representasjon,7xxx Reiser,Reise & Representasjon - 2026-M07 (HUM),49671.08,EMP-115,EMP-115,True,BRUDD: Egengodkjent (BDM == Attestant),2026_UiA_Full_Oct
TX-20680,2026-07-18,2026-M07,Q3,T2,HUM,Fakultet for humaniora og pedagogikk (HUM),Fakultet,7100,Reise & Representasjon,7xxx Reiser,Reise & Representasjon - 2026-M07 (HUM),556155.09,EMP-115,EMP-135,True,OK,2026_UiA_Full_Oct
TX-20681,2026-07-27,2026-M07,Q3,T2,HUM,Fakultet for humaniora og pedagogikk (HUM),Fakultet,7100,Reise & Representasjon,7xxx Reiser,Reise & Representasjon - 2026-M07 (HUM),273267.17,EMP-115,EMP-135,True,OK,2026_UiA_Full_Oct
TX-20682,2026-08-09,2026-M08,Q3,T2,HUM,Fakultet for humaniora og pedagogikk (HUM),Fakultet,7100,Reise & Representasjon,7xxx Reiser,Reise & Representasjon - 2026-M08 (HUM),237950.66,EMP-115,EMP-115,True,BRUDD: Egengodkjent (BDM == Attestant),2026_UiA_Full_Oct
TX-20683,2026-08-18,2026-M08,Q3,T2,HUM,Fakultet for humaniora og pedagogikk (HUM),Fakultet,7100,Reise & Representasjon,7xxx Reiser,Reise & Representasjon - 2026-M08 (HUM),446301.88,EMP-115,EMP-135,True,OK,2026_UiA_Full_Oct
TX-20684,2026-08-27,2026-M08,Q3,T2,HUM,Fakultet for humaniora og pedagogikk (HUM),Fakultet,7100,Reise & Representasjon,7xxx Reiser,Reise & Representasjon - 2026-M08 (HUM),178543.54,EMP-115,EMP-135,True,OK,2026_UiA_Full_Oct
TX-20685,2026-09-09,2026-M09,Q3,T3,HUM,Fakultet for humaniora og pedagogikk (HUM),Fakultet,7100,Reise & Representasjon,7xxx Reiser,Reise & Representasjon - 2026-M09 (HUM),689626.95,EMP-115,EMP-135,True,OK,2026_UiA_Full_Oct
TX-20686,2026-09-18,2026-M09,Q3,T3,HUM,Fakultet for humaniora og pedagogikk (HUM),Fakultet,7100,Reise & Representasjon,7xxx Reiser,Reise & Representasjon - 2026-M09 (HUM),178228.84,EMP-115,EMP-135,True,OK,2026_UiA_Full_Oct
TX-20687,2026-09-27,2026-M09,Q3,T3,HUM,Fakultet for humaniora og pedagogikk (HUM),Fakultet,7100,Reise & Representasjon,7xxx Reiser,Reise & Representasjon - 2026-M09 (HUM),8639.13,EMP-115,EMP-135,True,OK,2026_UiA_Full_Oct
TX-20688,2026-10-09,2026-M10,Q4,T3,HUM,Fakultet for humaniora og pedagogikk (HUM),Fakultet,7100,Reise & Representasjon,7xxx Reiser,Reise & Representasjon - 2026-M10 (HUM),159710.65,EMP-115,EMP-135,True,OK,2026_UiA_Full_Oct
TX-20689,2026-10-18,2026-M10,Q4,T3,HUM,Fakultet for humaniora og pedagogikk (HUM),Fakultet,7100,Reise & Representasjon,7xxx Reiser,Reise & Representasjon - 2026-M10 (HUM),458377.76,EMP-115,EMP-135,True,OK,2026_UiA_Full_Oct
TX-20690,2026-10-27,2026-M10,Q4,T3,HUM,Fakultet for humaniora og pedagogikk (HUM),Fakultet,7100,Reise & Representasjon,7xxx Reiser,Reise & Representasjon - 2026-M10 (HUM),252679.72,EMP-115,EMP-135,True,OK,2026_UiA_Full_Oct
TX-20691,2026-01-09,2026-M01,Q1,T1,HUM,Fakultet for humaniora og pedagogikk (HUM),Fakultet,7800,Andre Driftskostnader & Konsulenter,7xxx Reiser,Andre Driftskostnader & Konsulenter - 2026-M01 (HUM),372385.41,EMP-115,EMP-135,True,OK,2026_UiA_Full_Oct
TX-20692,2026-01-18,2026-M01,Q1,T1,HUM,Fakultet for humaniora og pedagogikk (HUM),Fakultet,7800,Andre Driftskostnader & Konsulenter,7xxx Reiser,Andre Driftskostnader & Konsulenter - 2026-M01 (HUM),28887.75,EMP-115,EMP-135,True,OK,2026_UiA_Full_Oct
TX-20693,2026-01-27,2026-M01,Q1,T1,HUM,Fakultet for humaniora og pedagogikk (HUM),Fakultet,7800,Andre Driftskostnader & Konsulenter,7xxx Reiser,Andre Driftskostnader & Konsulenter - 2026-M01 (HUM),117030.69,EMP-115,EMP-135,True,OK,2026_UiA_Full_Oct
TX-20694,2026-02-09,2026-M02,Q1,T1,HUM,Fakultet for humaniora og pedagogikk (HUM),Fakultet,7800,Andre Driftskostnader & Konsulenter,7xxx Reiser,Andre Driftskostnader & Konsulenter - 2026-M02 (HUM),73756.32,EMP-115,EMP-135,True,OK,2026_UiA_Full_Oct
TX-20695,2026-02-18,2026-M02,Q1,T1,HUM,Fakultet for humaniora og pedagogikk (HUM),Fakultet,7800,Andre Driftskostnader & Konsulenter,7xxx Reiser,Andre Driftskostnader & Konsulenter - 2026-M02 (HUM),43803.22,EMP-115,EMP-135,True,OK,2026_UiA_Full_Oct
TX-20696,2026-02-27,2026-M02,Q1,T1,HUM,Fakultet for humaniora og pedagogikk (HUM),Fakultet,7800,Andre Driftskostnader & Konsulenter,7xxx Reiser,Andre Driftskostnader & Konsulenter - 2026-M02 (HUM),410479.36,EMP-115,EMP-135,True,OK,2026_UiA_Full_Oct
TX-20697,2026-03-09,2026-M03,Q1,T1,HUM,Fakultet for humaniora og pedagogikk (HUM),Fakultet,7800,Andre Driftskostnader & Konsulenter,7xxx Reiser,Andre Driftskostnader & Konsulenter - 2026-M03 (HUM),193302.06,EMP-115,EMP-135,True,OK,2026_UiA_Full_Oct
TX-20698,2026-03-18,2026-M03,Q1,T1,HUM,Fakultet for humaniora og pedagogikk (HUM),Fakultet,7800,Andre Driftskostnader & Konsulenter,7xxx Reiser,Andre Driftskostnader & Konsulenter - 2026-M03 (HUM),146769.99,EMP-115,EMP-135,True,OK,2026_UiA_Full_Oct
TX-20699,2026-03-27,2026-M03,Q1,T1,HUM,Fakultet for humaniora og pedagogikk (HUM),Fakultet,7800,Andre Driftskostnader & Konsulenter,7xxx Reiser,Andre Driftskostnader & Konsulenter - 2026-M03 (HUM),187240.48,EMP-115,EMP-135,True,OK,2026_UiA_Full_Oct
TX-20700,2026-04-09,2026-M04,Q2,T1,HUM,Fakultet for humaniora og pedagogikk (HUM),Fakultet,7800,Andre Driftskostnader & Konsulenter,7xxx Reiser,Andre Driftskostnader & Konsulenter - 2026-M04 (HUM),341715.44,EMP-115,EMP-135,True,OK,2026_UiA_Full_Oct
TX-20701,2026-04-18,2026-M04,Q2,T1,HUM,Fakultet for humaniora og pedagogikk (HUM),Fakultet,7800,Andre Driftskostnader & Konsulenter,7xxx Reiser,Andre Driftskostnader & Konsulenter - 2026-M04 (HUM),1773.84,EMP-115,EMP-135,True,OK,2026_UiA_Full_Oct
TX-20702,2026-04-27,2026-M04,Q2,T1,HUM,Fakultet for humaniora og pedagogikk (HUM),Fakultet,7800,Andre Driftskostnader & Konsulenter,7xxx Reiser,Andre Driftskostnader & Konsulenter - 2026-M04 (HUM),180263.02,EMP-115,EMP-135,True,OK,2026_UiA_Full_Oct
TX-20703,2026-05-09,2026-M05,Q2,T2,HUM,Fakultet for humaniora og pedagogikk (HUM),Fakultet,7800,Andre Driftskostnader & Konsulenter,7xxx Reiser,Andre Driftskostnader & Konsulenter - 2026-M05 (HUM),34008.21,EMP-115,EMP-135,True,OK,2026_UiA_Full_Oct
TX-20704,2026-05-18,2026-M05,Q2,T2,HUM,Fakultet for humaniora og pedagogikk (HUM),Fakultet,7800,Andre Driftskostnader & Konsulenter,7xxx Reiser,Andre Driftskostnader & Konsulenter - 2026-M05 (HUM),165426.78,EMP-115,EMP-135,True,OK,2026_UiA_Full_Oct
TX-20705,2026-05-27,2026-M05,Q2,T2,HUM,Fakultet for humaniora og pedagogikk (HUM),Fakultet,7800,Andre Driftskostnader & Konsulenter,7xxx Reiser,Andre Driftskostnader & Konsulenter - 2026-M05 (HUM),317650.78,EMP-115,EMP-135,True,OK,2026_UiA_Full_Oct
TX-20706,2026-06-09,2026-M06,Q2,T2,HUM,Fakultet for humaniora og pedagogikk (HUM),Fakultet,7800,Andre Driftskostnader & Konsulenter,7xxx Reiser,Andre Driftskostnader & Konsulenter - 2026-M06 (HUM),13929.97,EMP-115,EMP-135,True,OK,2026_UiA_Full_Oct
TX-20707,2026-06-18,2026-M06,Q2,T2,HUM,Fakultet for humaniora og pedagogikk (HUM),Fakultet,7800,Andre Driftskostnader & Konsulenter,7xxx Reiser,Andre Driftskostnader & Konsulenter - 2026-M06 (HUM),96990.9,EMP-115,EMP-135,True,OK,2026_UiA_Full_Oct
TX-20708,2026-06-27,2026-M06,Q2,T2,HUM,Fakultet for humaniora og pedagogikk (HUM),Fakultet,7800,Andre Driftskostnader & Konsulenter,7xxx Reiser,Andre Driftskostnader & Konsulenter - 2026-M06 (HUM),412676.54,EMP-115,EMP-135,True,OK,2026_UiA_Full_Oct
TX-20709,2026-07-09,2026-M07,Q3,T2,HUM,Fakultet for humaniora og pedagogikk (HUM),Fakultet,7800,Andre Driftskostnader & Konsulenter,7xxx Reiser,Andre Driftskostnader & Konsulenter - 2026-M07 (HUM),167040.7,EMP-115,EMP-135,True,OK,2026_UiA_Full_Oct
TX-20710,2026-07-18,2026-M07,Q3,T2,HUM,Fakultet for humaniora og pedagogikk (HUM),Fakultet,7800,Andre Driftskostnader & Konsulenter,7xxx Reiser,Andre Driftskostnader & Konsulenter - 2026-M07 (HUM),153592.48,EMP-115,EMP-135,True,OK,2026_UiA_Full_Oct
TX-20711,2026-07-27,2026-M07,Q3,T2,HUM,Fakultet for humaniora og pedagogikk (HUM),Fakultet,7800,Andre Driftskostnader & Konsulenter,7xxx Reiser,Andre Driftskostnader & Konsulenter - 2026-M07 (HUM),201255.53,EMP-115,EMP-135,True,OK,2026_UiA_Full_Oct
TX-20712,2026-08-09,2026-M08,Q3,T2,HUM,Fakultet for humaniora og pedagogikk (HUM),Fakultet,7800,Andre Driftskostnader & Konsulenter,7xxx Reiser,Andre Driftskostnader & Konsulenter - 2026-M08 (HUM),226549.13,EMP-115,EMP-135,True,OK,2026_UiA_Full_Oct
TX-20713,2026-08-18,2026-M08,Q3,T2,HUM,Fakultet for humaniora og pedagogikk (HUM),Fakultet,7800,Andre Driftskostnader & Konsulenter,7xxx Reiser,Andre Driftskostnader & Konsulenter - 2026-M08 (HUM),291195.47,EMP-115,EMP-135,True,OK,2026_UiA_Full_Oct
TX-20714,2026-08-27,2026-M08,Q3,T2,HUM,Fakultet for humaniora og pedagogikk (HUM),Fakultet,7800,Andre Driftskostnader & Konsulenter,7xxx Reiser,Andre Driftskostnader & Konsulenter - 2026-M08 (HUM),3512.04,EMP-115,EMP-135,True,OK,2026_UiA_Full_Oct
TX-20715,2026-09-09,2026-M09,Q3,T3,HUM,Fakultet for humaniora og pedagogikk (HUM),Fakultet,7800,Andre Driftskostnader & Konsulenter,7xxx Reiser,Andre Driftskostnader & Konsulenter - 2026-M09 (HUM),93923.33,EMP-115,EMP-135,True,OK,2026_UiA_Full_Oct
TX-20716,2026-09-18,2026-M09,Q3,T3,HUM,Fakultet for humaniora og pedagogikk (HUM),Fakultet,7800,Andre Driftskostnader & Konsulenter,7xxx Reiser,Andre Driftskostnader & Konsulenter - 2026-M09 (HUM),311876.64,EMP-115,EMP-135,True,OK,2026_UiA_Full_Oct
TX-20717,2026-09-27,2026-M09,Q3,T3,HUM,Fakultet for humaniora og pedagogikk (HUM),Fakultet,7800,Andre Driftskostnader & Konsulenter,7xxx Reiser,Andre Driftskostnader & Konsulenter - 2026-M09 (HUM),114272.55,EMP-115,EMP-135,True,OK,2026_UiA_Full_Oct
TX-20718,2026-10-09,2026-M10,Q4,T3,HUM,Fakultet for humaniora og pedagogikk (HUM),Fakultet,7800,Andre Driftskostnader & Konsulenter,7xxx Reiser,Andre Driftskostnader & Konsulenter - 2026-M10 (HUM),45582.04,EMP-115,EMP-135,True,OK,2026_UiA_Full_Oct
TX-20719,2026-10-18,2026-M10,Q4,T3,HUM,Fakultet for humaniora og pedagogikk (HUM),Fakultet,7800,Andre Driftskostnader & Konsulenter,7xxx Reiser,Andre Driftskostnader & Konsulenter - 2026-M10 (HUM),428501.92,EMP-115,EMP-135,True,OK,2026_UiA_Full_Oct
TX-20720,2026-10-27,2026-M10,Q4,T3,HUM,Fakultet for humaniora og pedagogikk (HUM),Fakultet,7800,Andre Driftskostnader & Konsulenter,7xxx Reiser,Andre Driftskostnader & Konsulenter - 2026-M10 (HUM),51557.56,EMP-115,EMP-135,True,OK,2026_UiA_Full_Oct
TX-20721,2026-01-09,2026-M01,Q1,T1,KUNST,Fakultet for kunstfag (KUNST),Fakultet,3000,Statlig Rammebevilgning (Kap 260.50),3xxx Inntekter,Statlig Rammebevilgning (Kap 260.50) - 2026-M01 (KUNST),-2750633.87,EMP-106,EMP-126,True,OK,2026_UiA_Full_Oct
TX-20722,2026-01-18,2026-M01,Q1,T1,KUNST,Fakultet for kunstfag (KUNST),Fakultet,3000,Statlig Rammebevilgning (Kap 260.50),3xxx Inntekter,Statlig Rammebevilgning (Kap 260.50) - 2026-M01 (KUNST),-562650.49,EMP-106,EMP-126,True,OK,2026_UiA_Full_Oct
TX-20723,2026-01-27,2026-M01,Q1,T1,KUNST,Fakultet for kunstfag (KUNST),Fakultet,3000,Statlig Rammebevilgning (Kap 260.50),3xxx Inntekter,Statlig Rammebevilgning (Kap 260.50) - 2026-M01 (KUNST),-3585326.77,EMP-106,EMP-126,True,OK,2026_UiA_Full_Oct
TX-20724,2026-02-09,2026-M02,Q1,T1,KUNST,Fakultet for kunstfag (KUNST),Fakultet,3000,Statlig Rammebevilgning (Kap 260.50),3xxx Inntekter,Statlig Rammebevilgning (Kap 260.50) - 2026-M02 (KUNST),-3607726.49,EMP-106,EMP-126,True,OK,2026_UiA_Full_Oct
TX-20725,2026-02-18,2026-M02,Q1,T1,KUNST,Fakultet for kunstfag (KUNST),Fakultet,3000,Statlig Rammebevilgning (Kap 260.50),3xxx Inntekter,Statlig Rammebevilgning (Kap 260.50) - 2026-M02 (KUNST),-562761.11,EMP-106,EMP-126,True,OK,2026_UiA_Full_Oct
TX-20726,2026-02-27,2026-M02,Q1,T1,KUNST,Fakultet for kunstfag (KUNST),Fakultet,3000,Statlig Rammebevilgning (Kap 260.50),3xxx Inntekter,Statlig Rammebevilgning (Kap 260.50) - 2026-M02 (KUNST),-2693552.45,EMP-106,EMP-126,True,OK,2026_UiA_Full_Oct
TX-20727,2026-03-09,2026-M03,Q1,T1,KUNST,Fakultet for kunstfag (KUNST),Fakultet,3000,Statlig Rammebevilgning (Kap 260.50),3xxx Inntekter,Statlig Rammebevilgning (Kap 260.50) - 2026-M03 (KUNST),-2284497.64,EMP-106,EMP-126,True,OK,2026_UiA_Full_Oct
TX-20728,2026-03-18,2026-M03,Q1,T1,KUNST,Fakultet for kunstfag (KUNST),Fakultet,3000,Statlig Rammebevilgning (Kap 260.50),3xxx Inntekter,Statlig Rammebevilgning (Kap 260.50) - 2026-M03 (KUNST),-399911.59,EMP-106,EMP-126,True,OK,2026_UiA_Full_Oct
TX-20729,2026-03-27,2026-M03,Q1,T1,KUNST,Fakultet for kunstfag (KUNST),Fakultet,3000,Statlig Rammebevilgning (Kap 260.50),3xxx Inntekter,Statlig Rammebevilgning (Kap 260.50) - 2026-M03 (KUNST),-4151757.6,EMP-106,EMP-126,True,OK,2026_UiA_Full_Oct
TX-20730,2026-04-09,2026-M04,Q2,T1,KUNST,Fakultet for kunstfag (KUNST),Fakultet,3000,Statlig Rammebevilgning (Kap 260.50),3xxx Inntekter,Statlig Rammebevilgning (Kap 260.50) - 2026-M04 (KUNST),-2705389.98,EMP-106,EMP-126,True,OK,2026_UiA_Full_Oct
TX-20731,2026-04-18,2026-M04,Q2,T1,KUNST,Fakultet for kunstfag (KUNST),Fakultet,3000,Statlig Rammebevilgning (Kap 260.50),3xxx Inntekter,Statlig Rammebevilgning (Kap 260.50) - 2026-M04 (KUNST),-3247249.19,EMP-106,EMP-126,True,OK,2026_UiA_Full_Oct
TX-20732,2026-04-27,2026-M04,Q2,T1,KUNST,Fakultet for kunstfag (KUNST),Fakultet,3000,Statlig Rammebevilgning (Kap 260.50),3xxx Inntekter,Statlig Rammebevilgning (Kap 260.50) - 2026-M04 (KUNST),-973474.53,EMP-106,EMP-126,True,OK,2026_UiA_Full_Oct
TX-20733,2026-05-09,2026-M05,Q2,T2,KUNST,Fakultet for kunstfag (KUNST),Fakultet,3000,Statlig Rammebevilgning (Kap 260.50),3xxx Inntekter,Statlig Rammebevilgning (Kap 260.50) - 2026-M05 (KUNST),-5318050.73,EMP-106,EMP-126,True,OK,2026_UiA_Full_Oct
TX-20734,2026-05-18,2026-M05,Q2,T2,KUNST,Fakultet for kunstfag (KUNST),Fakultet,3000,Statlig Rammebevilgning (Kap 260.50),3xxx Inntekter,Statlig Rammebevilgning (Kap 260.50) - 2026-M05 (KUNST),-1621263.3,EMP-106,EMP-126,True,OK,2026_UiA_Full_Oct
TX-20735,2026-05-27,2026-M05,Q2,T2,KUNST,Fakultet for kunstfag (KUNST),Fakultet,3000,Statlig Rammebevilgning (Kap 260.50),3xxx Inntekter,Statlig Rammebevilgning (Kap 260.50) - 2026-M05 (KUNST),-47145.46,EMP-106,EMP-126,True,OK,2026_UiA_Full_Oct
TX-20736,2026-06-09,2026-M06,Q2,T2,KUNST,Fakultet for kunstfag (KUNST),Fakultet,3000,Statlig Rammebevilgning (Kap 260.50),3xxx Inntekter,Statlig Rammebevilgning (Kap 260.50) - 2026-M06 (KUNST),-565420.33,EMP-106,EMP-126,True,OK,2026_UiA_Full_Oct
TX-20737,2026-06-18,2026-M06,Q2,T2,KUNST,Fakultet for kunstfag (KUNST),Fakultet,3000,Statlig Rammebevilgning (Kap 260.50),3xxx Inntekter,Statlig Rammebevilgning (Kap 260.50) - 2026-M06 (KUNST),-680830.87,EMP-106,EMP-126,True,OK,2026_UiA_Full_Oct
TX-20738,2026-06-27,2026-M06,Q2,T2,KUNST,Fakultet for kunstfag (KUNST),Fakultet,3000,Statlig Rammebevilgning (Kap 260.50),3xxx Inntekter,Statlig Rammebevilgning (Kap 260.50) - 2026-M06 (KUNST),-5590975.65,EMP-106,EMP-126,True,OK,2026_UiA_Full_Oct
TX-20739,2026-07-09,2026-M07,Q3,T2,KUNST,Fakultet for kunstfag (KUNST),Fakultet,3000,Statlig Rammebevilgning (Kap 260.50),3xxx Inntekter,Statlig Rammebevilgning (Kap 260.50) - 2026-M07 (KUNST),-2349979.21,EMP-106,EMP-126,True,OK,2026_UiA_Full_Oct
TX-20740,2026-07-18,2026-M07,Q3,T2,KUNST,Fakultet for kunstfag (KUNST),Fakultet,3000,Statlig Rammebevilgning (Kap 260.50),3xxx Inntekter,Statlig Rammebevilgning (Kap 260.50) - 2026-M07 (KUNST),-91669.01,EMP-106,EMP-126,True,OK,2026_UiA_Full_Oct
TX-20741,2026-07-27,2026-M07,Q3,T2,KUNST,Fakultet for kunstfag (KUNST),Fakultet,3000,Statlig Rammebevilgning (Kap 260.50),3xxx Inntekter,Statlig Rammebevilgning (Kap 260.50) - 2026-M07 (KUNST),-4546674.65,EMP-106,EMP-126,True,OK,2026_UiA_Full_Oct
TX-20742,2026-08-09,2026-M08,Q3,T2,KUNST,Fakultet for kunstfag (KUNST),Fakultet,3000,Statlig Rammebevilgning (Kap 260.50),3xxx Inntekter,Statlig Rammebevilgning (Kap 260.50) - 2026-M08 (KUNST),-711376.97,EMP-106,EMP-126,True,OK,2026_UiA_Full_Oct
TX-20743,2026-08-18,2026-M08,Q3,T2,KUNST,Fakultet for kunstfag (KUNST),Fakultet,3000,Statlig Rammebevilgning (Kap 260.50),3xxx Inntekter,Statlig Rammebevilgning (Kap 260.50) - 2026-M08 (KUNST),-3162306.77,EMP-106,EMP-126,True,OK,2026_UiA_Full_Oct
TX-20744,2026-08-27,2026-M08,Q3,T2,KUNST,Fakultet for kunstfag (KUNST),Fakultet,3000,Statlig Rammebevilgning (Kap 260.50),3xxx Inntekter,Statlig Rammebevilgning (Kap 260.50) - 2026-M08 (KUNST),-3134880.63,EMP-106,EMP-126,True,OK,2026_UiA_Full_Oct
TX-20745,2026-09-09,2026-M09,Q3,T3,KUNST,Fakultet for kunstfag (KUNST),Fakultet,3000,Statlig Rammebevilgning (Kap 260.50),3xxx Inntekter,Statlig Rammebevilgning (Kap 260.50) - 2026-M09 (KUNST),-498903.37,EMP-106,EMP-126,True,OK,2026_UiA_Full_Oct
TX-20746,2026-09-18,2026-M09,Q3,T3,KUNST,Fakultet for kunstfag (KUNST),Fakultet,3000,Statlig Rammebevilgning (Kap 260.50),3xxx Inntekter,Statlig Rammebevilgning (Kap 260.50) - 2026-M09 (KUNST),-3099338.13,EMP-106,EMP-126,True,OK,2026_UiA_Full_Oct
TX-20747,2026-09-27,2026-M09,Q3,T3,KUNST,Fakultet for kunstfag (KUNST),Fakultet,3000,Statlig Rammebevilgning (Kap 260.50),3xxx Inntekter,Statlig Rammebevilgning (Kap 260.50) - 2026-M09 (KUNST),-3247929.97,EMP-106,EMP-126,True,OK,2026_UiA_Full_Oct
TX-20748,2026-10-09,2026-M10,Q4,T3,KUNST,Fakultet for kunstfag (KUNST),Fakultet,3000,Statlig Rammebevilgning (Kap 260.50),3xxx Inntekter,Statlig Rammebevilgning (Kap 260.50) - 2026-M10 (KUNST),-2698871.55,EMP-106,EMP-126,True,OK,2026_UiA_Full_Oct
TX-20749,2026-10-18,2026-M10,Q4,T3,KUNST,Fakultet for kunstfag (KUNST),Fakultet,3000,Statlig Rammebevilgning (Kap 260.50),3xxx Inntekter,Statlig Rammebevilgning (Kap 260.50) - 2026-M10 (KUNST),-3993752.56,EMP-106,EMP-126,True,OK,2026_UiA_Full_Oct
TX-20750,2026-10-27,2026-M10,Q4,T3,KUNST,Fakultet for kunstfag (KUNST),Fakultet,3000,Statlig Rammebevilgning (Kap 260.50),3xxx Inntekter,Statlig Rammebevilgning (Kap 260.50) - 2026-M10 (KUNST),-252110.15,EMP-106,EMP-126,True,OK,2026_UiA_Full_Oct
TX-20751,2026-01-09,2026-M01,Q1,T1,KUNST,Fakultet for kunstfag (KUNST),Fakultet,3400,BOA Ekstern Prosjektstøtte (NFR/EU),3xxx Inntekter,BOA Ekstern Prosjektstøtte (NFR/EU) - 2026-M01 (KUNST),-209129.07,EMP-106,EMP-126,True,OK,2026_UiA_Full_Oct
TX-20752,2026-01-18,2026-M01,Q1,T1,KUNST,Fakultet for kunstfag (KUNST),Fakultet,3400,BOA Ekstern Prosjektstøtte (NFR/EU),3xxx Inntekter,BOA Ekstern Prosjektstøtte (NFR/EU) - 2026-M01 (KUNST),-593237.84,EMP-106,EMP-126,True,OK,2026_UiA_Full_Oct
TX-20753,2026-01-27,2026-M01,Q1,T1,KUNST,Fakultet for kunstfag (KUNST),Fakultet,3400,BOA Ekstern Prosjektstøtte (NFR/EU),3xxx Inntekter,BOA Ekstern Prosjektstøtte (NFR/EU) - 2026-M01 (KUNST),-710260.49,EMP-106,EMP-126,True,OK,2026_UiA_Full_Oct
TX-20754,2026-02-09,2026-M02,Q1,T1,KUNST,Fakultet for kunstfag (KUNST),Fakultet,3400,BOA Ekstern Prosjektstøtte (NFR/EU),3xxx Inntekter,BOA Ekstern Prosjektstøtte (NFR/EU) - 2026-M02 (KUNST),-64418.19,EMP-106,EMP-126,True,OK,2026_UiA_Full_Oct
TX-20755,2026-02-18,2026-M02,Q1,T1,KUNST,Fakultet for kunstfag (KUNST),Fakultet,3400,BOA Ekstern Prosjektstøtte (NFR/EU),3xxx Inntekter,BOA Ekstern Prosjektstøtte (NFR/EU) - 2026-M02 (KUNST),-570585.71,EMP-106,EMP-126,True,OK,2026_UiA_Full_Oct
TX-20756,2026-02-27,2026-M02,Q1,T1,KUNST,Fakultet for kunstfag (KUNST),Fakultet,3400,BOA Ekstern Prosjektstøtte (NFR/EU),3xxx Inntekter,BOA Ekstern Prosjektstøtte (NFR/EU) - 2026-M02 (KUNST),-892321.19,EMP-106,EMP-126,True,OK,2026_UiA_Full_Oct
TX-20757,2026-03-09,2026-M03,Q1,T1,KUNST,Fakultet for kunstfag (KUNST),Fakultet,3400,BOA Ekstern Prosjektstøtte (NFR/EU),3xxx Inntekter,BOA Ekstern Prosjektstøtte (NFR/EU) - 2026-M03 (KUNST),-127359.05,EMP-106,EMP-126,True,OK,2026_UiA_Full_Oct
TX-20758,2026-03-18,2026-M03,Q1,T1,KUNST,Fakultet for kunstfag (KUNST),Fakultet,3400,BOA Ekstern Prosjektstøtte (NFR/EU),3xxx Inntekter,BOA Ekstern Prosjektstøtte (NFR/EU) - 2026-M03 (KUNST),-301537.73,EMP-106,EMP-126,True,OK,2026_UiA_Full_Oct
TX-20759,2026-03-27,2026-M03,Q1,T1,KUNST,Fakultet for kunstfag (KUNST),Fakultet,3400,BOA Ekstern Prosjektstøtte (NFR/EU),3xxx Inntekter,BOA Ekstern Prosjektstøtte (NFR/EU) - 2026-M03 (KUNST),-1080187.34,EMP-106,EMP-126,True,OK,2026_UiA_Full_Oct
TX-20760,2026-04-09,2026-M04,Q2,T1,KUNST,Fakultet for kunstfag (KUNST),Fakultet,3400,BOA Ekstern Prosjektstøtte (NFR/EU),3xxx Inntekter,BOA Ekstern Prosjektstøtte (NFR/EU) - 2026-M04 (KUNST),-1281231.29,EMP-106,EMP-126,True,OK,2026_UiA_Full_Oct
TX-20761,2026-04-18,2026-M04,Q2,T1,KUNST,Fakultet for kunstfag (KUNST),Fakultet,3400,BOA Ekstern Prosjektstøtte (NFR/EU),3xxx Inntekter,BOA Ekstern Prosjektstøtte (NFR/EU) - 2026-M04 (KUNST),-7502.69,EMP-106,EMP-126,True,OK,2026_UiA_Full_Oct
TX-20762,2026-04-27,2026-M04,Q2,T1,KUNST,Fakultet for kunstfag (KUNST),Fakultet,3400,BOA Ekstern Prosjektstøtte (NFR/EU),3xxx Inntekter,BOA Ekstern Prosjektstøtte (NFR/EU) - 2026-M04 (KUNST),-231065.47,EMP-106,EMP-126,True,OK,2026_UiA_Full_Oct
TX-20763,2026-05-09,2026-M05,Q2,T2,KUNST,Fakultet for kunstfag (KUNST),Fakultet,3400,BOA Ekstern Prosjektstøtte (NFR/EU),3xxx Inntekter,BOA Ekstern Prosjektstøtte (NFR/EU) - 2026-M05 (KUNST),-996211.38,EMP-106,EMP-126,True,OK,2026_UiA_Full_Oct
TX-20764,2026-05-18,2026-M05,Q2,T2,KUNST,Fakultet for kunstfag (KUNST),Fakultet,3400,BOA Ekstern Prosjektstøtte (NFR/EU),3xxx Inntekter,BOA Ekstern Prosjektstøtte (NFR/EU) - 2026-M05 (KUNST),-52881.49,EMP-106,EMP-126,True,OK,2026_UiA_Full_Oct
TX-20765,2026-05-27,2026-M05,Q2,T2,KUNST,Fakultet for kunstfag (KUNST),Fakultet,3400,BOA Ekstern Prosjektstøtte (NFR/EU),3xxx Inntekter,BOA Ekstern Prosjektstøtte (NFR/EU) - 2026-M05 (KUNST),-452232.2,EMP-106,EMP-126,True,OK,2026_UiA_Full_Oct
TX-20766,2026-06-09,2026-M06,Q2,T2,KUNST,Fakultet for kunstfag (KUNST),Fakultet,3400,BOA Ekstern Prosjektstøtte (NFR/EU),3xxx Inntekter,BOA Ekstern Prosjektstøtte (NFR/EU) - 2026-M06 (KUNST),-312635.48,EMP-106,EMP-126,True,OK,2026_UiA_Full_Oct
TX-20767,2026-06-18,2026-M06,Q2,T2,KUNST,Fakultet for kunstfag (KUNST),Fakultet,3400,BOA Ekstern Prosjektstøtte (NFR/EU),3xxx Inntekter,BOA Ekstern Prosjektstøtte (NFR/EU) - 2026-M06 (KUNST),-661712.5,EMP-106,EMP-126,True,OK,2026_UiA_Full_Oct
TX-20768,2026-06-27,2026-M06,Q2,T2,KUNST,Fakultet for kunstfag (KUNST),Fakultet,3400,BOA Ekstern Prosjektstøtte (NFR/EU),3xxx Inntekter,BOA Ekstern Prosjektstøtte (NFR/EU) - 2026-M06 (KUNST),-523134.34,EMP-106,EMP-126,True,OK,2026_UiA_Full_Oct
TX-20769,2026-07-09,2026-M07,Q3,T2,KUNST,Fakultet for kunstfag (KUNST),Fakultet,3400,BOA Ekstern Prosjektstøtte (NFR/EU),3xxx Inntekter,BOA Ekstern Prosjektstøtte (NFR/EU) - 2026-M07 (KUNST),-108943.1,EMP-106,EMP-126,True,OK,2026_UiA_Full_Oct
TX-20770,2026-07-18,2026-M07,Q3,T2,KUNST,Fakultet for kunstfag (KUNST),Fakultet,3400,BOA Ekstern Prosjektstøtte (NFR/EU),3xxx Inntekter,BOA Ekstern Prosjektstøtte (NFR/EU) - 2026-M07 (KUNST),-975838.26,EMP-106,EMP-126,True,OK,2026_UiA_Full_Oct
TX-20771,2026-07-27,2026-M07,Q3,T2,KUNST,Fakultet for kunstfag (KUNST),Fakultet,3400,BOA Ekstern Prosjektstøtte (NFR/EU),3xxx Inntekter,BOA Ekstern Prosjektstøtte (NFR/EU) - 2026-M07 (KUNST),-428913.05,EMP-106,EMP-126,True,OK,2026_UiA_Full_Oct
TX-20772,2026-08-09,2026-M08,Q3,T2,KUNST,Fakultet for kunstfag (KUNST),Fakultet,3400,BOA Ekstern Prosjektstøtte (NFR/EU),3xxx Inntekter,BOA Ekstern Prosjektstøtte (NFR/EU) - 2026-M08 (KUNST),-183210.06,EMP-106,EMP-126,True,OK,2026_UiA_Full_Oct
TX-20773,2026-08-18,2026-M08,Q3,T2,KUNST,Fakultet for kunstfag (KUNST),Fakultet,3400,BOA Ekstern Prosjektstøtte (NFR/EU),3xxx Inntekter,BOA Ekstern Prosjektstøtte (NFR/EU) - 2026-M08 (KUNST),-203623.64,EMP-106,EMP-126,True,OK,2026_UiA_Full_Oct
TX-20774,2026-08-27,2026-M08,Q3,T2,KUNST,Fakultet for kunstfag (KUNST),Fakultet,3400,BOA Ekstern Prosjektstøtte (NFR/EU),3xxx Inntekter,BOA Ekstern Prosjektstøtte (NFR/EU) - 2026-M08 (KUNST),-1125128.1,EMP-106,EMP-126,True,OK,2026_UiA_Full_Oct
TX-20775,2026-09-09,2026-M09,Q3,T3,KUNST,Fakultet for kunstfag (KUNST),Fakultet,3400,BOA Ekstern Prosjektstøtte (NFR/EU),3xxx Inntekter,BOA Ekstern Prosjektstøtte (NFR/EU) - 2026-M09 (KUNST),-1348152.2,EMP-106,EMP-126,True,OK,2026_UiA_Full_Oct
TX-20776,2026-09-18,2026-M09,Q3,T3,KUNST,Fakultet for kunstfag (KUNST),Fakultet,3400,BOA Ekstern Prosjektstøtte (NFR/EU),3xxx Inntekter,BOA Ekstern Prosjektstøtte (NFR/EU) - 2026-M09 (KUNST),-54098.24,EMP-106,EMP-126,True,OK,2026_UiA_Full_Oct
TX-20777,2026-09-27,2026-M09,Q3,T3,KUNST,Fakultet for kunstfag (KUNST),Fakultet,3400,BOA Ekstern Prosjektstøtte (NFR/EU),3xxx Inntekter,BOA Ekstern Prosjektstøtte (NFR/EU) - 2026-M09 (KUNST),-116443.73,EMP-106,EMP-126,True,OK,2026_UiA_Full_Oct
TX-20778,2026-10-09,2026-M10,Q4,T3,KUNST,Fakultet for kunstfag (KUNST),Fakultet,3400,BOA Ekstern Prosjektstøtte (NFR/EU),3xxx Inntekter,BOA Ekstern Prosjektstøtte (NFR/EU) - 2026-M10 (KUNST),-222701.33,EMP-106,EMP-126,True,OK,2026_UiA_Full_Oct
TX-20779,2026-10-18,2026-M10,Q4,T3,KUNST,Fakultet for kunstfag (KUNST),Fakultet,3400,BOA Ekstern Prosjektstøtte (NFR/EU),3xxx Inntekter,BOA Ekstern Prosjektstøtte (NFR/EU) - 2026-M10 (KUNST),-1160530.1,EMP-106,EMP-126,True,OK,2026_UiA_Full_Oct
TX-20780,2026-10-27,2026-M10,Q4,T3,KUNST,Fakultet for kunstfag (KUNST),Fakultet,3400,BOA Ekstern Prosjektstøtte (NFR/EU),3xxx Inntekter,BOA Ekstern Prosjektstøtte (NFR/EU) - 2026-M10 (KUNST),-153320.03,EMP-106,EMP-126,True,OK,2026_UiA_Full_Oct
TX-20781,2026-01-09,2026-M01,Q1,T1,KUNST,Fakultet for kunstfag (KUNST),Fakultet,5000,Fast Lønn & Sosiale Kostnader,5xxx Lønn,Fast Lønn & Sosiale Kostnader - 2026-M01 (KUNST),1952260.65,EMP-106,EMP-126,True,OK,2026_UiA_Full_Oct
TX-20782,2026-01-18,2026-M01,Q1,T1,KUNST,Fakultet for kunstfag (KUNST),Fakultet,5000,Fast Lønn & Sosiale Kostnader,5xxx Lønn,Fast Lønn & Sosiale Kostnader - 2026-M01 (KUNST),871352.82,EMP-106,EMP-126,True,OK,2026_UiA_Full_Oct
TX-20783,2026-01-27,2026-M01,Q1,T1,KUNST,Fakultet for kunstfag (KUNST),Fakultet,5000,Fast Lønn & Sosiale Kostnader,5xxx Lønn,Fast Lønn & Sosiale Kostnader - 2026-M01 (KUNST),2639366.6,EMP-106,EMP-126,True,OK,2026_UiA_Full_Oct
TX-20784,2026-02-09,2026-M02,Q1,T1,KUNST,Fakultet for kunstfag (KUNST),Fakultet,5000,Fast Lønn & Sosiale Kostnader,5xxx Lønn,Fast Lønn & Sosiale Kostnader - 2026-M02 (KUNST),126570.86,EMP-106,EMP-126,True,OK,2026_UiA_Full_Oct
TX-20785,2026-02-18,2026-M02,Q1,T1,KUNST,Fakultet for kunstfag (KUNST),Fakultet,5000,Fast Lønn & Sosiale Kostnader,5xxx Lønn,Fast Lønn & Sosiale Kostnader - 2026-M02 (KUNST),3552109.25,EMP-106,EMP-126,True,OK,2026_UiA_Full_Oct
TX-20786,2026-02-27,2026-M02,Q1,T1,KUNST,Fakultet for kunstfag (KUNST),Fakultet,5000,Fast Lønn & Sosiale Kostnader,5xxx Lønn,Fast Lønn & Sosiale Kostnader - 2026-M02 (KUNST),1769304.64,EMP-106,EMP-126,True,OK,2026_UiA_Full_Oct
TX-20787,2026-03-09,2026-M03,Q1,T1,KUNST,Fakultet for kunstfag (KUNST),Fakultet,5000,Fast Lønn & Sosiale Kostnader,5xxx Lønn,Fast Lønn & Sosiale Kostnader - 2026-M03 (KUNST),1095592.35,EMP-106,EMP-126,True,OK,2026_UiA_Full_Oct
TX-20788,2026-03-18,2026-M03,Q1,T1,KUNST,Fakultet for kunstfag (KUNST),Fakultet,5000,Fast Lønn & Sosiale Kostnader,5xxx Lønn,Fast Lønn & Sosiale Kostnader - 2026-M03 (KUNST),1294742.5,EMP-106,EMP-126,True,OK,2026_UiA_Full_Oct
TX-20789,2026-03-27,2026-M03,Q1,T1,KUNST,Fakultet for kunstfag (KUNST),Fakultet,5000,Fast Lønn & Sosiale Kostnader,5xxx Lønn,Fast Lønn & Sosiale Kostnader - 2026-M03 (KUNST),3025445.25,EMP-106,EMP-126,True,OK,2026_UiA_Full_Oct
TX-20790,2026-04-09,2026-M04,Q2,T1,KUNST,Fakultet for kunstfag (KUNST),Fakultet,5000,Fast Lønn & Sosiale Kostnader,5xxx Lønn,Fast Lønn & Sosiale Kostnader - 2026-M04 (KUNST),595525.35,EMP-106,EMP-126,True,OK,2026_UiA_Full_Oct
TX-20791,2026-04-18,2026-M04,Q2,T1,KUNST,Fakultet for kunstfag (KUNST),Fakultet,5000,Fast Lønn & Sosiale Kostnader,5xxx Lønn,Fast Lønn & Sosiale Kostnader - 2026-M04 (KUNST),674433.47,EMP-106,EMP-126,True,OK,2026_UiA_Full_Oct
TX-20792,2026-04-27,2026-M04,Q2,T1,KUNST,Fakultet for kunstfag (KUNST),Fakultet,5000,Fast Lønn & Sosiale Kostnader,5xxx Lønn,Fast Lønn & Sosiale Kostnader - 2026-M04 (KUNST),4154992.85,EMP-106,EMP-126,True,OK,2026_UiA_Full_Oct
TX-20793,2026-05-09,2026-M05,Q2,T2,KUNST,Fakultet for kunstfag (KUNST),Fakultet,5000,Fast Lønn & Sosiale Kostnader,5xxx Lønn,Fast Lønn & Sosiale Kostnader - 2026-M05 (KUNST),280227.91,EMP-106,EMP-126,True,OK,2026_UiA_Full_Oct
TX-20794,2026-05-18,2026-M05,Q2,T2,KUNST,Fakultet for kunstfag (KUNST),Fakultet,5000,Fast Lønn & Sosiale Kostnader,5xxx Lønn,Fast Lønn & Sosiale Kostnader - 2026-M05 (KUNST),3048779.29,EMP-106,EMP-126,True,OK,2026_UiA_Full_Oct
TX-20795,2026-05-27,2026-M05,Q2,T2,KUNST,Fakultet for kunstfag (KUNST),Fakultet,5000,Fast Lønn & Sosiale Kostnader,5xxx Lønn,Fast Lønn & Sosiale Kostnader - 2026-M05 (KUNST),2089983.29,EMP-106,EMP-126,True,OK,2026_UiA_Full_Oct
TX-20796,2026-06-09,2026-M06,Q2,T2,KUNST,Fakultet for kunstfag (KUNST),Fakultet,5000,Fast Lønn & Sosiale Kostnader,5xxx Lønn,Fast Lønn & Sosiale Kostnader - 2026-M06 (KUNST),23798.65,EMP-106,EMP-126,True,OK,2026_UiA_Full_Oct
TX-20797,2026-06-18,2026-M06,Q2,T2,KUNST,Fakultet for kunstfag (KUNST),Fakultet,5000,Fast Lønn & Sosiale Kostnader,5xxx Lønn,Fast Lønn & Sosiale Kostnader - 2026-M06 (KUNST),4924395.41,EMP-106,EMP-126,True,OK,2026_UiA_Full_Oct
TX-20798,2026-06-27,2026-M06,Q2,T2,KUNST,Fakultet for kunstfag (KUNST),Fakultet,5000,Fast Lønn & Sosiale Kostnader,5xxx Lønn,Fast Lønn & Sosiale Kostnader - 2026-M06 (KUNST),510302.27,EMP-106,EMP-126,True,OK,2026_UiA_Full_Oct
TX-20799,2026-07-09,2026-M07,Q3,T2,KUNST,Fakultet for kunstfag (KUNST),Fakultet,5000,Fast Lønn & Sosiale Kostnader,5xxx Lønn,Fast Lønn & Sosiale Kostnader - 2026-M07 (KUNST),1920440.54,EMP-106,EMP-126,True,OK,2026_UiA_Full_Oct
TX-20800,2026-07-18,2026-M07,Q3,T2,KUNST,Fakultet for kunstfag (KUNST),Fakultet,5000,Fast Lønn & Sosiale Kostnader,5xxx Lønn,Fast Lønn & Sosiale Kostnader - 2026-M07 (KUNST),2090197.08,EMP-106,EMP-126,True,OK,2026_UiA_Full_Oct
TX-20801,2026-07-27,2026-M07,Q3,T2,KUNST,Fakultet for kunstfag (KUNST),Fakultet,5000,Fast Lønn & Sosiale Kostnader,5xxx Lønn,Fast Lønn & Sosiale Kostnader - 2026-M07 (KUNST),1329384.41,EMP-106,EMP-126,True,OK,2026_UiA_Full_Oct
TX-20802,2026-08-09,2026-M08,Q3,T2,KUNST,Fakultet for kunstfag (KUNST),Fakultet,5000,Fast Lønn & Sosiale Kostnader,5xxx Lønn,Fast Lønn & Sosiale Kostnader - 2026-M08 (KUNST),296505.94,EMP-106,EMP-126,True,OK,2026_UiA_Full_Oct
TX-20803,2026-08-18,2026-M08,Q3,T2,KUNST,Fakultet for kunstfag (KUNST),Fakultet,5000,Fast Lønn & Sosiale Kostnader,5xxx Lønn,Fast Lønn & Sosiale Kostnader - 2026-M08 (KUNST),3621827.38,EMP-106,EMP-126,True,OK,2026_UiA_Full_Oct
TX-20804,2026-08-27,2026-M08,Q3,T2,KUNST,Fakultet for kunstfag (KUNST),Fakultet,5000,Fast Lønn & Sosiale Kostnader,5xxx Lønn,Fast Lønn & Sosiale Kostnader - 2026-M08 (KUNST),1519756.67,EMP-106,EMP-126,True,OK,2026_UiA_Full_Oct
TX-20805,2026-09-09,2026-M09,Q3,T3,KUNST,Fakultet for kunstfag (KUNST),Fakultet,5000,Fast Lønn & Sosiale Kostnader,5xxx Lønn,Fast Lønn & Sosiale Kostnader - 2026-M09 (KUNST),3063628.49,EMP-106,EMP-126,True,OK,2026_UiA_Full_Oct
TX-20806,2026-09-18,2026-M09,Q3,T3,KUNST,Fakultet for kunstfag (KUNST),Fakultet,5000,Fast Lønn & Sosiale Kostnader,5xxx Lønn,Fast Lønn & Sosiale Kostnader - 2026-M09 (KUNST),469661.81,EMP-106,EMP-126,True,OK,2026_UiA_Full_Oct
TX-20807,2026-09-27,2026-M09,Q3,T3,KUNST,Fakultet for kunstfag (KUNST),Fakultet,5000,Fast Lønn & Sosiale Kostnader,5xxx Lønn,Fast Lønn & Sosiale Kostnader - 2026-M09 (KUNST),1803928.21,EMP-106,EMP-126,True,OK,2026_UiA_Full_Oct
TX-20808,2026-10-09,2026-M10,Q4,T3,KUNST,Fakultet for kunstfag (KUNST),Fakultet,5000,Fast Lønn & Sosiale Kostnader,5xxx Lønn,Fast Lønn & Sosiale Kostnader - 2026-M10 (KUNST),217116.43,EMP-106,EMP-126,True,OK,2026_UiA_Full_Oct
TX-20809,2026-10-18,2026-M10,Q4,T3,KUNST,Fakultet for kunstfag (KUNST),Fakultet,5000,Fast Lønn & Sosiale Kostnader,5xxx Lønn,Fast Lønn & Sosiale Kostnader - 2026-M10 (KUNST),864943.92,EMP-106,EMP-126,True,OK,2026_UiA_Full_Oct
TX-20810,2026-10-27,2026-M10,Q4,T3,KUNST,Fakultet for kunstfag (KUNST),Fakultet,5000,Fast Lønn & Sosiale Kostnader,5xxx Lønn,Fast Lønn & Sosiale Kostnader - 2026-M10 (KUNST),4287710.36,EMP-106,EMP-126,True,OK,2026_UiA_Full_Oct
TX-20811,2026-01-09,2026-M01,Q1,T1,KUNST,Fakultet for kunstfag (KUNST),Fakultet,5330,Sensorhonorar & Timelønnede,5xxx Lønn,Sensorhonorar & Timelønnede - 2026-M01 (KUNST),145763.87,EMP-106,EMP-126,True,OK,2026_UiA_Full_Oct
TX-20812,2026-01-18,2026-M01,Q1,T1,KUNST,Fakultet for kunstfag (KUNST),Fakultet,5330,Sensorhonorar & Timelønnede,5xxx Lønn,Sensorhonorar & Timelønnede - 2026-M01 (KUNST),277754.66,EMP-106,EMP-126,True,OK,2026_UiA_Full_Oct
TX-20813,2026-01-27,2026-M01,Q1,T1,KUNST,Fakultet for kunstfag (KUNST),Fakultet,5330,Sensorhonorar & Timelønnede,5xxx Lønn,Sensorhonorar & Timelønnede - 2026-M01 (KUNST),89330.23,EMP-106,EMP-126,True,OK,2026_UiA_Full_Oct
TX-20814,2026-02-09,2026-M02,Q1,T1,KUNST,Fakultet for kunstfag (KUNST),Fakultet,5330,Sensorhonorar & Timelønnede,5xxx Lønn,Sensorhonorar & Timelønnede - 2026-M02 (KUNST),123582.03,EMP-106,EMP-126,True,OK,2026_UiA_Full_Oct
TX-20815,2026-02-18,2026-M02,Q1,T1,KUNST,Fakultet for kunstfag (KUNST),Fakultet,5330,Sensorhonorar & Timelønnede,5xxx Lønn,Sensorhonorar & Timelønnede - 2026-M02 (KUNST),270759.75,EMP-106,EMP-126,True,OK,2026_UiA_Full_Oct
TX-20816,2026-02-27,2026-M02,Q1,T1,KUNST,Fakultet for kunstfag (KUNST),Fakultet,5330,Sensorhonorar & Timelønnede,5xxx Lønn,Sensorhonorar & Timelønnede - 2026-M02 (KUNST),108619.33,EMP-106,EMP-126,True,OK,2026_UiA_Full_Oct
TX-20817,2026-03-09,2026-M03,Q1,T1,KUNST,Fakultet for kunstfag (KUNST),Fakultet,5330,Sensorhonorar & Timelønnede,5xxx Lønn,Sensorhonorar & Timelønnede - 2026-M03 (KUNST),46832.12,EMP-106,EMP-126,True,OK,2026_UiA_Full_Oct
TX-20818,2026-03-18,2026-M03,Q1,T1,KUNST,Fakultet for kunstfag (KUNST),Fakultet,5330,Sensorhonorar & Timelønnede,5xxx Lønn,Sensorhonorar & Timelønnede - 2026-M03 (KUNST),208892.65,EMP-106,EMP-126,True,OK,2026_UiA_Full_Oct
TX-20819,2026-03-27,2026-M03,Q1,T1,KUNST,Fakultet for kunstfag (KUNST),Fakultet,5330,Sensorhonorar & Timelønnede,5xxx Lønn,Sensorhonorar & Timelønnede - 2026-M03 (KUNST),246443.11,EMP-106,EMP-126,True,OK,2026_UiA_Full_Oct
TX-20820,2026-04-09,2026-M04,Q2,T1,KUNST,Fakultet for kunstfag (KUNST),Fakultet,5330,Sensorhonorar & Timelønnede,5xxx Lønn,Sensorhonorar & Timelønnede - 2026-M04 (KUNST),95580.76,EMP-106,EMP-126,True,OK,2026_UiA_Full_Oct
TX-20821,2026-04-18,2026-M04,Q2,T1,KUNST,Fakultet for kunstfag (KUNST),Fakultet,5330,Sensorhonorar & Timelønnede,5xxx Lønn,Sensorhonorar & Timelønnede - 2026-M04 (KUNST),372186.2,EMP-106,EMP-126,True,OK,2026_UiA_Full_Oct
TX-20822,2026-04-27,2026-M04,Q2,T1,KUNST,Fakultet for kunstfag (KUNST),Fakultet,5330,Sensorhonorar & Timelønnede,5xxx Lønn,Sensorhonorar & Timelønnede - 2026-M04 (KUNST),35935.85,EMP-106,EMP-126,True,OK,2026_UiA_Full_Oct
TX-20823,2026-05-09,2026-M05,Q2,T2,KUNST,Fakultet for kunstfag (KUNST),Fakultet,5330,Sensorhonorar & Timelønnede,5xxx Lønn,Sensorhonorar & Timelønnede - 2026-M05 (KUNST),214470.91,EMP-106,EMP-126,True,OK,2026_UiA_Full_Oct
TX-20824,2026-05-18,2026-M05,Q2,T2,KUNST,Fakultet for kunstfag (KUNST),Fakultet,5330,Sensorhonorar & Timelønnede,5xxx Lønn,Sensorhonorar & Timelønnede - 2026-M05 (KUNST),107393.09,EMP-106,EMP-126,True,OK,2026_UiA_Full_Oct
TX-20825,2026-05-27,2026-M05,Q2,T2,KUNST,Fakultet for kunstfag (KUNST),Fakultet,5330,Sensorhonorar & Timelønnede,5xxx Lønn,Sensorhonorar & Timelønnede - 2026-M05 (KUNST),189743.35,EMP-106,EMP-126,True,OK,2026_UiA_Full_Oct
TX-20826,2026-06-09,2026-M06,Q2,T2,KUNST,Fakultet for kunstfag (KUNST),Fakultet,5330,Sensorhonorar & Timelønnede,5xxx Lønn,Sensorhonorar & Timelønnede - 2026-M06 (KUNST),226221.49,EMP-106,EMP-126,True,OK,2026_UiA_Full_Oct
TX-20827,2026-06-18,2026-M06,Q2,T2,KUNST,Fakultet for kunstfag (KUNST),Fakultet,5330,Sensorhonorar & Timelønnede,5xxx Lønn,Sensorhonorar & Timelønnede - 2026-M06 (KUNST),50607.14,EMP-106,EMP-126,True,OK,2026_UiA_Full_Oct
TX-20828,2026-06-27,2026-M06,Q2,T2,KUNST,Fakultet for kunstfag (KUNST),Fakultet,5330,Sensorhonorar & Timelønnede,5xxx Lønn,Sensorhonorar & Timelønnede - 2026-M06 (KUNST),234136.33,EMP-106,EMP-126,True,OK,2026_UiA_Full_Oct
TX-20829,2026-07-09,2026-M07,Q3,T2,KUNST,Fakultet for kunstfag (KUNST),Fakultet,5330,Sensorhonorar & Timelønnede,5xxx Lønn,Sensorhonorar & Timelønnede - 2026-M07 (KUNST),2268.48,EMP-106,EMP-126,True,OK,2026_UiA_Full_Oct
TX-20830,2026-07-18,2026-M07,Q3,T2,KUNST,Fakultet for kunstfag (KUNST),Fakultet,5330,Sensorhonorar & Timelønnede,5xxx Lønn,Sensorhonorar & Timelønnede - 2026-M07 (KUNST),338862.52,EMP-106,EMP-126,True,OK,2026_UiA_Full_Oct
TX-20831,2026-07-27,2026-M07,Q3,T2,KUNST,Fakultet for kunstfag (KUNST),Fakultet,5330,Sensorhonorar & Timelønnede,5xxx Lønn,Sensorhonorar & Timelønnede - 2026-M07 (KUNST),170686.54,EMP-106,EMP-126,True,OK,2026_UiA_Full_Oct
TX-20832,2026-08-09,2026-M08,Q3,T2,KUNST,Fakultet for kunstfag (KUNST),Fakultet,5330,Sensorhonorar & Timelønnede,5xxx Lønn,Sensorhonorar & Timelønnede - 2026-M08 (KUNST),70874.97,EMP-106,EMP-126,True,OK,2026_UiA_Full_Oct
TX-20833,2026-08-18,2026-M08,Q3,T2,KUNST,Fakultet for kunstfag (KUNST),Fakultet,5330,Sensorhonorar & Timelønnede,5xxx Lønn,Sensorhonorar & Timelønnede - 2026-M08 (KUNST),251676.08,EMP-106,EMP-126,True,OK,2026_UiA_Full_Oct
TX-20834,2026-08-27,2026-M08,Q3,T2,KUNST,Fakultet for kunstfag (KUNST),Fakultet,5330,Sensorhonorar & Timelønnede,5xxx Lønn,Sensorhonorar & Timelønnede - 2026-M08 (KUNST),177625.12,EMP-106,EMP-126,True,OK,2026_UiA_Full_Oct
TX-20835,2026-09-09,2026-M09,Q3,T3,KUNST,Fakultet for kunstfag (KUNST),Fakultet,5330,Sensorhonorar & Timelønnede,5xxx Lønn,Sensorhonorar & Timelønnede - 2026-M09 (KUNST),233959.62,EMP-106,EMP-126,True,OK,2026_UiA_Full_Oct
TX-20836,2026-09-18,2026-M09,Q3,T3,KUNST,Fakultet for kunstfag (KUNST),Fakultet,5330,Sensorhonorar & Timelønnede,5xxx Lønn,Sensorhonorar & Timelønnede - 2026-M09 (KUNST),250642.91,EMP-106,EMP-126,True,OK,2026_UiA_Full_Oct
TX-20837,2026-09-27,2026-M09,Q3,T3,KUNST,Fakultet for kunstfag (KUNST),Fakultet,5330,Sensorhonorar & Timelønnede,5xxx Lønn,Sensorhonorar & Timelønnede - 2026-M09 (KUNST),27196.09,EMP-106,EMP-126,True,OK,2026_UiA_Full_Oct
TX-20838,2026-10-09,2026-M10,Q4,T3,KUNST,Fakultet for kunstfag (KUNST),Fakultet,5330,Sensorhonorar & Timelønnede,5xxx Lønn,Sensorhonorar & Timelønnede - 2026-M10 (KUNST),37490.4,EMP-106,EMP-126,True,OK,2026_UiA_Full_Oct
TX-20839,2026-10-18,2026-M10,Q4,T3,KUNST,Fakultet for kunstfag (KUNST),Fakultet,5330,Sensorhonorar & Timelønnede,5xxx Lønn,Sensorhonorar & Timelønnede - 2026-M10 (KUNST),464770.43,EMP-106,EMP-126,True,OK,2026_UiA_Full_Oct
TX-20840,2026-10-27,2026-M10,Q4,T3,KUNST,Fakultet for kunstfag (KUNST),Fakultet,5330,Sensorhonorar & Timelønnede,5xxx Lønn,Sensorhonorar & Timelønnede - 2026-M10 (KUNST),7209.08,EMP-106,EMP-126,True,OK,2026_UiA_Full_Oct
TX-20841,2026-01-09,2026-M01,Q1,T1,KUNST,Fakultet for kunstfag (KUNST),Fakultet,6000,Husleie & Eiendomsdrift,6xxx Drift,Husleie & Eiendomsdrift - 2026-M01 (KUNST),74762.09,EMP-106,EMP-126,True,OK,2026_UiA_Full_Oct
TX-20842,2026-01-18,2026-M01,Q1,T1,KUNST,Fakultet for kunstfag (KUNST),Fakultet,6000,Husleie & Eiendomsdrift,6xxx Drift,Husleie & Eiendomsdrift - 2026-M01 (KUNST),393107.61,EMP-106,EMP-126,True,OK,2026_UiA_Full_Oct
TX-20843,2026-01-27,2026-M01,Q1,T1,KUNST,Fakultet for kunstfag (KUNST),Fakultet,6000,Husleie & Eiendomsdrift,6xxx Drift,Husleie & Eiendomsdrift - 2026-M01 (KUNST),697495.39,EMP-106,EMP-126,True,OK,2026_UiA_Full_Oct
TX-20844,2026-02-09,2026-M02,Q1,T1,KUNST,Fakultet for kunstfag (KUNST),Fakultet,6000,Husleie & Eiendomsdrift,6xxx Drift,Husleie & Eiendomsdrift - 2026-M02 (KUNST),183018.37,EMP-106,EMP-126,True,OK,2026_UiA_Full_Oct
TX-20845,2026-02-18,2026-M02,Q1,T1,KUNST,Fakultet for kunstfag (KUNST),Fakultet,6000,Husleie & Eiendomsdrift,6xxx Drift,Husleie & Eiendomsdrift - 2026-M02 (KUNST),159740.05,EMP-106,EMP-126,True,OK,2026_UiA_Full_Oct
TX-20846,2026-02-27,2026-M02,Q1,T1,KUNST,Fakultet for kunstfag (KUNST),Fakultet,6000,Husleie & Eiendomsdrift,6xxx Drift,Husleie & Eiendomsdrift - 2026-M02 (KUNST),830086.09,EMP-106,EMP-126,True,OK,2026_UiA_Full_Oct
TX-20847,2026-03-09,2026-M03,Q1,T1,KUNST,Fakultet for kunstfag (KUNST),Fakultet,6000,Husleie & Eiendomsdrift,6xxx Drift,Husleie & Eiendomsdrift - 2026-M03 (KUNST),78877.58,EMP-106,EMP-126,True,OK,2026_UiA_Full_Oct
TX-20848,2026-03-18,2026-M03,Q1,T1,KUNST,Fakultet for kunstfag (KUNST),Fakultet,6000,Husleie & Eiendomsdrift,6xxx Drift,Husleie & Eiendomsdrift - 2026-M03 (KUNST),110574.66,EMP-106,EMP-126,True,OK,2026_UiA_Full_Oct
TX-20849,2026-03-27,2026-M03,Q1,T1,KUNST,Fakultet for kunstfag (KUNST),Fakultet,6000,Husleie & Eiendomsdrift,6xxx Drift,Husleie & Eiendomsdrift - 2026-M03 (KUNST),1003590.23,EMP-106,EMP-126,True,OK,2026_UiA_Full_Oct
TX-20850,2026-04-09,2026-M04,Q2,T1,KUNST,Fakultet for kunstfag (KUNST),Fakultet,6000,Husleie & Eiendomsdrift,6xxx Drift,Husleie & Eiendomsdrift - 2026-M04 (KUNST),25594.07,EMP-106,EMP-126,True,OK,2026_UiA_Full_Oct
TX-20851,2026-04-18,2026-M04,Q2,T1,KUNST,Fakultet for kunstfag (KUNST),Fakultet,6000,Husleie & Eiendomsdrift,6xxx Drift,Husleie & Eiendomsdrift - 2026-M04 (KUNST),95226.6,EMP-106,EMP-126,True,OK,2026_UiA_Full_Oct
TX-20852,2026-04-27,2026-M04,Q2,T1,KUNST,Fakultet for kunstfag (KUNST),Fakultet,6000,Husleie & Eiendomsdrift,6xxx Drift,Husleie & Eiendomsdrift - 2026-M04 (KUNST),1068491.46,EMP-106,EMP-126,True,OK,2026_UiA_Full_Oct
TX-20853,2026-05-09,2026-M05,Q2,T2,KUNST,Fakultet for kunstfag (KUNST),Fakultet,6000,Husleie & Eiendomsdrift,6xxx Drift,Husleie & Eiendomsdrift - 2026-M05 (KUNST),177268.14,EMP-106,EMP-126,True,OK,2026_UiA_Full_Oct
TX-20854,2026-05-18,2026-M05,Q2,T2,KUNST,Fakultet for kunstfag (KUNST),Fakultet,6000,Husleie & Eiendomsdrift,6xxx Drift,Husleie & Eiendomsdrift - 2026-M05 (KUNST),730462.04,EMP-106,EMP-126,True,OK,2026_UiA_Full_Oct
TX-20855,2026-05-27,2026-M05,Q2,T2,KUNST,Fakultet for kunstfag (KUNST),Fakultet,6000,Husleie & Eiendomsdrift,6xxx Drift,Husleie & Eiendomsdrift - 2026-M05 (KUNST),272967.95,EMP-106,EMP-126,True,OK,2026_UiA_Full_Oct
TX-20856,2026-06-09,2026-M06,Q2,T2,KUNST,Fakultet for kunstfag (KUNST),Fakultet,6000,Husleie & Eiendomsdrift,6xxx Drift,Husleie & Eiendomsdrift - 2026-M06 (KUNST),60734.51,EMP-106,EMP-126,True,OK,2026_UiA_Full_Oct
TX-20857,2026-06-18,2026-M06,Q2,T2,KUNST,Fakultet for kunstfag (KUNST),Fakultet,6000,Husleie & Eiendomsdrift,6xxx Drift,Husleie & Eiendomsdrift - 2026-M06 (KUNST),887230.06,EMP-106,EMP-126,True,OK,2026_UiA_Full_Oct
TX-20858,2026-06-27,2026-M06,Q2,T2,KUNST,Fakultet for kunstfag (KUNST),Fakultet,6000,Husleie & Eiendomsdrift,6xxx Drift,Husleie & Eiendomsdrift - 2026-M06 (KUNST),248981.73,EMP-106,EMP-126,True,OK,2026_UiA_Full_Oct
TX-20859,2026-07-09,2026-M07,Q3,T2,KUNST,Fakultet for kunstfag (KUNST),Fakultet,6000,Husleie & Eiendomsdrift,6xxx Drift,Husleie & Eiendomsdrift - 2026-M07 (KUNST),310234.2,EMP-106,EMP-126,True,OK,2026_UiA_Full_Oct
TX-20860,2026-07-18,2026-M07,Q3,T2,KUNST,Fakultet for kunstfag (KUNST),Fakultet,6000,Husleie & Eiendomsdrift,6xxx Drift,Husleie & Eiendomsdrift - 2026-M07 (KUNST),420483.39,EMP-106,EMP-126,True,OK,2026_UiA_Full_Oct
TX-20861,2026-07-27,2026-M07,Q3,T2,KUNST,Fakultet for kunstfag (KUNST),Fakultet,6000,Husleie & Eiendomsdrift,6xxx Drift,Husleie & Eiendomsdrift - 2026-M07 (KUNST),451429.62,EMP-106,EMP-126,True,OK,2026_UiA_Full_Oct
TX-20862,2026-08-09,2026-M08,Q3,T2,KUNST,Fakultet for kunstfag (KUNST),Fakultet,6000,Husleie & Eiendomsdrift,6xxx Drift,Husleie & Eiendomsdrift - 2026-M08 (KUNST),645490.01,EMP-106,EMP-126,True,OK,2026_UiA_Full_Oct
TX-20863,2026-08-18,2026-M08,Q3,T2,KUNST,Fakultet for kunstfag (KUNST),Fakultet,6000,Husleie & Eiendomsdrift,6xxx Drift,Husleie & Eiendomsdrift - 2026-M08 (KUNST),85305.12,EMP-106,EMP-126,True,OK,2026_UiA_Full_Oct
TX-20864,2026-08-27,2026-M08,Q3,T2,KUNST,Fakultet for kunstfag (KUNST),Fakultet,6000,Husleie & Eiendomsdrift,6xxx Drift,Husleie & Eiendomsdrift - 2026-M08 (KUNST),446634.08,EMP-106,EMP-126,True,OK,2026_UiA_Full_Oct
TX-20865,2026-09-09,2026-M09,Q3,T3,KUNST,Fakultet for kunstfag (KUNST),Fakultet,6000,Husleie & Eiendomsdrift,6xxx Drift,Husleie & Eiendomsdrift - 2026-M09 (KUNST),1015033.48,EMP-106,EMP-126,True,OK,2026_UiA_Full_Oct
TX-20866,2026-09-18,2026-M09,Q3,T3,KUNST,Fakultet for kunstfag (KUNST),Fakultet,6000,Husleie & Eiendomsdrift,6xxx Drift,Husleie & Eiendomsdrift - 2026-M09 (KUNST),33839.08,EMP-106,EMP-126,True,OK,2026_UiA_Full_Oct
TX-20867,2026-09-27,2026-M09,Q3,T3,KUNST,Fakultet for kunstfag (KUNST),Fakultet,6000,Husleie & Eiendomsdrift,6xxx Drift,Husleie & Eiendomsdrift - 2026-M09 (KUNST),124222.06,EMP-106,EMP-126,True,OK,2026_UiA_Full_Oct
TX-20868,2026-10-09,2026-M10,Q4,T3,KUNST,Fakultet for kunstfag (KUNST),Fakultet,6000,Husleie & Eiendomsdrift,6xxx Drift,Husleie & Eiendomsdrift - 2026-M10 (KUNST),816669.63,EMP-106,EMP-126,True,OK,2026_UiA_Full_Oct
TX-20869,2026-10-18,2026-M10,Q4,T3,KUNST,Fakultet for kunstfag (KUNST),Fakultet,6000,Husleie & Eiendomsdrift,6xxx Drift,Husleie & Eiendomsdrift - 2026-M10 (KUNST),228123.6,EMP-106,EMP-126,True,OK,2026_UiA_Full_Oct
TX-20870,2026-10-27,2026-M10,Q4,T3,KUNST,Fakultet for kunstfag (KUNST),Fakultet,6000,Husleie & Eiendomsdrift,6xxx Drift,Husleie & Eiendomsdrift - 2026-M10 (KUNST),129277.01,EMP-106,EMP-126,True,OK,2026_UiA_Full_Oct
TX-20871,2026-01-09,2026-M01,Q1,T1,KUNST,Fakultet for kunstfag (KUNST),Fakultet,6800,"IKT, Rekvisita & Utstyr",6xxx Drift,"IKT, Rekvisita & Utstyr - 2026-M01 (KUNST)",312819.07,EMP-106,EMP-126,True,OK,2026_UiA_Full_Oct
TX-20872,2026-01-18,2026-M01,Q1,T1,KUNST,Fakultet for kunstfag (KUNST),Fakultet,6800,"IKT, Rekvisita & Utstyr",6xxx Drift,"IKT, Rekvisita & Utstyr - 2026-M01 (KUNST)",289092.15,EMP-106,EMP-126,True,OK,2026_UiA_Full_Oct
TX-20873,2026-01-27,2026-M01,Q1,T1,KUNST,Fakultet for kunstfag (KUNST),Fakultet,6800,"IKT, Rekvisita & Utstyr",6xxx Drift,"IKT, Rekvisita & Utstyr - 2026-M01 (KUNST)",72986.38,EMP-106,EMP-126,True,OK,2026_UiA_Full_Oct
TX-20874,2026-02-09,2026-M02,Q1,T1,KUNST,Fakultet for kunstfag (KUNST),Fakultet,6800,"IKT, Rekvisita & Utstyr",6xxx Drift,"IKT, Rekvisita & Utstyr - 2026-M02 (KUNST)",60080.0,EMP-106,EMP-126,True,OK,2026_UiA_Full_Oct
TX-20875,2026-02-18,2026-M02,Q1,T1,KUNST,Fakultet for kunstfag (KUNST),Fakultet,6800,"IKT, Rekvisita & Utstyr",6xxx Drift,"IKT, Rekvisita & Utstyr - 2026-M02 (KUNST)",174251.99,EMP-106,EMP-126,True,OK,2026_UiA_Full_Oct
TX-20876,2026-02-27,2026-M02,Q1,T1,KUNST,Fakultet for kunstfag (KUNST),Fakultet,6800,"IKT, Rekvisita & Utstyr",6xxx Drift,"IKT, Rekvisita & Utstyr - 2026-M02 (KUNST)",437832.76,EMP-106,EMP-126,True,OK,2026_UiA_Full_Oct
TX-20877,2026-03-09,2026-M03,Q1,T1,KUNST,Fakultet for kunstfag (KUNST),Fakultet,6800,"IKT, Rekvisita & Utstyr",6xxx Drift,"IKT, Rekvisita & Utstyr - 2026-M03 (KUNST)",253819.94,EMP-106,EMP-106,True,BRUDD: Egengodkjent (BDM == Attestant),2026_UiA_Full_Oct
TX-20878,2026-03-18,2026-M03,Q1,T1,KUNST,Fakultet for kunstfag (KUNST),Fakultet,6800,"IKT, Rekvisita & Utstyr",6xxx Drift,"IKT, Rekvisita & Utstyr - 2026-M03 (KUNST)",302965.25,EMP-106,EMP-126,True,OK,2026_UiA_Full_Oct
TX-20879,2026-03-27,2026-M03,Q1,T1,KUNST,Fakultet for kunstfag (KUNST),Fakultet,6800,"IKT, Rekvisita & Utstyr",6xxx Drift,"IKT, Rekvisita & Utstyr - 2026-M03 (KUNST)",121764.9,EMP-106,EMP-126,True,OK,2026_UiA_Full_Oct
TX-20880,2026-04-09,2026-M04,Q2,T1,KUNST,Fakultet for kunstfag (KUNST),Fakultet,6800,"IKT, Rekvisita & Utstyr",6xxx Drift,"IKT, Rekvisita & Utstyr - 2026-M04 (KUNST)",87804.02,EMP-106,EMP-126,True,OK,2026_UiA_Full_Oct
TX-20881,2026-04-18,2026-M04,Q2,T1,KUNST,Fakultet for kunstfag (KUNST),Fakultet,6800,"IKT, Rekvisita & Utstyr",6xxx Drift,"IKT, Rekvisita & Utstyr - 2026-M04 (KUNST)",512956.31,EMP-106,EMP-126,True,OK,2026_UiA_Full_Oct
TX-20882,2026-04-27,2026-M04,Q2,T1,KUNST,Fakultet for kunstfag (KUNST),Fakultet,6800,"IKT, Rekvisita & Utstyr",6xxx Drift,"IKT, Rekvisita & Utstyr - 2026-M04 (KUNST)",76243.01,EMP-106,EMP-126,True,OK,2026_UiA_Full_Oct
TX-20883,2026-05-09,2026-M05,Q2,T2,KUNST,Fakultet for kunstfag (KUNST),Fakultet,6800,"IKT, Rekvisita & Utstyr",6xxx Drift,"IKT, Rekvisita & Utstyr - 2026-M05 (KUNST)",62743.25,EMP-106,EMP-126,True,OK,2026_UiA_Full_Oct
TX-20884,2026-05-18,2026-M05,Q2,T2,KUNST,Fakultet for kunstfag (KUNST),Fakultet,6800,"IKT, Rekvisita & Utstyr",6xxx Drift,"IKT, Rekvisita & Utstyr - 2026-M05 (KUNST)",232399.72,EMP-106,EMP-126,True,OK,2026_UiA_Full_Oct
TX-20885,2026-05-27,2026-M05,Q2,T2,KUNST,Fakultet for kunstfag (KUNST),Fakultet,6800,"IKT, Rekvisita & Utstyr",6xxx Drift,"IKT, Rekvisita & Utstyr - 2026-M05 (KUNST)",388088.82,EMP-106,EMP-126,True,OK,2026_UiA_Full_Oct
TX-20886,2026-06-09,2026-M06,Q2,T2,KUNST,Fakultet for kunstfag (KUNST),Fakultet,6800,"IKT, Rekvisita & Utstyr",6xxx Drift,"IKT, Rekvisita & Utstyr - 2026-M06 (KUNST)",335676.89,EMP-106,EMP-126,True,OK,2026_UiA_Full_Oct
TX-20887,2026-06-18,2026-M06,Q2,T2,KUNST,Fakultet for kunstfag (KUNST),Fakultet,6800,"IKT, Rekvisita & Utstyr",6xxx Drift,"IKT, Rekvisita & Utstyr - 2026-M06 (KUNST)",23385.68,EMP-106,EMP-126,False,BRUDD: Mangler kvittering (>100 NOK),2026_UiA_Full_Oct
TX-20888,2026-06-27,2026-M06,Q2,T2,KUNST,Fakultet for kunstfag (KUNST),Fakultet,6800,"IKT, Rekvisita & Utstyr",6xxx Drift,"IKT, Rekvisita & Utstyr - 2026-M06 (KUNST)",314525.57,EMP-106,EMP-126,True,OK,2026_UiA_Full_Oct
TX-20889,2026-07-09,2026-M07,Q3,T2,KUNST,Fakultet for kunstfag (KUNST),Fakultet,6800,"IKT, Rekvisita & Utstyr",6xxx Drift,"IKT, Rekvisita & Utstyr - 2026-M07 (KUNST)",164162.74,EMP-106,EMP-126,True,OK,2026_UiA_Full_Oct
TX-20890,2026-07-18,2026-M07,Q3,T2,KUNST,Fakultet for kunstfag (KUNST),Fakultet,6800,"IKT, Rekvisita & Utstyr",6xxx Drift,"IKT, Rekvisita & Utstyr - 2026-M07 (KUNST)",204587.04,EMP-106,EMP-126,True,OK,2026_UiA_Full_Oct
TX-20891,2026-07-27,2026-M07,Q3,T2,KUNST,Fakultet for kunstfag (KUNST),Fakultet,6800,"IKT, Rekvisita & Utstyr",6xxx Drift,"IKT, Rekvisita & Utstyr - 2026-M07 (KUNST)",302872.51,EMP-106,EMP-126,True,OK,2026_UiA_Full_Oct
TX-20892,2026-08-09,2026-M08,Q3,T2,KUNST,Fakultet for kunstfag (KUNST),Fakultet,6800,"IKT, Rekvisita & Utstyr",6xxx Drift,"IKT, Rekvisita & Utstyr - 2026-M08 (KUNST)",220850.81,EMP-106,EMP-126,True,OK,2026_UiA_Full_Oct
TX-20893,2026-08-18,2026-M08,Q3,T2,KUNST,Fakultet for kunstfag (KUNST),Fakultet,6800,"IKT, Rekvisita & Utstyr",6xxx Drift,"IKT, Rekvisita & Utstyr - 2026-M08 (KUNST)",79720.23,EMP-106,EMP-126,True,OK,2026_UiA_Full_Oct
TX-20894,2026-08-27,2026-M08,Q3,T2,KUNST,Fakultet for kunstfag (KUNST),Fakultet,6800,"IKT, Rekvisita & Utstyr",6xxx Drift,"IKT, Rekvisita & Utstyr - 2026-M08 (KUNST)",379267.68,EMP-106,EMP-126,True,OK,2026_UiA_Full_Oct
TX-20895,2026-09-09,2026-M09,Q3,T3,KUNST,Fakultet for kunstfag (KUNST),Fakultet,6800,"IKT, Rekvisita & Utstyr",6xxx Drift,"IKT, Rekvisita & Utstyr - 2026-M09 (KUNST)",239330.5,EMP-106,EMP-126,True,OK,2026_UiA_Full_Oct
TX-20896,2026-09-18,2026-M09,Q3,T3,KUNST,Fakultet for kunstfag (KUNST),Fakultet,6800,"IKT, Rekvisita & Utstyr",6xxx Drift,"IKT, Rekvisita & Utstyr - 2026-M09 (KUNST)",116466.74,EMP-106,EMP-126,True,OK,2026_UiA_Full_Oct
TX-20897,2026-09-27,2026-M09,Q3,T3,KUNST,Fakultet for kunstfag (KUNST),Fakultet,6800,"IKT, Rekvisita & Utstyr",6xxx Drift,"IKT, Rekvisita & Utstyr - 2026-M09 (KUNST)",315385.19,EMP-106,EMP-126,True,OK,2026_UiA_Full_Oct
TX-20898,2026-10-09,2026-M10,Q4,T3,KUNST,Fakultet for kunstfag (KUNST),Fakultet,6800,"IKT, Rekvisita & Utstyr",6xxx Drift,"IKT, Rekvisita & Utstyr - 2026-M10 (KUNST)",115444.35,EMP-106,EMP-126,True,OK,2026_UiA_Full_Oct
TX-20899,2026-10-18,2026-M10,Q4,T3,KUNST,Fakultet for kunstfag (KUNST),Fakultet,6800,"IKT, Rekvisita & Utstyr",6xxx Drift,"IKT, Rekvisita & Utstyr - 2026-M10 (KUNST)",137658.88,EMP-106,EMP-126,True,OK,2026_UiA_Full_Oct
TX-20900,2026-10-27,2026-M10,Q4,T3,KUNST,Fakultet for kunstfag (KUNST),Fakultet,6800,"IKT, Rekvisita & Utstyr",6xxx Drift,"IKT, Rekvisita & Utstyr - 2026-M10 (KUNST)",413865.18,EMP-106,EMP-126,True,OK,2026_UiA_Full_Oct
TX-20901,2026-01-09,2026-M01,Q1,T1,KUNST,Fakultet for kunstfag (KUNST),Fakultet,7100,Reise & Representasjon,7xxx Reiser,Reise & Representasjon - 2026-M01 (KUNST),49969.88,EMP-106,EMP-126,True,OK,2026_UiA_Full_Oct
TX-20902,2026-01-18,2026-M01,Q1,T1,KUNST,Fakultet for kunstfag (KUNST),Fakultet,7100,Reise & Representasjon,7xxx Reiser,Reise & Representasjon - 2026-M01 (KUNST),308677.89,EMP-106,EMP-126,True,OK,2026_UiA_Full_Oct
TX-20903,2026-01-27,2026-M01,Q1,T1,KUNST,Fakultet for kunstfag (KUNST),Fakultet,7100,Reise & Representasjon,7xxx Reiser,Reise & Representasjon - 2026-M01 (KUNST),63248.85,EMP-106,EMP-126,True,OK,2026_UiA_Full_Oct
TX-20904,2026-02-09,2026-M02,Q1,T1,KUNST,Fakultet for kunstfag (KUNST),Fakultet,7100,Reise & Representasjon,7xxx Reiser,Reise & Representasjon - 2026-M02 (KUNST),100311.16,EMP-106,EMP-126,True,OK,2026_UiA_Full_Oct
TX-20905,2026-02-18,2026-M02,Q1,T1,KUNST,Fakultet for kunstfag (KUNST),Fakultet,7100,Reise & Representasjon,7xxx Reiser,Reise & Representasjon - 2026-M02 (KUNST),225710.11,EMP-106,EMP-126,False,BRUDD: Mangler kvittering (>100 NOK),2026_UiA_Full_Oct
TX-20906,2026-02-27,2026-M02,Q1,T1,KUNST,Fakultet for kunstfag (KUNST),Fakultet,7100,Reise & Representasjon,7xxx Reiser,Reise & Representasjon - 2026-M02 (KUNST),100658.21,EMP-106,EMP-126,True,OK,2026_UiA_Full_Oct
TX-20907,2026-03-09,2026-M03,Q1,T1,KUNST,Fakultet for kunstfag (KUNST),Fakultet,7100,Reise & Representasjon,7xxx Reiser,Reise & Representasjon - 2026-M03 (KUNST),202282.73,EMP-106,EMP-126,True,OK,2026_UiA_Full_Oct
TX-20908,2026-03-18,2026-M03,Q1,T1,KUNST,Fakultet for kunstfag (KUNST),Fakultet,7100,Reise & Representasjon,7xxx Reiser,Reise & Representasjon - 2026-M03 (KUNST),179228.92,EMP-106,EMP-126,True,OK,2026_UiA_Full_Oct
TX-20909,2026-03-27,2026-M03,Q1,T1,KUNST,Fakultet for kunstfag (KUNST),Fakultet,7100,Reise & Representasjon,7xxx Reiser,Reise & Representasjon - 2026-M03 (KUNST),36858.85,EMP-106,EMP-126,True,OK,2026_UiA_Full_Oct
TX-20910,2026-04-09,2026-M04,Q2,T1,KUNST,Fakultet for kunstfag (KUNST),Fakultet,7100,Reise & Representasjon,7xxx Reiser,Reise & Representasjon - 2026-M04 (KUNST),20511.23,EMP-106,EMP-126,True,OK,2026_UiA_Full_Oct
TX-20911,2026-04-18,2026-M04,Q2,T1,KUNST,Fakultet for kunstfag (KUNST),Fakultet,7100,Reise & Representasjon,7xxx Reiser,Reise & Representasjon - 2026-M04 (KUNST),76533.68,EMP-106,EMP-126,True,OK,2026_UiA_Full_Oct
TX-20912,2026-04-27,2026-M04,Q2,T1,KUNST,Fakultet for kunstfag (KUNST),Fakultet,7100,Reise & Representasjon,7xxx Reiser,Reise & Representasjon - 2026-M04 (KUNST),330060.08,EMP-106,EMP-126,True,OK,2026_UiA_Full_Oct
TX-20913,2026-05-09,2026-M05,Q2,T2,KUNST,Fakultet for kunstfag (KUNST),Fakultet,7100,Reise & Representasjon,7xxx Reiser,Reise & Representasjon - 2026-M05 (KUNST),152282.4,EMP-106,EMP-126,True,OK,2026_UiA_Full_Oct
TX-20914,2026-05-18,2026-M05,Q2,T2,KUNST,Fakultet for kunstfag (KUNST),Fakultet,7100,Reise & Representasjon,7xxx Reiser,Reise & Representasjon - 2026-M05 (KUNST),201382.14,EMP-106,EMP-126,True,OK,2026_UiA_Full_Oct
TX-20915,2026-05-27,2026-M05,Q2,T2,KUNST,Fakultet for kunstfag (KUNST),Fakultet,7100,Reise & Representasjon,7xxx Reiser,Reise & Representasjon - 2026-M05 (KUNST),61728.57,EMP-106,EMP-106,True,BRUDD: Egengodkjent (BDM == Attestant),2026_UiA_Full_Oct
TX-20916,2026-06-09,2026-M06,Q2,T2,KUNST,Fakultet for kunstfag (KUNST),Fakultet,7100,Reise & Representasjon,7xxx Reiser,Reise & Representasjon - 2026-M06 (KUNST),88847.63,EMP-106,EMP-126,True,OK,2026_UiA_Full_Oct
TX-20917,2026-06-18,2026-M06,Q2,T2,KUNST,Fakultet for kunstfag (KUNST),Fakultet,7100,Reise & Representasjon,7xxx Reiser,Reise & Representasjon - 2026-M06 (KUNST),233840.4,EMP-106,EMP-126,True,OK,2026_UiA_Full_Oct
TX-20918,2026-06-27,2026-M06,Q2,T2,KUNST,Fakultet for kunstfag (KUNST),Fakultet,7100,Reise & Representasjon,7xxx Reiser,Reise & Representasjon - 2026-M06 (KUNST),101792.6,EMP-106,EMP-126,True,OK,2026_UiA_Full_Oct
TX-20919,2026-07-09,2026-M07,Q3,T2,KUNST,Fakultet for kunstfag (KUNST),Fakultet,7100,Reise & Representasjon,7xxx Reiser,Reise & Representasjon - 2026-M07 (KUNST),25237.13,EMP-106,EMP-126,True,OK,2026_UiA_Full_Oct
TX-20920,2026-07-18,2026-M07,Q3,T2,KUNST,Fakultet for kunstfag (KUNST),Fakultet,7100,Reise & Representasjon,7xxx Reiser,Reise & Representasjon - 2026-M07 (KUNST),213048.17,EMP-106,EMP-106,True,BRUDD: Egengodkjent (BDM == Attestant),2026_UiA_Full_Oct
TX-20921,2026-07-27,2026-M07,Q3,T2,KUNST,Fakultet for kunstfag (KUNST),Fakultet,7100,Reise & Representasjon,7xxx Reiser,Reise & Representasjon - 2026-M07 (KUNST),176982.04,EMP-106,EMP-126,True,OK,2026_UiA_Full_Oct
TX-20922,2026-08-09,2026-M08,Q3,T2,KUNST,Fakultet for kunstfag (KUNST),Fakultet,7100,Reise & Representasjon,7xxx Reiser,Reise & Representasjon - 2026-M08 (KUNST),148088.51,EMP-106,EMP-126,True,OK,2026_UiA_Full_Oct
TX-20923,2026-08-18,2026-M08,Q3,T2,KUNST,Fakultet for kunstfag (KUNST),Fakultet,7100,Reise & Representasjon,7xxx Reiser,Reise & Representasjon - 2026-M08 (KUNST),201569.53,EMP-106,EMP-126,True,OK,2026_UiA_Full_Oct
TX-20924,2026-08-27,2026-M08,Q3,T2,KUNST,Fakultet for kunstfag (KUNST),Fakultet,7100,Reise & Representasjon,7xxx Reiser,Reise & Representasjon - 2026-M08 (KUNST),69925.28,EMP-106,EMP-126,True,OK,2026_UiA_Full_Oct
TX-20925,2026-09-09,2026-M09,Q3,T3,KUNST,Fakultet for kunstfag (KUNST),Fakultet,7100,Reise & Representasjon,7xxx Reiser,Reise & Representasjon - 2026-M09 (KUNST),31195.96,EMP-106,EMP-126,True,OK,2026_UiA_Full_Oct
TX-20926,2026-09-18,2026-M09,Q3,T3,KUNST,Fakultet for kunstfag (KUNST),Fakultet,7100,Reise & Representasjon,7xxx Reiser,Reise & Representasjon - 2026-M09 (KUNST),177756.38,EMP-106,EMP-126,True,OK,2026_UiA_Full_Oct
TX-20927,2026-09-27,2026-M09,Q3,T3,KUNST,Fakultet for kunstfag (KUNST),Fakultet,7100,Reise & Representasjon,7xxx Reiser,Reise & Representasjon - 2026-M09 (KUNST),218808.95,EMP-106,EMP-106,True,BRUDD: Egengodkjent (BDM == Attestant),2026_UiA_Full_Oct
TX-20928,2026-10-09,2026-M10,Q4,T3,KUNST,Fakultet for kunstfag (KUNST),Fakultet,7100,Reise & Representasjon,7xxx Reiser,Reise & Representasjon - 2026-M10 (KUNST),240995.33,EMP-106,EMP-126,True,OK,2026_UiA_Full_Oct
TX-20929,2026-10-18,2026-M10,Q4,T3,KUNST,Fakultet for kunstfag (KUNST),Fakultet,7100,Reise & Representasjon,7xxx Reiser,Reise & Representasjon - 2026-M10 (KUNST),76045.56,EMP-106,EMP-126,True,OK,2026_UiA_Full_Oct
TX-20930,2026-10-27,2026-M10,Q4,T3,KUNST,Fakultet for kunstfag (KUNST),Fakultet,7100,Reise & Representasjon,7xxx Reiser,Reise & Representasjon - 2026-M10 (KUNST),108442.79,EMP-106,EMP-126,True,OK,2026_UiA_Full_Oct
TX-20931,2026-01-09,2026-M01,Q1,T1,KUNST,Fakultet for kunstfag (KUNST),Fakultet,7800,Andre Driftskostnader & Konsulenter,7xxx Reiser,Andre Driftskostnader & Konsulenter - 2026-M01 (KUNST),199972.04,EMP-106,EMP-126,True,OK,2026_UiA_Full_Oct
TX-20932,2026-01-18,2026-M01,Q1,T1,KUNST,Fakultet for kunstfag (KUNST),Fakultet,7800,Andre Driftskostnader & Konsulenter,7xxx Reiser,Andre Driftskostnader & Konsulenter - 2026-M01 (KUNST),22810.08,EMP-106,EMP-126,True,OK,2026_UiA_Full_Oct
TX-20933,2026-01-27,2026-M01,Q1,T1,KUNST,Fakultet for kunstfag (KUNST),Fakultet,7800,Andre Driftskostnader & Konsulenter,7xxx Reiser,Andre Driftskostnader & Konsulenter - 2026-M01 (KUNST),33349.45,EMP-106,EMP-126,True,OK,2026_UiA_Full_Oct
TX-20934,2026-02-09,2026-M02,Q1,T1,KUNST,Fakultet for kunstfag (KUNST),Fakultet,7800,Andre Driftskostnader & Konsulenter,7xxx Reiser,Andre Driftskostnader & Konsulenter - 2026-M02 (KUNST),88379.73,EMP-106,EMP-126,True,OK,2026_UiA_Full_Oct
TX-20935,2026-02-18,2026-M02,Q1,T1,KUNST,Fakultet for kunstfag (KUNST),Fakultet,7800,Andre Driftskostnader & Konsulenter,7xxx Reiser,Andre Driftskostnader & Konsulenter - 2026-M02 (KUNST),71896.26,EMP-106,EMP-126,True,OK,2026_UiA_Full_Oct
TX-20936,2026-02-27,2026-M02,Q1,T1,KUNST,Fakultet for kunstfag (KUNST),Fakultet,7800,Andre Driftskostnader & Konsulenter,7xxx Reiser,Andre Driftskostnader & Konsulenter - 2026-M02 (KUNST),91727.38,EMP-106,EMP-126,True,OK,2026_UiA_Full_Oct
TX-20937,2026-03-09,2026-M03,Q1,T1,KUNST,Fakultet for kunstfag (KUNST),Fakultet,7800,Andre Driftskostnader & Konsulenter,7xxx Reiser,Andre Driftskostnader & Konsulenter - 2026-M03 (KUNST),40413.86,EMP-106,EMP-126,True,OK,2026_UiA_Full_Oct
TX-20938,2026-03-18,2026-M03,Q1,T1,KUNST,Fakultet for kunstfag (KUNST),Fakultet,7800,Andre Driftskostnader & Konsulenter,7xxx Reiser,Andre Driftskostnader & Konsulenter - 2026-M03 (KUNST),40824.85,EMP-106,EMP-126,True,OK,2026_UiA_Full_Oct
TX-20939,2026-03-27,2026-M03,Q1,T1,KUNST,Fakultet for kunstfag (KUNST),Fakultet,7800,Andre Driftskostnader & Konsulenter,7xxx Reiser,Andre Driftskostnader & Konsulenter - 2026-M03 (KUNST),173302.26,EMP-106,EMP-126,True,OK,2026_UiA_Full_Oct
TX-20940,2026-04-09,2026-M04,Q2,T1,KUNST,Fakultet for kunstfag (KUNST),Fakultet,7800,Andre Driftskostnader & Konsulenter,7xxx Reiser,Andre Driftskostnader & Konsulenter - 2026-M04 (KUNST),218829.29,EMP-106,EMP-126,True,OK,2026_UiA_Full_Oct
TX-20941,2026-04-18,2026-M04,Q2,T1,KUNST,Fakultet for kunstfag (KUNST),Fakultet,7800,Andre Driftskostnader & Konsulenter,7xxx Reiser,Andre Driftskostnader & Konsulenter - 2026-M04 (KUNST),2569.98,EMP-106,EMP-126,True,OK,2026_UiA_Full_Oct
TX-20942,2026-04-27,2026-M04,Q2,T1,KUNST,Fakultet for kunstfag (KUNST),Fakultet,7800,Andre Driftskostnader & Konsulenter,7xxx Reiser,Andre Driftskostnader & Konsulenter - 2026-M04 (KUNST),28996.25,EMP-106,EMP-126,True,OK,2026_UiA_Full_Oct
TX-20943,2026-05-09,2026-M05,Q2,T2,KUNST,Fakultet for kunstfag (KUNST),Fakultet,7800,Andre Driftskostnader & Konsulenter,7xxx Reiser,Andre Driftskostnader & Konsulenter - 2026-M05 (KUNST),104271.04,EMP-106,EMP-126,True,OK,2026_UiA_Full_Oct
TX-20944,2026-05-18,2026-M05,Q2,T2,KUNST,Fakultet for kunstfag (KUNST),Fakultet,7800,Andre Driftskostnader & Konsulenter,7xxx Reiser,Andre Driftskostnader & Konsulenter - 2026-M05 (KUNST),128294.91,EMP-106,EMP-126,True,OK,2026_UiA_Full_Oct
TX-20945,2026-05-27,2026-M05,Q2,T2,KUNST,Fakultet for kunstfag (KUNST),Fakultet,7800,Andre Driftskostnader & Konsulenter,7xxx Reiser,Andre Driftskostnader & Konsulenter - 2026-M05 (KUNST),23035.23,EMP-106,EMP-126,True,OK,2026_UiA_Full_Oct
TX-20946,2026-06-09,2026-M06,Q2,T2,KUNST,Fakultet for kunstfag (KUNST),Fakultet,7800,Andre Driftskostnader & Konsulenter,7xxx Reiser,Andre Driftskostnader & Konsulenter - 2026-M06 (KUNST),157897.09,EMP-106,EMP-126,True,OK,2026_UiA_Full_Oct
TX-20947,2026-06-18,2026-M06,Q2,T2,KUNST,Fakultet for kunstfag (KUNST),Fakultet,7800,Andre Driftskostnader & Konsulenter,7xxx Reiser,Andre Driftskostnader & Konsulenter - 2026-M06 (KUNST),24518.48,EMP-106,EMP-126,True,OK,2026_UiA_Full_Oct
TX-20948,2026-06-27,2026-M06,Q2,T2,KUNST,Fakultet for kunstfag (KUNST),Fakultet,7800,Andre Driftskostnader & Konsulenter,7xxx Reiser,Andre Driftskostnader & Konsulenter - 2026-M06 (KUNST),67918.45,EMP-106,EMP-126,True,OK,2026_UiA_Full_Oct
TX-20949,2026-07-09,2026-M07,Q3,T2,KUNST,Fakultet for kunstfag (KUNST),Fakultet,7800,Andre Driftskostnader & Konsulenter,7xxx Reiser,Andre Driftskostnader & Konsulenter - 2026-M07 (KUNST),83592.41,EMP-106,EMP-126,True,OK,2026_UiA_Full_Oct
TX-20950,2026-07-18,2026-M07,Q3,T2,KUNST,Fakultet for kunstfag (KUNST),Fakultet,7800,Andre Driftskostnader & Konsulenter,7xxx Reiser,Andre Driftskostnader & Konsulenter - 2026-M07 (KUNST),71281.32,EMP-106,EMP-126,True,OK,2026_UiA_Full_Oct
TX-20951,2026-07-27,2026-M07,Q3,T2,KUNST,Fakultet for kunstfag (KUNST),Fakultet,7800,Andre Driftskostnader & Konsulenter,7xxx Reiser,Andre Driftskostnader & Konsulenter - 2026-M07 (KUNST),95488.66,EMP-106,EMP-126,True,OK,2026_UiA_Full_Oct
TX-20952,2026-08-09,2026-M08,Q3,T2,KUNST,Fakultet for kunstfag (KUNST),Fakultet,7800,Andre Driftskostnader & Konsulenter,7xxx Reiser,Andre Driftskostnader & Konsulenter - 2026-M08 (KUNST),130298.25,EMP-106,EMP-126,True,OK,2026_UiA_Full_Oct
TX-20953,2026-08-18,2026-M08,Q3,T2,KUNST,Fakultet for kunstfag (KUNST),Fakultet,7800,Andre Driftskostnader & Konsulenter,7xxx Reiser,Andre Driftskostnader & Konsulenter - 2026-M08 (KUNST),119196.61,EMP-106,EMP-126,True,OK,2026_UiA_Full_Oct
TX-20954,2026-08-27,2026-M08,Q3,T2,KUNST,Fakultet for kunstfag (KUNST),Fakultet,7800,Andre Driftskostnader & Konsulenter,7xxx Reiser,Andre Driftskostnader & Konsulenter - 2026-M08 (KUNST),5293.42,EMP-106,EMP-126,True,OK,2026_UiA_Full_Oct
TX-20955,2026-09-09,2026-M09,Q3,T3,KUNST,Fakultet for kunstfag (KUNST),Fakultet,7800,Andre Driftskostnader & Konsulenter,7xxx Reiser,Andre Driftskostnader & Konsulenter - 2026-M09 (KUNST),45532.08,EMP-106,EMP-126,True,OK,2026_UiA_Full_Oct
TX-20956,2026-09-18,2026-M09,Q3,T3,KUNST,Fakultet for kunstfag (KUNST),Fakultet,7800,Andre Driftskostnader & Konsulenter,7xxx Reiser,Andre Driftskostnader & Konsulenter - 2026-M09 (KUNST),90049.04,EMP-106,EMP-126,True,OK,2026_UiA_Full_Oct
TX-20957,2026-09-27,2026-M09,Q3,T3,KUNST,Fakultet for kunstfag (KUNST),Fakultet,7800,Andre Driftskostnader & Konsulenter,7xxx Reiser,Andre Driftskostnader & Konsulenter - 2026-M09 (KUNST),119654.76,EMP-106,EMP-126,True,OK,2026_UiA_Full_Oct
TX-20958,2026-10-09,2026-M10,Q4,T3,KUNST,Fakultet for kunstfag (KUNST),Fakultet,7800,Andre Driftskostnader & Konsulenter,7xxx Reiser,Andre Driftskostnader & Konsulenter - 2026-M10 (KUNST),87882.54,EMP-106,EMP-126,True,OK,2026_UiA_Full_Oct
TX-20959,2026-10-18,2026-M10,Q4,T3,KUNST,Fakultet for kunstfag (KUNST),Fakultet,7800,Andre Driftskostnader & Konsulenter,7xxx Reiser,Andre Driftskostnader & Konsulenter - 2026-M10 (KUNST),44063.76,EMP-106,EMP-126,True,OK,2026_UiA_Full_Oct
TX-20960,2026-10-27,2026-M10,Q4,T3,KUNST,Fakultet for kunstfag (KUNST),Fakultet,7800,Andre Driftskostnader & Konsulenter,7xxx Reiser,Andre Driftskostnader & Konsulenter - 2026-M10 (KUNST),124252.82,EMP-106,EMP-126,True,OK,2026_UiA_Full_Oct
TX-20961,2026-01-09,2026-M01,Q1,T1,SAMF,Fakultet for samfunnsvitenskap (SAMF),Fakultet,3000,Statlig Rammebevilgning (Kap 260.50),3xxx Inntekter,Statlig Rammebevilgning (Kap 260.50) - 2026-M01 (SAMF),-6822.32,EMP-115,EMP-135,True,OK,2026_UiA_Full_Oct
TX-20962,2026-01-18,2026-M01,Q1,T1,SAMF,Fakultet for samfunnsvitenskap (SAMF),Fakultet,3000,Statlig Rammebevilgning (Kap 260.50),3xxx Inntekter,Statlig Rammebevilgning (Kap 260.50) - 2026-M01 (SAMF),-2857304.91,EMP-115,EMP-135,True,OK,2026_UiA_Full_Oct
TX-20963,2026-01-27,2026-M01,Q1,T1,SAMF,Fakultet for samfunnsvitenskap (SAMF),Fakultet,3000,Statlig Rammebevilgning (Kap 260.50),3xxx Inntekter,Statlig Rammebevilgning (Kap 260.50) - 2026-M01 (SAMF),-8525258.26,EMP-115,EMP-135,True,OK,2026_UiA_Full_Oct
TX-20964,2026-02-09,2026-M02,Q1,T1,SAMF,Fakultet for samfunnsvitenskap (SAMF),Fakultet,3000,Statlig Rammebevilgning (Kap 260.50),3xxx Inntekter,Statlig Rammebevilgning (Kap 260.50) - 2026-M02 (SAMF),-6281400.25,EMP-115,EMP-135,True,OK,2026_UiA_Full_Oct
TX-20965,2026-02-18,2026-M02,Q1,T1,SAMF,Fakultet for samfunnsvitenskap (SAMF),Fakultet,3000,Statlig Rammebevilgning (Kap 260.50),3xxx Inntekter,Statlig Rammebevilgning (Kap 260.50) - 2026-M02 (SAMF),-2109184.14,EMP-115,EMP-135,True,OK,2026_UiA_Full_Oct
TX-20966,2026-02-27,2026-M02,Q1,T1,SAMF,Fakultet for samfunnsvitenskap (SAMF),Fakultet,3000,Statlig Rammebevilgning (Kap 260.50),3xxx Inntekter,Statlig Rammebevilgning (Kap 260.50) - 2026-M02 (SAMF),-2966102.63,EMP-115,EMP-135,True,OK,2026_UiA_Full_Oct
TX-20967,2026-03-09,2026-M03,Q1,T1,SAMF,Fakultet for samfunnsvitenskap (SAMF),Fakultet,3000,Statlig Rammebevilgning (Kap 260.50),3xxx Inntekter,Statlig Rammebevilgning (Kap 260.50) - 2026-M03 (SAMF),-2640061.58,EMP-115,EMP-135,True,OK,2026_UiA_Full_Oct
TX-20968,2026-03-18,2026-M03,Q1,T1,SAMF,Fakultet for samfunnsvitenskap (SAMF),Fakultet,3000,Statlig Rammebevilgning (Kap 260.50),3xxx Inntekter,Statlig Rammebevilgning (Kap 260.50) - 2026-M03 (SAMF),-8400284.62,EMP-115,EMP-135,True,OK,2026_UiA_Full_Oct
TX-20969,2026-03-27,2026-M03,Q1,T1,SAMF,Fakultet for samfunnsvitenskap (SAMF),Fakultet,3000,Statlig Rammebevilgning (Kap 260.50),3xxx Inntekter,Statlig Rammebevilgning (Kap 260.50) - 2026-M03 (SAMF),-204716.89,EMP-115,EMP-135,True,OK,2026_UiA_Full_Oct
TX-20970,2026-04-09,2026-M04,Q2,T1,SAMF,Fakultet for samfunnsvitenskap (SAMF),Fakultet,3000,Statlig Rammebevilgning (Kap 260.50),3xxx Inntekter,Statlig Rammebevilgning (Kap 260.50) - 2026-M04 (SAMF),-4007.08,EMP-115,EMP-135,True,OK,2026_UiA_Full_Oct
TX-20971,2026-04-18,2026-M04,Q2,T1,SAMF,Fakultet for samfunnsvitenskap (SAMF),Fakultet,3000,Statlig Rammebevilgning (Kap 260.50),3xxx Inntekter,Statlig Rammebevilgning (Kap 260.50) - 2026-M04 (SAMF),-6625362.8,EMP-115,EMP-135,True,OK,2026_UiA_Full_Oct
TX-20972,2026-04-27,2026-M04,Q2,T1,SAMF,Fakultet for samfunnsvitenskap (SAMF),Fakultet,3000,Statlig Rammebevilgning (Kap 260.50),3xxx Inntekter,Statlig Rammebevilgning (Kap 260.50) - 2026-M04 (SAMF),-4669632.4,EMP-115,EMP-135,True,OK,2026_UiA_Full_Oct
TX-20973,2026-05-09,2026-M05,Q2,T2,SAMF,Fakultet for samfunnsvitenskap (SAMF),Fakultet,3000,Statlig Rammebevilgning (Kap 260.50),3xxx Inntekter,Statlig Rammebevilgning (Kap 260.50) - 2026-M05 (SAMF),-1945609.72,EMP-115,EMP-135,True,OK,2026_UiA_Full_Oct
TX-20974,2026-05-18,2026-M05,Q2,T2,SAMF,Fakultet for samfunnsvitenskap (SAMF),Fakultet,3000,Statlig Rammebevilgning (Kap 260.50),3xxx Inntekter,Statlig Rammebevilgning (Kap 260.50) - 2026-M05 (SAMF),-7917102.86,EMP-115,EMP-135,True,OK,2026_UiA_Full_Oct
TX-20975,2026-05-27,2026-M05,Q2,T2,SAMF,Fakultet for samfunnsvitenskap (SAMF),Fakultet,3000,Statlig Rammebevilgning (Kap 260.50),3xxx Inntekter,Statlig Rammebevilgning (Kap 260.50) - 2026-M05 (SAMF),-1651984.8,EMP-115,EMP-135,True,OK,2026_UiA_Full_Oct
TX-20976,2026-06-09,2026-M06,Q2,T2,SAMF,Fakultet for samfunnsvitenskap (SAMF),Fakultet,3000,Statlig Rammebevilgning (Kap 260.50),3xxx Inntekter,Statlig Rammebevilgning (Kap 260.50) - 2026-M06 (SAMF),-4071670.39,EMP-115,EMP-135,True,OK,2026_UiA_Full_Oct
TX-20977,2026-06-18,2026-M06,Q2,T2,SAMF,Fakultet for samfunnsvitenskap (SAMF),Fakultet,3000,Statlig Rammebevilgning (Kap 260.50),3xxx Inntekter,Statlig Rammebevilgning (Kap 260.50) - 2026-M06 (SAMF),-1952882.06,EMP-115,EMP-135,True,OK,2026_UiA_Full_Oct
TX-20978,2026-06-27,2026-M06,Q2,T2,SAMF,Fakultet for samfunnsvitenskap (SAMF),Fakultet,3000,Statlig Rammebevilgning (Kap 260.50),3xxx Inntekter,Statlig Rammebevilgning (Kap 260.50) - 2026-M06 (SAMF),-5244730.24,EMP-115,EMP-135,True,OK,2026_UiA_Full_Oct
TX-20979,2026-07-09,2026-M07,Q3,T2,SAMF,Fakultet for samfunnsvitenskap (SAMF),Fakultet,3000,Statlig Rammebevilgning (Kap 260.50),3xxx Inntekter,Statlig Rammebevilgning (Kap 260.50) - 2026-M07 (SAMF),-2124692.6,EMP-115,EMP-135,True,OK,2026_UiA_Full_Oct
TX-20980,2026-07-18,2026-M07,Q3,T2,SAMF,Fakultet for samfunnsvitenskap (SAMF),Fakultet,3000,Statlig Rammebevilgning (Kap 260.50),3xxx Inntekter,Statlig Rammebevilgning (Kap 260.50) - 2026-M07 (SAMF),-2068570.74,EMP-115,EMP-135,True,OK,2026_UiA_Full_Oct
TX-20981,2026-07-27,2026-M07,Q3,T2,SAMF,Fakultet for samfunnsvitenskap (SAMF),Fakultet,3000,Statlig Rammebevilgning (Kap 260.50),3xxx Inntekter,Statlig Rammebevilgning (Kap 260.50) - 2026-M07 (SAMF),-7121265.99,EMP-115,EMP-135,True,OK,2026_UiA_Full_Oct
TX-20982,2026-08-09,2026-M08,Q3,T2,SAMF,Fakultet for samfunnsvitenskap (SAMF),Fakultet,3000,Statlig Rammebevilgning (Kap 260.50),3xxx Inntekter,Statlig Rammebevilgning (Kap 260.50) - 2026-M08 (SAMF),-5768330.47,EMP-115,EMP-135,True,OK,2026_UiA_Full_Oct
TX-20983,2026-08-18,2026-M08,Q3,T2,SAMF,Fakultet for samfunnsvitenskap (SAMF),Fakultet,3000,Statlig Rammebevilgning (Kap 260.50),3xxx Inntekter,Statlig Rammebevilgning (Kap 260.50) - 2026-M08 (SAMF),-3678702.72,EMP-115,EMP-135,True,OK,2026_UiA_Full_Oct
TX-20984,2026-08-27,2026-M08,Q3,T2,SAMF,Fakultet for samfunnsvitenskap (SAMF),Fakultet,3000,Statlig Rammebevilgning (Kap 260.50),3xxx Inntekter,Statlig Rammebevilgning (Kap 260.50) - 2026-M08 (SAMF),-2030115.81,EMP-115,EMP-135,True,OK,2026_UiA_Full_Oct
TX-20985,2026-09-09,2026-M09,Q3,T3,SAMF,Fakultet for samfunnsvitenskap (SAMF),Fakultet,3000,Statlig Rammebevilgning (Kap 260.50),3xxx Inntekter,Statlig Rammebevilgning (Kap 260.50) - 2026-M09 (SAMF),-1985699.18,EMP-115,EMP-135,True,OK,2026_UiA_Full_Oct
TX-20986,2026-09-18,2026-M09,Q3,T3,SAMF,Fakultet for samfunnsvitenskap (SAMF),Fakultet,3000,Statlig Rammebevilgning (Kap 260.50),3xxx Inntekter,Statlig Rammebevilgning (Kap 260.50) - 2026-M09 (SAMF),-8908106.91,EMP-115,EMP-135,True,OK,2026_UiA_Full_Oct
TX-20987,2026-09-27,2026-M09,Q3,T3,SAMF,Fakultet for samfunnsvitenskap (SAMF),Fakultet,3000,Statlig Rammebevilgning (Kap 260.50),3xxx Inntekter,Statlig Rammebevilgning (Kap 260.50) - 2026-M09 (SAMF),-584218.98,EMP-115,EMP-135,True,OK,2026_UiA_Full_Oct
TX-20988,2026-10-09,2026-M10,Q4,T3,SAMF,Fakultet for samfunnsvitenskap (SAMF),Fakultet,3000,Statlig Rammebevilgning (Kap 260.50),3xxx Inntekter,Statlig Rammebevilgning (Kap 260.50) - 2026-M10 (SAMF),-5062065.58,EMP-115,EMP-135,True,OK,2026_UiA_Full_Oct
TX-20989,2026-10-18,2026-M10,Q4,T3,SAMF,Fakultet for samfunnsvitenskap (SAMF),Fakultet,3000,Statlig Rammebevilgning (Kap 260.50),3xxx Inntekter,Statlig Rammebevilgning (Kap 260.50) - 2026-M10 (SAMF),-340512.66,EMP-115,EMP-135,True,OK,2026_UiA_Full_Oct
TX-20990,2026-10-27,2026-M10,Q4,T3,SAMF,Fakultet for samfunnsvitenskap (SAMF),Fakultet,3000,Statlig Rammebevilgning (Kap 260.50),3xxx Inntekter,Statlig Rammebevilgning (Kap 260.50) - 2026-M10 (SAMF),-6002170.79,EMP-115,EMP-135,True,OK,2026_UiA_Full_Oct
TX-20991,2026-01-09,2026-M01,Q1,T1,SAMF,Fakultet for samfunnsvitenskap (SAMF),Fakultet,3400,BOA Ekstern Prosjektstøtte (NFR/EU),3xxx Inntekter,BOA Ekstern Prosjektstøtte (NFR/EU) - 2026-M01 (SAMF),-1376684.8,EMP-115,EMP-135,True,OK,2026_UiA_Full_Oct
TX-20992,2026-01-18,2026-M01,Q1,T1,SAMF,Fakultet for samfunnsvitenskap (SAMF),Fakultet,3400,BOA Ekstern Prosjektstøtte (NFR/EU),3xxx Inntekter,BOA Ekstern Prosjektstøtte (NFR/EU) - 2026-M01 (SAMF),-161258.46,EMP-115,EMP-135,True,OK,2026_UiA_Full_Oct
TX-20993,2026-01-27,2026-M01,Q1,T1,SAMF,Fakultet for samfunnsvitenskap (SAMF),Fakultet,3400,BOA Ekstern Prosjektstøtte (NFR/EU),3xxx Inntekter,BOA Ekstern Prosjektstøtte (NFR/EU) - 2026-M01 (SAMF),-957415.15,EMP-115,EMP-135,True,OK,2026_UiA_Full_Oct
TX-20994,2026-02-09,2026-M02,Q1,T1,SAMF,Fakultet for samfunnsvitenskap (SAMF),Fakultet,3400,BOA Ekstern Prosjektstøtte (NFR/EU),3xxx Inntekter,BOA Ekstern Prosjektstøtte (NFR/EU) - 2026-M02 (SAMF),-1293457.48,EMP-115,EMP-135,True,OK,2026_UiA_Full_Oct
TX-20995,2026-02-18,2026-M02,Q1,T1,SAMF,Fakultet for samfunnsvitenskap (SAMF),Fakultet,3400,BOA Ekstern Prosjektstøtte (NFR/EU),3xxx Inntekter,BOA Ekstern Prosjektstøtte (NFR/EU) - 2026-M02 (SAMF),-218226.05,EMP-115,EMP-135,True,OK,2026_UiA_Full_Oct
TX-20996,2026-02-27,2026-M02,Q1,T1,SAMF,Fakultet for samfunnsvitenskap (SAMF),Fakultet,3400,BOA Ekstern Prosjektstøtte (NFR/EU),3xxx Inntekter,BOA Ekstern Prosjektstøtte (NFR/EU) - 2026-M02 (SAMF),-969490.15,EMP-115,EMP-135,True,OK,2026_UiA_Full_Oct
TX-20997,2026-03-09,2026-M03,Q1,T1,SAMF,Fakultet for samfunnsvitenskap (SAMF),Fakultet,3400,BOA Ekstern Prosjektstøtte (NFR/EU),3xxx Inntekter,BOA Ekstern Prosjektstøtte (NFR/EU) - 2026-M03 (SAMF),-472291.16,EMP-115,EMP-135,True,OK,2026_UiA_Full_Oct
TX-20998,2026-03-18,2026-M03,Q1,T1,SAMF,Fakultet for samfunnsvitenskap (SAMF),Fakultet,3400,BOA Ekstern Prosjektstøtte (NFR/EU),3xxx Inntekter,BOA Ekstern Prosjektstøtte (NFR/EU) - 2026-M03 (SAMF),-1356096.77,EMP-115,EMP-135,True,OK,2026_UiA_Full_Oct
TX-20999,2026-03-27,2026-M03,Q1,T1,SAMF,Fakultet for samfunnsvitenskap (SAMF),Fakultet,3400,BOA Ekstern Prosjektstøtte (NFR/EU),3xxx Inntekter,BOA Ekstern Prosjektstøtte (NFR/EU) - 2026-M03 (SAMF),-702003.5,EMP-115,EMP-135,True,OK,2026_UiA_Full_Oct
TX-21000,2026-04-09,2026-M04,Q2,T1,SAMF,Fakultet for samfunnsvitenskap (SAMF),Fakultet,3400,BOA Ekstern Prosjektstøtte (NFR/EU),3xxx Inntekter,BOA Ekstern Prosjektstøtte (NFR/EU) - 2026-M04 (SAMF),-123139.25,EMP-115,EMP-135,True,OK,2026_UiA_Full_Oct
TX-21001,2026-04-18,2026-M04,Q2,T1,SAMF,Fakultet for samfunnsvitenskap (SAMF),Fakultet,3400,BOA Ekstern Prosjektstøtte (NFR/EU),3xxx Inntekter,BOA Ekstern Prosjektstøtte (NFR/EU) - 2026-M04 (SAMF),-1270345.73,EMP-115,EMP-135,True,OK,2026_UiA_Full_Oct
TX-21002,2026-04-27,2026-M04,Q2,T1,SAMF,Fakultet for samfunnsvitenskap (SAMF),Fakultet,3400,BOA Ekstern Prosjektstøtte (NFR/EU),3xxx Inntekter,BOA Ekstern Prosjektstøtte (NFR/EU) - 2026-M04 (SAMF),-1131937.75,EMP-115,EMP-135,True,OK,2026_UiA_Full_Oct
TX-21003,2026-05-09,2026-M05,Q2,T2,SAMF,Fakultet for samfunnsvitenskap (SAMF),Fakultet,3400,BOA Ekstern Prosjektstøtte (NFR/EU),3xxx Inntekter,BOA Ekstern Prosjektstøtte (NFR/EU) - 2026-M05 (SAMF),-1292531.76,EMP-115,EMP-135,True,OK,2026_UiA_Full_Oct
TX-21004,2026-05-18,2026-M05,Q2,T2,SAMF,Fakultet for samfunnsvitenskap (SAMF),Fakultet,3400,BOA Ekstern Prosjektstøtte (NFR/EU),3xxx Inntekter,BOA Ekstern Prosjektstøtte (NFR/EU) - 2026-M05 (SAMF),-227603.49,EMP-115,EMP-135,True,OK,2026_UiA_Full_Oct
TX-21005,2026-05-27,2026-M05,Q2,T2,SAMF,Fakultet for samfunnsvitenskap (SAMF),Fakultet,3400,BOA Ekstern Prosjektstøtte (NFR/EU),3xxx Inntekter,BOA Ekstern Prosjektstøtte (NFR/EU) - 2026-M05 (SAMF),-978197.06,EMP-115,EMP-135,True,OK,2026_UiA_Full_Oct
TX-21006,2026-06-09,2026-M06,Q2,T2,SAMF,Fakultet for samfunnsvitenskap (SAMF),Fakultet,3400,BOA Ekstern Prosjektstøtte (NFR/EU),3xxx Inntekter,BOA Ekstern Prosjektstøtte (NFR/EU) - 2026-M06 (SAMF),-55131.94,EMP-115,EMP-135,True,OK,2026_UiA_Full_Oct
TX-21007,2026-06-18,2026-M06,Q2,T2,SAMF,Fakultet for samfunnsvitenskap (SAMF),Fakultet,3400,BOA Ekstern Prosjektstøtte (NFR/EU),3xxx Inntekter,BOA Ekstern Prosjektstøtte (NFR/EU) - 2026-M06 (SAMF),-15593.87,EMP-115,EMP-135,True,OK,2026_UiA_Full_Oct
TX-21008,2026-06-27,2026-M06,Q2,T2,SAMF,Fakultet for samfunnsvitenskap (SAMF),Fakultet,3400,BOA Ekstern Prosjektstøtte (NFR/EU),3xxx Inntekter,BOA Ekstern Prosjektstøtte (NFR/EU) - 2026-M06 (SAMF),-2427221.77,EMP-115,EMP-135,True,OK,2026_UiA_Full_Oct
TX-21009,2026-07-09,2026-M07,Q3,T2,SAMF,Fakultet for samfunnsvitenskap (SAMF),Fakultet,3400,BOA Ekstern Prosjektstøtte (NFR/EU),3xxx Inntekter,BOA Ekstern Prosjektstøtte (NFR/EU) - 2026-M07 (SAMF),-237519.28,EMP-115,EMP-135,True,OK,2026_UiA_Full_Oct
TX-21010,2026-07-18,2026-M07,Q3,T2,SAMF,Fakultet for samfunnsvitenskap (SAMF),Fakultet,3400,BOA Ekstern Prosjektstøtte (NFR/EU),3xxx Inntekter,BOA Ekstern Prosjektstøtte (NFR/EU) - 2026-M07 (SAMF),-581180.4,EMP-115,EMP-135,True,OK,2026_UiA_Full_Oct
TX-21011,2026-07-27,2026-M07,Q3,T2,SAMF,Fakultet for samfunnsvitenskap (SAMF),Fakultet,3400,BOA Ekstern Prosjektstøtte (NFR/EU),3xxx Inntekter,BOA Ekstern Prosjektstøtte (NFR/EU) - 2026-M07 (SAMF),-1667199.39,EMP-115,EMP-135,True,OK,2026_UiA_Full_Oct
TX-21012,2026-08-09,2026-M08,Q3,T2,SAMF,Fakultet for samfunnsvitenskap (SAMF),Fakultet,3400,BOA Ekstern Prosjektstøtte (NFR/EU),3xxx Inntekter,BOA Ekstern Prosjektstøtte (NFR/EU) - 2026-M08 (SAMF),-292587.47,EMP-115,EMP-135,True,OK,2026_UiA_Full_Oct
TX-21013,2026-08-18,2026-M08,Q3,T2,SAMF,Fakultet for samfunnsvitenskap (SAMF),Fakultet,3400,BOA Ekstern Prosjektstøtte (NFR/EU),3xxx Inntekter,BOA Ekstern Prosjektstøtte (NFR/EU) - 2026-M08 (SAMF),-1039409.29,EMP-115,EMP-135,True,OK,2026_UiA_Full_Oct
TX-21014,2026-08-27,2026-M08,Q3,T2,SAMF,Fakultet for samfunnsvitenskap (SAMF),Fakultet,3400,BOA Ekstern Prosjektstøtte (NFR/EU),3xxx Inntekter,BOA Ekstern Prosjektstøtte (NFR/EU) - 2026-M08 (SAMF),-1198077.84,EMP-115,EMP-135,True,OK,2026_UiA_Full_Oct
TX-21015,2026-09-09,2026-M09,Q3,T3,SAMF,Fakultet for samfunnsvitenskap (SAMF),Fakultet,3400,BOA Ekstern Prosjektstøtte (NFR/EU),3xxx Inntekter,BOA Ekstern Prosjektstøtte (NFR/EU) - 2026-M09 (SAMF),-857517.24,EMP-115,EMP-135,True,OK,2026_UiA_Full_Oct
TX-21016,2026-09-18,2026-M09,Q3,T3,SAMF,Fakultet for samfunnsvitenskap (SAMF),Fakultet,3400,BOA Ekstern Prosjektstøtte (NFR/EU),3xxx Inntekter,BOA Ekstern Prosjektstøtte (NFR/EU) - 2026-M09 (SAMF),-446058.34,EMP-115,EMP-135,True,OK,2026_UiA_Full_Oct
TX-21017,2026-09-27,2026-M09,Q3,T3,SAMF,Fakultet for samfunnsvitenskap (SAMF),Fakultet,3400,BOA Ekstern Prosjektstøtte (NFR/EU),3xxx Inntekter,BOA Ekstern Prosjektstøtte (NFR/EU) - 2026-M09 (SAMF),-1217090.4,EMP-115,EMP-135,True,OK,2026_UiA_Full_Oct
TX-21018,2026-10-09,2026-M10,Q4,T3,SAMF,Fakultet for samfunnsvitenskap (SAMF),Fakultet,3400,BOA Ekstern Prosjektstøtte (NFR/EU),3xxx Inntekter,BOA Ekstern Prosjektstøtte (NFR/EU) - 2026-M10 (SAMF),-240021.56,EMP-115,EMP-135,True,OK,2026_UiA_Full_Oct
TX-21019,2026-10-18,2026-M10,Q4,T3,SAMF,Fakultet for samfunnsvitenskap (SAMF),Fakultet,3400,BOA Ekstern Prosjektstøtte (NFR/EU),3xxx Inntekter,BOA Ekstern Prosjektstøtte (NFR/EU) - 2026-M10 (SAMF),-1752733.35,EMP-115,EMP-135,True,OK,2026_UiA_Full_Oct
TX-21020,2026-10-27,2026-M10,Q4,T3,SAMF,Fakultet for samfunnsvitenskap (SAMF),Fakultet,3400,BOA Ekstern Prosjektstøtte (NFR/EU),3xxx Inntekter,BOA Ekstern Prosjektstøtte (NFR/EU) - 2026-M10 (SAMF),-509388.33,EMP-115,EMP-135,True,OK,2026_UiA_Full_Oct
TX-21021,2026-01-09,2026-M01,Q1,T1,SAMF,Fakultet for samfunnsvitenskap (SAMF),Fakultet,5000,Fast Lønn & Sosiale Kostnader,5xxx Lønn,Fast Lønn & Sosiale Kostnader - 2026-M01 (SAMF),626668.47,EMP-115,EMP-135,True,OK,2026_UiA_Full_Oct
TX-21022,2026-01-18,2026-M01,Q1,T1,SAMF,Fakultet for samfunnsvitenskap (SAMF),Fakultet,5000,Fast Lønn & Sosiale Kostnader,5xxx Lønn,Fast Lønn & Sosiale Kostnader - 2026-M01 (SAMF),5880103.44,EMP-115,EMP-135,True,OK,2026_UiA_Full_Oct
TX-21023,2026-01-27,2026-M01,Q1,T1,SAMF,Fakultet for samfunnsvitenskap (SAMF),Fakultet,5000,Fast Lønn & Sosiale Kostnader,5xxx Lønn,Fast Lønn & Sosiale Kostnader - 2026-M01 (SAMF),2491064.44,EMP-115,EMP-135,True,OK,2026_UiA_Full_Oct
TX-21024,2026-02-09,2026-M02,Q1,T1,SAMF,Fakultet for samfunnsvitenskap (SAMF),Fakultet,5000,Fast Lønn & Sosiale Kostnader,5xxx Lønn,Fast Lønn & Sosiale Kostnader - 2026-M02 (SAMF),442140.56,EMP-115,EMP-135,True,OK,2026_UiA_Full_Oct
TX-21025,2026-02-18,2026-M02,Q1,T1,SAMF,Fakultet for samfunnsvitenskap (SAMF),Fakultet,5000,Fast Lønn & Sosiale Kostnader,5xxx Lønn,Fast Lønn & Sosiale Kostnader - 2026-M02 (SAMF),8423583.61,EMP-115,EMP-135,True,OK,2026_UiA_Full_Oct
TX-21026,2026-02-27,2026-M02,Q1,T1,SAMF,Fakultet for samfunnsvitenskap (SAMF),Fakultet,5000,Fast Lønn & Sosiale Kostnader,5xxx Lønn,Fast Lønn & Sosiale Kostnader - 2026-M02 (SAMF),67021.95,EMP-115,EMP-135,True,OK,2026_UiA_Full_Oct
TX-21027,2026-03-09,2026-M03,Q1,T1,SAMF,Fakultet for samfunnsvitenskap (SAMF),Fakultet,5000,Fast Lønn & Sosiale Kostnader,5xxx Lønn,Fast Lønn & Sosiale Kostnader - 2026-M03 (SAMF),3557221.96,EMP-115,EMP-135,True,OK,2026_UiA_Full_Oct
TX-21028,2026-03-18,2026-M03,Q1,T1,SAMF,Fakultet for samfunnsvitenskap (SAMF),Fakultet,5000,Fast Lønn & Sosiale Kostnader,5xxx Lønn,Fast Lønn & Sosiale Kostnader - 2026-M03 (SAMF),1790886.27,EMP-115,EMP-135,True,OK,2026_UiA_Full_Oct
TX-21029,2026-03-27,2026-M03,Q1,T1,SAMF,Fakultet for samfunnsvitenskap (SAMF),Fakultet,5000,Fast Lønn & Sosiale Kostnader,5xxx Lønn,Fast Lønn & Sosiale Kostnader - 2026-M03 (SAMF),3643410.69,EMP-115,EMP-135,True,OK,2026_UiA_Full_Oct
TX-21030,2026-04-09,2026-M04,Q2,T1,SAMF,Fakultet for samfunnsvitenskap (SAMF),Fakultet,5000,Fast Lønn & Sosiale Kostnader,5xxx Lønn,Fast Lønn & Sosiale Kostnader - 2026-M04 (SAMF),500037.18,EMP-115,EMP-135,True,OK,2026_UiA_Full_Oct
TX-21031,2026-04-18,2026-M04,Q2,T1,SAMF,Fakultet for samfunnsvitenskap (SAMF),Fakultet,5000,Fast Lønn & Sosiale Kostnader,5xxx Lønn,Fast Lønn & Sosiale Kostnader - 2026-M04 (SAMF),8217290.33,EMP-115,EMP-135,True,OK,2026_UiA_Full_Oct
TX-21032,2026-04-27,2026-M04,Q2,T1,SAMF,Fakultet for samfunnsvitenskap (SAMF),Fakultet,5000,Fast Lønn & Sosiale Kostnader,5xxx Lønn,Fast Lønn & Sosiale Kostnader - 2026-M04 (SAMF),67316.14,EMP-115,EMP-135,True,OK,2026_UiA_Full_Oct
TX-21033,2026-05-09,2026-M05,Q2,T2,SAMF,Fakultet for samfunnsvitenskap (SAMF),Fakultet,5000,Fast Lønn & Sosiale Kostnader,5xxx Lønn,Fast Lønn & Sosiale Kostnader - 2026-M05 (SAMF),2623353.74,EMP-115,EMP-135,True,OK,2026_UiA_Full_Oct
TX-21034,2026-05-18,2026-M05,Q2,T2,SAMF,Fakultet for samfunnsvitenskap (SAMF),Fakultet,5000,Fast Lønn & Sosiale Kostnader,5xxx Lønn,Fast Lønn & Sosiale Kostnader - 2026-M05 (SAMF),3038364.77,EMP-115,EMP-135,True,OK,2026_UiA_Full_Oct
TX-21035,2026-05-27,2026-M05,Q2,T2,SAMF,Fakultet for samfunnsvitenskap (SAMF),Fakultet,5000,Fast Lønn & Sosiale Kostnader,5xxx Lønn,Fast Lønn & Sosiale Kostnader - 2026-M05 (SAMF),3191020.1,EMP-115,EMP-135,True,OK,2026_UiA_Full_Oct
TX-21036,2026-06-09,2026-M06,Q2,T2,SAMF,Fakultet for samfunnsvitenskap (SAMF),Fakultet,5000,Fast Lønn & Sosiale Kostnader,5xxx Lønn,Fast Lønn & Sosiale Kostnader - 2026-M06 (SAMF),2802373.79,EMP-115,EMP-135,True,OK,2026_UiA_Full_Oct
TX-21037,2026-06-18,2026-M06,Q2,T2,SAMF,Fakultet for samfunnsvitenskap (SAMF),Fakultet,5000,Fast Lønn & Sosiale Kostnader,5xxx Lønn,Fast Lønn & Sosiale Kostnader - 2026-M06 (SAMF),2805313.3,EMP-115,EMP-135,True,OK,2026_UiA_Full_Oct
TX-21038,2026-06-27,2026-M06,Q2,T2,SAMF,Fakultet for samfunnsvitenskap (SAMF),Fakultet,5000,Fast Lønn & Sosiale Kostnader,5xxx Lønn,Fast Lønn & Sosiale Kostnader - 2026-M06 (SAMF),3158620.88,EMP-115,EMP-135,True,OK,2026_UiA_Full_Oct
TX-21039,2026-07-09,2026-M07,Q3,T2,SAMF,Fakultet for samfunnsvitenskap (SAMF),Fakultet,5000,Fast Lønn & Sosiale Kostnader,5xxx Lønn,Fast Lønn & Sosiale Kostnader - 2026-M07 (SAMF),301526.71,EMP-115,EMP-135,True,OK,2026_UiA_Full_Oct
TX-21040,2026-07-18,2026-M07,Q3,T2,SAMF,Fakultet for samfunnsvitenskap (SAMF),Fakultet,5000,Fast Lønn & Sosiale Kostnader,5xxx Lønn,Fast Lønn & Sosiale Kostnader - 2026-M07 (SAMF),6747758.94,EMP-115,EMP-135,True,OK,2026_UiA_Full_Oct
TX-21041,2026-07-27,2026-M07,Q3,T2,SAMF,Fakultet for samfunnsvitenskap (SAMF),Fakultet,5000,Fast Lønn & Sosiale Kostnader,5xxx Lønn,Fast Lønn & Sosiale Kostnader - 2026-M07 (SAMF),1736311.09,EMP-115,EMP-135,True,OK,2026_UiA_Full_Oct
TX-21042,2026-08-09,2026-M08,Q3,T2,SAMF,Fakultet for samfunnsvitenskap (SAMF),Fakultet,5000,Fast Lønn & Sosiale Kostnader,5xxx Lønn,Fast Lønn & Sosiale Kostnader - 2026-M08 (SAMF),595630.43,EMP-115,EMP-135,True,OK,2026_UiA_Full_Oct
TX-21043,2026-08-18,2026-M08,Q3,T2,SAMF,Fakultet for samfunnsvitenskap (SAMF),Fakultet,5000,Fast Lønn & Sosiale Kostnader,5xxx Lønn,Fast Lønn & Sosiale Kostnader - 2026-M08 (SAMF),4125578.55,EMP-115,EMP-135,True,OK,2026_UiA_Full_Oct
TX-21044,2026-08-27,2026-M08,Q3,T2,SAMF,Fakultet for samfunnsvitenskap (SAMF),Fakultet,5000,Fast Lønn & Sosiale Kostnader,5xxx Lønn,Fast Lønn & Sosiale Kostnader - 2026-M08 (SAMF),4126911.95,EMP-115,EMP-135,True,OK,2026_UiA_Full_Oct
TX-21045,2026-09-09,2026-M09,Q3,T3,SAMF,Fakultet for samfunnsvitenskap (SAMF),Fakultet,5000,Fast Lønn & Sosiale Kostnader,5xxx Lønn,Fast Lønn & Sosiale Kostnader - 2026-M09 (SAMF),3810570.9,EMP-115,EMP-135,True,OK,2026_UiA_Full_Oct
TX-21046,2026-09-18,2026-M09,Q3,T3,SAMF,Fakultet for samfunnsvitenskap (SAMF),Fakultet,5000,Fast Lønn & Sosiale Kostnader,5xxx Lønn,Fast Lønn & Sosiale Kostnader - 2026-M09 (SAMF),2153479.18,EMP-115,EMP-135,True,OK,2026_UiA_Full_Oct
TX-21047,2026-09-27,2026-M09,Q3,T3,SAMF,Fakultet for samfunnsvitenskap (SAMF),Fakultet,5000,Fast Lønn & Sosiale Kostnader,5xxx Lønn,Fast Lønn & Sosiale Kostnader - 2026-M09 (SAMF),2888831.66,EMP-115,EMP-135,True,OK,2026_UiA_Full_Oct
TX-21048,2026-10-09,2026-M10,Q4,T3,SAMF,Fakultet for samfunnsvitenskap (SAMF),Fakultet,5000,Fast Lønn & Sosiale Kostnader,5xxx Lønn,Fast Lønn & Sosiale Kostnader - 2026-M10 (SAMF),5091791.21,EMP-115,EMP-135,True,OK,2026_UiA_Full_Oct
TX-21049,2026-10-18,2026-M10,Q4,T3,SAMF,Fakultet for samfunnsvitenskap (SAMF),Fakultet,5000,Fast Lønn & Sosiale Kostnader,5xxx Lønn,Fast Lønn & Sosiale Kostnader - 2026-M10 (SAMF),3162392.33,EMP-115,EMP-135,True,OK,2026_UiA_Full_Oct
TX-21050,2026-10-27,2026-M10,Q4,T3,SAMF,Fakultet for samfunnsvitenskap (SAMF),Fakultet,5000,Fast Lønn & Sosiale Kostnader,5xxx Lønn,Fast Lønn & Sosiale Kostnader - 2026-M10 (SAMF),753979.61,EMP-115,EMP-135,True,OK,2026_UiA_Full_Oct
TX-21051,2026-01-09,2026-M01,Q1,T1,SAMF,Fakultet for samfunnsvitenskap (SAMF),Fakultet,5330,Sensorhonorar & Timelønnede,5xxx Lønn,Sensorhonorar & Timelønnede - 2026-M01 (SAMF),386061.81,EMP-115,EMP-135,True,OK,2026_UiA_Full_Oct
TX-21052,2026-01-18,2026-M01,Q1,T1,SAMF,Fakultet for samfunnsvitenskap (SAMF),Fakultet,5330,Sensorhonorar & Timelønnede,5xxx Lønn,Sensorhonorar & Timelønnede - 2026-M01 (SAMF),102112.88,EMP-115,EMP-135,True,OK,2026_UiA_Full_Oct
TX-21053,2026-01-27,2026-M01,Q1,T1,SAMF,Fakultet for samfunnsvitenskap (SAMF),Fakultet,5330,Sensorhonorar & Timelønnede,5xxx Lønn,Sensorhonorar & Timelønnede - 2026-M01 (SAMF),350821.26,EMP-115,EMP-135,True,OK,2026_UiA_Full_Oct
TX-21054,2026-02-09,2026-M02,Q1,T1,SAMF,Fakultet for samfunnsvitenskap (SAMF),Fakultet,5330,Sensorhonorar & Timelønnede,5xxx Lønn,Sensorhonorar & Timelønnede - 2026-M02 (SAMF),200148.92,EMP-115,EMP-135,True,OK,2026_UiA_Full_Oct
TX-21055,2026-02-18,2026-M02,Q1,T1,SAMF,Fakultet for samfunnsvitenskap (SAMF),Fakultet,5330,Sensorhonorar & Timelønnede,5xxx Lønn,Sensorhonorar & Timelønnede - 2026-M02 (SAMF),46426.52,EMP-115,EMP-135,True,OK,2026_UiA_Full_Oct
TX-21056,2026-02-27,2026-M02,Q1,T1,SAMF,Fakultet for samfunnsvitenskap (SAMF),Fakultet,5330,Sensorhonorar & Timelønnede,5xxx Lønn,Sensorhonorar & Timelønnede - 2026-M02 (SAMF),578629.58,EMP-115,EMP-135,True,OK,2026_UiA_Full_Oct
TX-21057,2026-03-09,2026-M03,Q1,T1,SAMF,Fakultet for samfunnsvitenskap (SAMF),Fakultet,5330,Sensorhonorar & Timelønnede,5xxx Lønn,Sensorhonorar & Timelønnede - 2026-M03 (SAMF),612834.4,EMP-115,EMP-135,True,OK,2026_UiA_Full_Oct
TX-21058,2026-03-18,2026-M03,Q1,T1,SAMF,Fakultet for samfunnsvitenskap (SAMF),Fakultet,5330,Sensorhonorar & Timelønnede,5xxx Lønn,Sensorhonorar & Timelønnede - 2026-M03 (SAMF),134827.58,EMP-115,EMP-135,True,OK,2026_UiA_Full_Oct
TX-21059,2026-03-27,2026-M03,Q1,T1,SAMF,Fakultet for samfunnsvitenskap (SAMF),Fakultet,5330,Sensorhonorar & Timelønnede,5xxx Lønn,Sensorhonorar & Timelønnede - 2026-M03 (SAMF),79503.91,EMP-115,EMP-135,True,OK,2026_UiA_Full_Oct
TX-21060,2026-04-09,2026-M04,Q2,T1,SAMF,Fakultet for samfunnsvitenskap (SAMF),Fakultet,5330,Sensorhonorar & Timelønnede,5xxx Lønn,Sensorhonorar & Timelønnede - 2026-M04 (SAMF),587456.25,EMP-115,EMP-135,True,OK,2026_UiA_Full_Oct
TX-21061,2026-04-18,2026-M04,Q2,T1,SAMF,Fakultet for samfunnsvitenskap (SAMF),Fakultet,5330,Sensorhonorar & Timelønnede,5xxx Lønn,Sensorhonorar & Timelønnede - 2026-M04 (SAMF),216842.31,EMP-115,EMP-135,True,OK,2026_UiA_Full_Oct
TX-21062,2026-04-27,2026-M04,Q2,T1,SAMF,Fakultet for samfunnsvitenskap (SAMF),Fakultet,5330,Sensorhonorar & Timelønnede,5xxx Lønn,Sensorhonorar & Timelønnede - 2026-M04 (SAMF),19219.9,EMP-115,EMP-135,True,OK,2026_UiA_Full_Oct
TX-21063,2026-05-09,2026-M05,Q2,T2,SAMF,Fakultet for samfunnsvitenskap (SAMF),Fakultet,5330,Sensorhonorar & Timelønnede,5xxx Lønn,Sensorhonorar & Timelønnede - 2026-M05 (SAMF),181838.7,EMP-115,EMP-135,True,OK,2026_UiA_Full_Oct
TX-21064,2026-05-18,2026-M05,Q2,T2,SAMF,Fakultet for samfunnsvitenskap (SAMF),Fakultet,5330,Sensorhonorar & Timelønnede,5xxx Lønn,Sensorhonorar & Timelønnede - 2026-M05 (SAMF),651560.82,EMP-115,EMP-135,True,OK,2026_UiA_Full_Oct
TX-21065,2026-05-27,2026-M05,Q2,T2,SAMF,Fakultet for samfunnsvitenskap (SAMF),Fakultet,5330,Sensorhonorar & Timelønnede,5xxx Lønn,Sensorhonorar & Timelønnede - 2026-M05 (SAMF),6851.37,EMP-115,EMP-135,True,OK,2026_UiA_Full_Oct
TX-21066,2026-06-09,2026-M06,Q2,T2,SAMF,Fakultet for samfunnsvitenskap (SAMF),Fakultet,5330,Sensorhonorar & Timelønnede,5xxx Lønn,Sensorhonorar & Timelønnede - 2026-M06 (SAMF),199521.82,EMP-115,EMP-135,True,OK,2026_UiA_Full_Oct
TX-21067,2026-06-18,2026-M06,Q2,T2,SAMF,Fakultet for samfunnsvitenskap (SAMF),Fakultet,5330,Sensorhonorar & Timelønnede,5xxx Lønn,Sensorhonorar & Timelønnede - 2026-M06 (SAMF),437621.23,EMP-115,EMP-135,True,OK,2026_UiA_Full_Oct
TX-21068,2026-06-27,2026-M06,Q2,T2,SAMF,Fakultet for samfunnsvitenskap (SAMF),Fakultet,5330,Sensorhonorar & Timelønnede,5xxx Lønn,Sensorhonorar & Timelønnede - 2026-M06 (SAMF),209125.19,EMP-115,EMP-135,True,OK,2026_UiA_Full_Oct
TX-21069,2026-07-09,2026-M07,Q3,T2,SAMF,Fakultet for samfunnsvitenskap (SAMF),Fakultet,5330,Sensorhonorar & Timelønnede,5xxx Lønn,Sensorhonorar & Timelønnede - 2026-M07 (SAMF),53507.14,EMP-115,EMP-135,True,OK,2026_UiA_Full_Oct
TX-21070,2026-07-18,2026-M07,Q3,T2,SAMF,Fakultet for samfunnsvitenskap (SAMF),Fakultet,5330,Sensorhonorar & Timelønnede,5xxx Lønn,Sensorhonorar & Timelønnede - 2026-M07 (SAMF),762573.81,EMP-115,EMP-135,True,OK,2026_UiA_Full_Oct
TX-21071,2026-07-27,2026-M07,Q3,T2,SAMF,Fakultet for samfunnsvitenskap (SAMF),Fakultet,5330,Sensorhonorar & Timelønnede,5xxx Lønn,Sensorhonorar & Timelønnede - 2026-M07 (SAMF),18762.74,EMP-115,EMP-135,True,OK,2026_UiA_Full_Oct
TX-21072,2026-08-09,2026-M08,Q3,T2,SAMF,Fakultet for samfunnsvitenskap (SAMF),Fakultet,5330,Sensorhonorar & Timelønnede,5xxx Lønn,Sensorhonorar & Timelønnede - 2026-M08 (SAMF),464455.8,EMP-115,EMP-135,True,OK,2026_UiA_Full_Oct
TX-21073,2026-08-18,2026-M08,Q3,T2,SAMF,Fakultet for samfunnsvitenskap (SAMF),Fakultet,5330,Sensorhonorar & Timelønnede,5xxx Lønn,Sensorhonorar & Timelønnede - 2026-M08 (SAMF),170306.61,EMP-115,EMP-135,True,OK,2026_UiA_Full_Oct
TX-21074,2026-08-27,2026-M08,Q3,T2,SAMF,Fakultet for samfunnsvitenskap (SAMF),Fakultet,5330,Sensorhonorar & Timelønnede,5xxx Lønn,Sensorhonorar & Timelønnede - 2026-M08 (SAMF),188196.67,EMP-115,EMP-135,True,OK,2026_UiA_Full_Oct
TX-21075,2026-09-09,2026-M09,Q3,T3,SAMF,Fakultet for samfunnsvitenskap (SAMF),Fakultet,5330,Sensorhonorar & Timelønnede,5xxx Lønn,Sensorhonorar & Timelønnede - 2026-M09 (SAMF),77411.02,EMP-115,EMP-135,True,OK,2026_UiA_Full_Oct
TX-21076,2026-09-18,2026-M09,Q3,T3,SAMF,Fakultet for samfunnsvitenskap (SAMF),Fakultet,5330,Sensorhonorar & Timelønnede,5xxx Lønn,Sensorhonorar & Timelønnede - 2026-M09 (SAMF),544275.7,EMP-115,EMP-135,True,OK,2026_UiA_Full_Oct
TX-21077,2026-09-27,2026-M09,Q3,T3,SAMF,Fakultet for samfunnsvitenskap (SAMF),Fakultet,5330,Sensorhonorar & Timelønnede,5xxx Lønn,Sensorhonorar & Timelønnede - 2026-M09 (SAMF),215863.87,EMP-115,EMP-135,True,OK,2026_UiA_Full_Oct
TX-21078,2026-10-09,2026-M10,Q4,T3,SAMF,Fakultet for samfunnsvitenskap (SAMF),Fakultet,5330,Sensorhonorar & Timelønnede,5xxx Lønn,Sensorhonorar & Timelønnede - 2026-M10 (SAMF),719956.41,EMP-115,EMP-135,True,OK,2026_UiA_Full_Oct
TX-21079,2026-10-18,2026-M10,Q4,T3,SAMF,Fakultet for samfunnsvitenskap (SAMF),Fakultet,5330,Sensorhonorar & Timelønnede,5xxx Lønn,Sensorhonorar & Timelønnede - 2026-M10 (SAMF),82068.42,EMP-115,EMP-135,True,OK,2026_UiA_Full_Oct
TX-21080,2026-10-27,2026-M10,Q4,T3,SAMF,Fakultet for samfunnsvitenskap (SAMF),Fakultet,5330,Sensorhonorar & Timelønnede,5xxx Lønn,Sensorhonorar & Timelønnede - 2026-M10 (SAMF),21202.97,EMP-115,EMP-135,True,OK,2026_UiA_Full_Oct
TX-21081,2026-01-09,2026-M01,Q1,T1,SAMF,Fakultet for samfunnsvitenskap (SAMF),Fakultet,6000,Husleie & Eiendomsdrift,6xxx Drift,Husleie & Eiendomsdrift - 2026-M01 (SAMF),776323.47,EMP-115,EMP-135,True,OK,2026_UiA_Full_Oct
TX-21082,2026-01-18,2026-M01,Q1,T1,SAMF,Fakultet for samfunnsvitenskap (SAMF),Fakultet,6000,Husleie & Eiendomsdrift,6xxx Drift,Husleie & Eiendomsdrift - 2026-M01 (SAMF),679501.94,EMP-115,EMP-135,True,OK,2026_UiA_Full_Oct
TX-21083,2026-01-27,2026-M01,Q1,T1,SAMF,Fakultet for samfunnsvitenskap (SAMF),Fakultet,6000,Husleie & Eiendomsdrift,6xxx Drift,Husleie & Eiendomsdrift - 2026-M01 (SAMF),464510.44,EMP-115,EMP-135,True,OK,2026_UiA_Full_Oct
TX-21084,2026-02-09,2026-M02,Q1,T1,SAMF,Fakultet for samfunnsvitenskap (SAMF),Fakultet,6000,Husleie & Eiendomsdrift,6xxx Drift,Husleie & Eiendomsdrift - 2026-M02 (SAMF),1175808.16,EMP-115,EMP-135,True,OK,2026_UiA_Full_Oct
TX-21085,2026-02-18,2026-M02,Q1,T1,SAMF,Fakultet for samfunnsvitenskap (SAMF),Fakultet,6000,Husleie & Eiendomsdrift,6xxx Drift,Husleie & Eiendomsdrift - 2026-M02 (SAMF),531854.88,EMP-115,EMP-135,True,OK,2026_UiA_Full_Oct
TX-21086,2026-02-27,2026-M02,Q1,T1,SAMF,Fakultet for samfunnsvitenskap (SAMF),Fakultet,6000,Husleie & Eiendomsdrift,6xxx Drift,Husleie & Eiendomsdrift - 2026-M02 (SAMF),220873.9,EMP-115,EMP-135,True,OK,2026_UiA_Full_Oct
TX-21087,2026-03-09,2026-M03,Q1,T1,SAMF,Fakultet for samfunnsvitenskap (SAMF),Fakultet,6000,Husleie & Eiendomsdrift,6xxx Drift,Husleie & Eiendomsdrift - 2026-M03 (SAMF),193535.87,EMP-115,EMP-135,True,OK,2026_UiA_Full_Oct
TX-21088,2026-03-18,2026-M03,Q1,T1,SAMF,Fakultet for samfunnsvitenskap (SAMF),Fakultet,6000,Husleie & Eiendomsdrift,6xxx Drift,Husleie & Eiendomsdrift - 2026-M03 (SAMF),198807.06,EMP-115,EMP-135,True,OK,2026_UiA_Full_Oct
TX-21089,2026-03-27,2026-M03,Q1,T1,SAMF,Fakultet for samfunnsvitenskap (SAMF),Fakultet,6000,Husleie & Eiendomsdrift,6xxx Drift,Husleie & Eiendomsdrift - 2026-M03 (SAMF),1567330.83,EMP-115,EMP-135,True,OK,2026_UiA_Full_Oct
TX-21090,2026-04-09,2026-M04,Q2,T1,SAMF,Fakultet for samfunnsvitenskap (SAMF),Fakultet,6000,Husleie & Eiendomsdrift,6xxx Drift,Husleie & Eiendomsdrift - 2026-M04 (SAMF),174775.0,EMP-115,EMP-135,True,OK,2026_UiA_Full_Oct
TX-21091,2026-04-18,2026-M04,Q2,T1,SAMF,Fakultet for samfunnsvitenskap (SAMF),Fakultet,6000,Husleie & Eiendomsdrift,6xxx Drift,Husleie & Eiendomsdrift - 2026-M04 (SAMF),1664339.74,EMP-115,EMP-135,True,OK,2026_UiA_Full_Oct
TX-21092,2026-04-27,2026-M04,Q2,T1,SAMF,Fakultet for samfunnsvitenskap (SAMF),Fakultet,6000,Husleie & Eiendomsdrift,6xxx Drift,Husleie & Eiendomsdrift - 2026-M04 (SAMF),95755.1,EMP-115,EMP-135,True,OK,2026_UiA_Full_Oct
TX-21093,2026-05-09,2026-M05,Q2,T2,SAMF,Fakultet for samfunnsvitenskap (SAMF),Fakultet,6000,Husleie & Eiendomsdrift,6xxx Drift,Husleie & Eiendomsdrift - 2026-M05 (SAMF),174408.21,EMP-115,EMP-135,True,OK,2026_UiA_Full_Oct
TX-21094,2026-05-18,2026-M05,Q2,T2,SAMF,Fakultet for samfunnsvitenskap (SAMF),Fakultet,6000,Husleie & Eiendomsdrift,6xxx Drift,Husleie & Eiendomsdrift - 2026-M05 (SAMF),822168.07,EMP-115,EMP-135,True,OK,2026_UiA_Full_Oct
TX-21095,2026-05-27,2026-M05,Q2,T2,SAMF,Fakultet for samfunnsvitenskap (SAMF),Fakultet,6000,Husleie & Eiendomsdrift,6xxx Drift,Husleie & Eiendomsdrift - 2026-M05 (SAMF),924125.79,EMP-115,EMP-135,True,OK,2026_UiA_Full_Oct
TX-21096,2026-06-09,2026-M06,Q2,T2,SAMF,Fakultet for samfunnsvitenskap (SAMF),Fakultet,6000,Husleie & Eiendomsdrift,6xxx Drift,Husleie & Eiendomsdrift - 2026-M06 (SAMF),413247.62,EMP-115,EMP-135,True,OK,2026_UiA_Full_Oct
TX-21097,2026-06-18,2026-M06,Q2,T2,SAMF,Fakultet for samfunnsvitenskap (SAMF),Fakultet,6000,Husleie & Eiendomsdrift,6xxx Drift,Husleie & Eiendomsdrift - 2026-M06 (SAMF),943401.2,EMP-115,EMP-135,True,OK,2026_UiA_Full_Oct
TX-21098,2026-06-27,2026-M06,Q2,T2,SAMF,Fakultet for samfunnsvitenskap (SAMF),Fakultet,6000,Husleie & Eiendomsdrift,6xxx Drift,Husleie & Eiendomsdrift - 2026-M06 (SAMF),592208.32,EMP-115,EMP-135,True,OK,2026_UiA_Full_Oct
TX-21099,2026-07-09,2026-M07,Q3,T2,SAMF,Fakultet for samfunnsvitenskap (SAMF),Fakultet,6000,Husleie & Eiendomsdrift,6xxx Drift,Husleie & Eiendomsdrift - 2026-M07 (SAMF),1292985.38,EMP-115,EMP-135,True,OK,2026_UiA_Full_Oct
TX-21100,2026-07-18,2026-M07,Q3,T2,SAMF,Fakultet for samfunnsvitenskap (SAMF),Fakultet,6000,Husleie & Eiendomsdrift,6xxx Drift,Husleie & Eiendomsdrift - 2026-M07 (SAMF),457354.1,EMP-115,EMP-135,True,OK,2026_UiA_Full_Oct
TX-21101,2026-07-27,2026-M07,Q3,T2,SAMF,Fakultet for samfunnsvitenskap (SAMF),Fakultet,6000,Husleie & Eiendomsdrift,6xxx Drift,Husleie & Eiendomsdrift - 2026-M07 (SAMF),197482.69,EMP-115,EMP-135,True,OK,2026_UiA_Full_Oct
TX-21102,2026-08-09,2026-M08,Q3,T2,SAMF,Fakultet for samfunnsvitenskap (SAMF),Fakultet,6000,Husleie & Eiendomsdrift,6xxx Drift,Husleie & Eiendomsdrift - 2026-M08 (SAMF),487397.96,EMP-115,EMP-135,True,OK,2026_UiA_Full_Oct
TX-21103,2026-08-18,2026-M08,Q3,T2,SAMF,Fakultet for samfunnsvitenskap (SAMF),Fakultet,6000,Husleie & Eiendomsdrift,6xxx Drift,Husleie & Eiendomsdrift - 2026-M08 (SAMF),823795.99,EMP-115,EMP-135,True,OK,2026_UiA_Full_Oct
TX-21104,2026-08-27,2026-M08,Q3,T2,SAMF,Fakultet for samfunnsvitenskap (SAMF),Fakultet,6000,Husleie & Eiendomsdrift,6xxx Drift,Husleie & Eiendomsdrift - 2026-M08 (SAMF),620366.27,EMP-115,EMP-135,True,OK,2026_UiA_Full_Oct
TX-21105,2026-09-09,2026-M09,Q3,T3,SAMF,Fakultet for samfunnsvitenskap (SAMF),Fakultet,6000,Husleie & Eiendomsdrift,6xxx Drift,Husleie & Eiendomsdrift - 2026-M09 (SAMF),847735.85,EMP-115,EMP-135,True,OK,2026_UiA_Full_Oct
TX-21106,2026-09-18,2026-M09,Q3,T3,SAMF,Fakultet for samfunnsvitenskap (SAMF),Fakultet,6000,Husleie & Eiendomsdrift,6xxx Drift,Husleie & Eiendomsdrift - 2026-M09 (SAMF),605403.27,EMP-115,EMP-135,True,OK,2026_UiA_Full_Oct
TX-21107,2026-09-27,2026-M09,Q3,T3,SAMF,Fakultet for samfunnsvitenskap (SAMF),Fakultet,6000,Husleie & Eiendomsdrift,6xxx Drift,Husleie & Eiendomsdrift - 2026-M09 (SAMF),470172.71,EMP-115,EMP-135,True,OK,2026_UiA_Full_Oct
TX-21108,2026-10-09,2026-M10,Q4,T3,SAMF,Fakultet for samfunnsvitenskap (SAMF),Fakultet,6000,Husleie & Eiendomsdrift,6xxx Drift,Husleie & Eiendomsdrift - 2026-M10 (SAMF),1582925.58,EMP-115,EMP-135,True,OK,2026_UiA_Full_Oct
TX-21109,2026-10-18,2026-M10,Q4,T3,SAMF,Fakultet for samfunnsvitenskap (SAMF),Fakultet,6000,Husleie & Eiendomsdrift,6xxx Drift,Husleie & Eiendomsdrift - 2026-M10 (SAMF),310870.74,EMP-115,EMP-135,True,OK,2026_UiA_Full_Oct
TX-21110,2026-10-27,2026-M10,Q4,T3,SAMF,Fakultet for samfunnsvitenskap (SAMF),Fakultet,6000,Husleie & Eiendomsdrift,6xxx Drift,Husleie & Eiendomsdrift - 2026-M10 (SAMF),28031.02,EMP-115,EMP-135,True,OK,2026_UiA_Full_Oct
TX-21111,2026-01-09,2026-M01,Q1,T1,SAMF,Fakultet for samfunnsvitenskap (SAMF),Fakultet,6800,"IKT, Rekvisita & Utstyr",6xxx Drift,"IKT, Rekvisita & Utstyr - 2026-M01 (SAMF)",238668.52,EMP-115,EMP-135,False,BRUDD: Mangler kvittering (>100 NOK),2026_UiA_Full_Oct
TX-21112,2026-01-18,2026-M01,Q1,T1,SAMF,Fakultet for samfunnsvitenskap (SAMF),Fakultet,6800,"IKT, Rekvisita & Utstyr",6xxx Drift,"IKT, Rekvisita & Utstyr - 2026-M01 (SAMF)",67658.4,EMP-115,EMP-135,True,OK,2026_UiA_Full_Oct
TX-21113,2026-01-27,2026-M01,Q1,T1,SAMF,Fakultet for samfunnsvitenskap (SAMF),Fakultet,6800,"IKT, Rekvisita & Utstyr",6xxx Drift,"IKT, Rekvisita & Utstyr - 2026-M01 (SAMF)",792232.82,EMP-115,EMP-135,True,OK,2026_UiA_Full_Oct
TX-21114,2026-02-09,2026-M02,Q1,T1,SAMF,Fakultet for samfunnsvitenskap (SAMF),Fakultet,6800,"IKT, Rekvisita & Utstyr",6xxx Drift,"IKT, Rekvisita & Utstyr - 2026-M02 (SAMF)",63945.88,EMP-115,EMP-135,True,OK,2026_UiA_Full_Oct
TX-21115,2026-02-18,2026-M02,Q1,T1,SAMF,Fakultet for samfunnsvitenskap (SAMF),Fakultet,6800,"IKT, Rekvisita & Utstyr",6xxx Drift,"IKT, Rekvisita & Utstyr - 2026-M02 (SAMF)",833706.45,EMP-115,EMP-135,True,OK,2026_UiA_Full_Oct
TX-21116,2026-02-27,2026-M02,Q1,T1,SAMF,Fakultet for samfunnsvitenskap (SAMF),Fakultet,6800,"IKT, Rekvisita & Utstyr",6xxx Drift,"IKT, Rekvisita & Utstyr - 2026-M02 (SAMF)",208519.98,EMP-115,EMP-135,True,OK,2026_UiA_Full_Oct
TX-21117,2026-03-09,2026-M03,Q1,T1,SAMF,Fakultet for samfunnsvitenskap (SAMF),Fakultet,6800,"IKT, Rekvisita & Utstyr",6xxx Drift,"IKT, Rekvisita & Utstyr - 2026-M03 (SAMF)",804265.81,EMP-115,EMP-135,True,OK,2026_UiA_Full_Oct
TX-21118,2026-03-18,2026-M03,Q1,T1,SAMF,Fakultet for samfunnsvitenskap (SAMF),Fakultet,6800,"IKT, Rekvisita & Utstyr",6xxx Drift,"IKT, Rekvisita & Utstyr - 2026-M03 (SAMF)",223739.23,EMP-115,EMP-135,True,OK,2026_UiA_Full_Oct
TX-21119,2026-03-27,2026-M03,Q1,T1,SAMF,Fakultet for samfunnsvitenskap (SAMF),Fakultet,6800,"IKT, Rekvisita & Utstyr",6xxx Drift,"IKT, Rekvisita & Utstyr - 2026-M03 (SAMF)",85990.32,EMP-115,EMP-135,True,OK,2026_UiA_Full_Oct
TX-21120,2026-04-09,2026-M04,Q2,T1,SAMF,Fakultet for samfunnsvitenskap (SAMF),Fakultet,6800,"IKT, Rekvisita & Utstyr",6xxx Drift,"IKT, Rekvisita & Utstyr - 2026-M04 (SAMF)",126007.69,EMP-115,EMP-135,True,OK,2026_UiA_Full_Oct
TX-21121,2026-04-18,2026-M04,Q2,T1,SAMF,Fakultet for samfunnsvitenskap (SAMF),Fakultet,6800,"IKT, Rekvisita & Utstyr",6xxx Drift,"IKT, Rekvisita & Utstyr - 2026-M04 (SAMF)",867686.51,EMP-115,EMP-135,True,OK,2026_UiA_Full_Oct
TX-21122,2026-04-27,2026-M04,Q2,T1,SAMF,Fakultet for samfunnsvitenskap (SAMF),Fakultet,6800,"IKT, Rekvisita & Utstyr",6xxx Drift,"IKT, Rekvisita & Utstyr - 2026-M04 (SAMF)",105499.48,EMP-115,EMP-135,True,OK,2026_UiA_Full_Oct
TX-21123,2026-05-09,2026-M05,Q2,T2,SAMF,Fakultet for samfunnsvitenskap (SAMF),Fakultet,6800,"IKT, Rekvisita & Utstyr",6xxx Drift,"IKT, Rekvisita & Utstyr - 2026-M05 (SAMF)",198606.98,EMP-115,EMP-135,True,OK,2026_UiA_Full_Oct
TX-21124,2026-05-18,2026-M05,Q2,T2,SAMF,Fakultet for samfunnsvitenskap (SAMF),Fakultet,6800,"IKT, Rekvisita & Utstyr",6xxx Drift,"IKT, Rekvisita & Utstyr - 2026-M05 (SAMF)",616014.3,EMP-115,EMP-135,True,OK,2026_UiA_Full_Oct
TX-21125,2026-05-27,2026-M05,Q2,T2,SAMF,Fakultet for samfunnsvitenskap (SAMF),Fakultet,6800,"IKT, Rekvisita & Utstyr",6xxx Drift,"IKT, Rekvisita & Utstyr - 2026-M05 (SAMF)",302176.67,EMP-115,EMP-135,True,OK,2026_UiA_Full_Oct
TX-21126,2026-06-09,2026-M06,Q2,T2,SAMF,Fakultet for samfunnsvitenskap (SAMF),Fakultet,6800,"IKT, Rekvisita & Utstyr",6xxx Drift,"IKT, Rekvisita & Utstyr - 2026-M06 (SAMF)",77169.98,EMP-115,EMP-135,True,OK,2026_UiA_Full_Oct
TX-21127,2026-06-18,2026-M06,Q2,T2,SAMF,Fakultet for samfunnsvitenskap (SAMF),Fakultet,6800,"IKT, Rekvisita & Utstyr",6xxx Drift,"IKT, Rekvisita & Utstyr - 2026-M06 (SAMF)",331038.48,EMP-115,EMP-135,True,OK,2026_UiA_Full_Oct
TX-21128,2026-06-27,2026-M06,Q2,T2,SAMF,Fakultet for samfunnsvitenskap (SAMF),Fakultet,6800,"IKT, Rekvisita & Utstyr",6xxx Drift,"IKT, Rekvisita & Utstyr - 2026-M06 (SAMF)",694642.96,EMP-115,EMP-135,True,OK,2026_UiA_Full_Oct
TX-21129,2026-07-09,2026-M07,Q3,T2,SAMF,Fakultet for samfunnsvitenskap (SAMF),Fakultet,6800,"IKT, Rekvisita & Utstyr",6xxx Drift,"IKT, Rekvisita & Utstyr - 2026-M07 (SAMF)",369839.93,EMP-115,EMP-135,True,OK,2026_UiA_Full_Oct
TX-21130,2026-07-18,2026-M07,Q3,T2,SAMF,Fakultet for samfunnsvitenskap (SAMF),Fakultet,6800,"IKT, Rekvisita & Utstyr",6xxx Drift,"IKT, Rekvisita & Utstyr - 2026-M07 (SAMF)",353748.66,EMP-115,EMP-135,True,OK,2026_UiA_Full_Oct
TX-21131,2026-07-27,2026-M07,Q3,T2,SAMF,Fakultet for samfunnsvitenskap (SAMF),Fakultet,6800,"IKT, Rekvisita & Utstyr",6xxx Drift,"IKT, Rekvisita & Utstyr - 2026-M07 (SAMF)",381387.61,EMP-115,EMP-135,True,OK,2026_UiA_Full_Oct
TX-21132,2026-08-09,2026-M08,Q3,T2,SAMF,Fakultet for samfunnsvitenskap (SAMF),Fakultet,6800,"IKT, Rekvisita & Utstyr",6xxx Drift,"IKT, Rekvisita & Utstyr - 2026-M08 (SAMF)",344907.34,EMP-115,EMP-135,True,OK,2026_UiA_Full_Oct
TX-21133,2026-08-18,2026-M08,Q3,T2,SAMF,Fakultet for samfunnsvitenskap (SAMF),Fakultet,6800,"IKT, Rekvisita & Utstyr",6xxx Drift,"IKT, Rekvisita & Utstyr - 2026-M08 (SAMF)",530134.28,EMP-115,EMP-135,True,OK,2026_UiA_Full_Oct
TX-21134,2026-08-27,2026-M08,Q3,T2,SAMF,Fakultet for samfunnsvitenskap (SAMF),Fakultet,6800,"IKT, Rekvisita & Utstyr",6xxx Drift,"IKT, Rekvisita & Utstyr - 2026-M08 (SAMF)",220075.4,EMP-115,EMP-135,True,OK,2026_UiA_Full_Oct
TX-21135,2026-09-09,2026-M09,Q3,T3,SAMF,Fakultet for samfunnsvitenskap (SAMF),Fakultet,6800,"IKT, Rekvisita & Utstyr",6xxx Drift,"IKT, Rekvisita & Utstyr - 2026-M09 (SAMF)",367498.46,EMP-115,EMP-135,False,BRUDD: Mangler kvittering (>100 NOK),2026_UiA_Full_Oct
TX-21136,2026-09-18,2026-M09,Q3,T3,SAMF,Fakultet for samfunnsvitenskap (SAMF),Fakultet,6800,"IKT, Rekvisita & Utstyr",6xxx Drift,"IKT, Rekvisita & Utstyr - 2026-M09 (SAMF)",291148.13,EMP-115,EMP-135,True,OK,2026_UiA_Full_Oct
TX-21137,2026-09-27,2026-M09,Q3,T3,SAMF,Fakultet for samfunnsvitenskap (SAMF),Fakultet,6800,"IKT, Rekvisita & Utstyr",6xxx Drift,"IKT, Rekvisita & Utstyr - 2026-M09 (SAMF)",452117.75,EMP-115,EMP-135,True,OK,2026_UiA_Full_Oct
TX-21138,2026-10-09,2026-M10,Q4,T3,SAMF,Fakultet for samfunnsvitenskap (SAMF),Fakultet,6800,"IKT, Rekvisita & Utstyr",6xxx Drift,"IKT, Rekvisita & Utstyr - 2026-M10 (SAMF)",151085.74,EMP-115,EMP-115,True,BRUDD: Egengodkjent (BDM == Attestant),2026_UiA_Full_Oct
TX-21139,2026-10-18,2026-M10,Q4,T3,SAMF,Fakultet for samfunnsvitenskap (SAMF),Fakultet,6800,"IKT, Rekvisita & Utstyr",6xxx Drift,"IKT, Rekvisita & Utstyr - 2026-M10 (SAMF)",724543.8,EMP-115,EMP-135,True,OK,2026_UiA_Full_Oct
TX-21140,2026-10-27,2026-M10,Q4,T3,SAMF,Fakultet for samfunnsvitenskap (SAMF),Fakultet,6800,"IKT, Rekvisita & Utstyr",6xxx Drift,"IKT, Rekvisita & Utstyr - 2026-M10 (SAMF)",225429.05,EMP-115,EMP-135,True,OK,2026_UiA_Full_Oct
TX-21141,2026-01-09,2026-M01,Q1,T1,SAMF,Fakultet for samfunnsvitenskap (SAMF),Fakultet,7100,Reise & Representasjon,7xxx Reiser,Reise & Representasjon - 2026-M01 (SAMF),179338.41,EMP-115,EMP-135,True,OK,2026_UiA_Full_Oct
TX-21142,2026-01-18,2026-M01,Q1,T1,SAMF,Fakultet for samfunnsvitenskap (SAMF),Fakultet,7100,Reise & Representasjon,7xxx Reiser,Reise & Representasjon - 2026-M01 (SAMF),487847.92,EMP-115,EMP-135,True,OK,2026_UiA_Full_Oct
TX-21143,2026-01-27,2026-M01,Q1,T1,SAMF,Fakultet for samfunnsvitenskap (SAMF),Fakultet,7100,Reise & Representasjon,7xxx Reiser,Reise & Representasjon - 2026-M01 (SAMF),19042.7,EMP-115,EMP-135,True,OK,2026_UiA_Full_Oct
TX-21144,2026-02-09,2026-M02,Q1,T1,SAMF,Fakultet for samfunnsvitenskap (SAMF),Fakultet,7100,Reise & Representasjon,7xxx Reiser,Reise & Representasjon - 2026-M02 (SAMF),429808.66,EMP-115,EMP-135,True,OK,2026_UiA_Full_Oct
TX-21145,2026-02-18,2026-M02,Q1,T1,SAMF,Fakultet for samfunnsvitenskap (SAMF),Fakultet,7100,Reise & Representasjon,7xxx Reiser,Reise & Representasjon - 2026-M02 (SAMF),231260.45,EMP-115,EMP-135,True,OK,2026_UiA_Full_Oct
TX-21146,2026-02-27,2026-M02,Q1,T1,SAMF,Fakultet for samfunnsvitenskap (SAMF),Fakultet,7100,Reise & Representasjon,7xxx Reiser,Reise & Representasjon - 2026-M02 (SAMF),34744.2,EMP-115,EMP-135,True,OK,2026_UiA_Full_Oct
TX-21147,2026-03-09,2026-M03,Q1,T1,SAMF,Fakultet for samfunnsvitenskap (SAMF),Fakultet,7100,Reise & Representasjon,7xxx Reiser,Reise & Representasjon - 2026-M03 (SAMF),520770.81,EMP-115,EMP-135,True,OK,2026_UiA_Full_Oct
TX-21148,2026-03-18,2026-M03,Q1,T1,SAMF,Fakultet for samfunnsvitenskap (SAMF),Fakultet,7100,Reise & Representasjon,7xxx Reiser,Reise & Representasjon - 2026-M03 (SAMF),77507.73,EMP-115,EMP-135,True,OK,2026_UiA_Full_Oct
TX-21149,2026-03-27,2026-M03,Q1,T1,SAMF,Fakultet for samfunnsvitenskap (SAMF),Fakultet,7100,Reise & Representasjon,7xxx Reiser,Reise & Representasjon - 2026-M03 (SAMF),93879.15,EMP-115,EMP-135,True,OK,2026_UiA_Full_Oct
TX-21150,2026-04-09,2026-M04,Q2,T1,SAMF,Fakultet for samfunnsvitenskap (SAMF),Fakultet,7100,Reise & Representasjon,7xxx Reiser,Reise & Representasjon - 2026-M04 (SAMF),208534.71,EMP-115,EMP-135,True,OK,2026_UiA_Full_Oct
TX-21151,2026-04-18,2026-M04,Q2,T1,SAMF,Fakultet for samfunnsvitenskap (SAMF),Fakultet,7100,Reise & Representasjon,7xxx Reiser,Reise & Representasjon - 2026-M04 (SAMF),193270.32,EMP-115,EMP-135,True,OK,2026_UiA_Full_Oct
TX-21152,2026-04-27,2026-M04,Q2,T1,SAMF,Fakultet for samfunnsvitenskap (SAMF),Fakultet,7100,Reise & Representasjon,7xxx Reiser,Reise & Representasjon - 2026-M04 (SAMF),297808.38,EMP-115,EMP-135,True,OK,2026_UiA_Full_Oct
TX-21153,2026-05-09,2026-M05,Q2,T2,SAMF,Fakultet for samfunnsvitenskap (SAMF),Fakultet,7100,Reise & Representasjon,7xxx Reiser,Reise & Representasjon - 2026-M05 (SAMF),166604.77,EMP-115,EMP-135,True,OK,2026_UiA_Full_Oct
TX-21154,2026-05-18,2026-M05,Q2,T2,SAMF,Fakultet for samfunnsvitenskap (SAMF),Fakultet,7100,Reise & Representasjon,7xxx Reiser,Reise & Representasjon - 2026-M05 (SAMF),367648.61,EMP-115,EMP-135,True,OK,2026_UiA_Full_Oct
TX-21155,2026-05-27,2026-M05,Q2,T2,SAMF,Fakultet for samfunnsvitenskap (SAMF),Fakultet,7100,Reise & Representasjon,7xxx Reiser,Reise & Representasjon - 2026-M05 (SAMF),161881.54,EMP-115,EMP-135,True,OK,2026_UiA_Full_Oct
TX-21156,2026-06-09,2026-M06,Q2,T2,SAMF,Fakultet for samfunnsvitenskap (SAMF),Fakultet,7100,Reise & Representasjon,7xxx Reiser,Reise & Representasjon - 2026-M06 (SAMF),401828.43,EMP-115,EMP-135,True,OK,2026_UiA_Full_Oct
TX-21157,2026-06-18,2026-M06,Q2,T2,SAMF,Fakultet for samfunnsvitenskap (SAMF),Fakultet,7100,Reise & Representasjon,7xxx Reiser,Reise & Representasjon - 2026-M06 (SAMF),272671.13,EMP-115,EMP-135,True,OK,2026_UiA_Full_Oct
TX-21158,2026-06-27,2026-M06,Q2,T2,SAMF,Fakultet for samfunnsvitenskap (SAMF),Fakultet,7100,Reise & Representasjon,7xxx Reiser,Reise & Representasjon - 2026-M06 (SAMF),30192.65,EMP-115,EMP-135,True,OK,2026_UiA_Full_Oct
TX-21159,2026-07-09,2026-M07,Q3,T2,SAMF,Fakultet for samfunnsvitenskap (SAMF),Fakultet,7100,Reise & Representasjon,7xxx Reiser,Reise & Representasjon - 2026-M07 (SAMF),433304.27,EMP-115,EMP-135,True,OK,2026_UiA_Full_Oct
TX-21160,2026-07-18,2026-M07,Q3,T2,SAMF,Fakultet for samfunnsvitenskap (SAMF),Fakultet,7100,Reise & Representasjon,7xxx Reiser,Reise & Representasjon - 2026-M07 (SAMF),112000.43,EMP-115,EMP-135,True,OK,2026_UiA_Full_Oct
TX-21161,2026-07-27,2026-M07,Q3,T2,SAMF,Fakultet for samfunnsvitenskap (SAMF),Fakultet,7100,Reise & Representasjon,7xxx Reiser,Reise & Representasjon - 2026-M07 (SAMF),153034.69,EMP-115,EMP-135,True,OK,2026_UiA_Full_Oct
TX-21162,2026-08-09,2026-M08,Q3,T2,SAMF,Fakultet for samfunnsvitenskap (SAMF),Fakultet,7100,Reise & Representasjon,7xxx Reiser,Reise & Representasjon - 2026-M08 (SAMF),395420.72,EMP-115,EMP-135,True,OK,2026_UiA_Full_Oct
TX-21163,2026-08-18,2026-M08,Q3,T2,SAMF,Fakultet for samfunnsvitenskap (SAMF),Fakultet,7100,Reise & Representasjon,7xxx Reiser,Reise & Representasjon - 2026-M08 (SAMF),243511.21,EMP-115,EMP-135,True,OK,2026_UiA_Full_Oct
TX-21164,2026-08-27,2026-M08,Q3,T2,SAMF,Fakultet for samfunnsvitenskap (SAMF),Fakultet,7100,Reise & Representasjon,7xxx Reiser,Reise & Representasjon - 2026-M08 (SAMF),65825.88,EMP-115,EMP-135,True,OK,2026_UiA_Full_Oct
TX-21165,2026-09-09,2026-M09,Q3,T3,SAMF,Fakultet for samfunnsvitenskap (SAMF),Fakultet,7100,Reise & Representasjon,7xxx Reiser,Reise & Representasjon - 2026-M09 (SAMF),156182.39,EMP-115,EMP-135,True,OK,2026_UiA_Full_Oct
TX-21166,2026-09-18,2026-M09,Q3,T3,SAMF,Fakultet for samfunnsvitenskap (SAMF),Fakultet,7100,Reise & Representasjon,7xxx Reiser,Reise & Representasjon - 2026-M09 (SAMF),421969.07,EMP-115,EMP-135,True,OK,2026_UiA_Full_Oct
TX-21167,2026-09-27,2026-M09,Q3,T3,SAMF,Fakultet for samfunnsvitenskap (SAMF),Fakultet,7100,Reise & Representasjon,7xxx Reiser,Reise & Representasjon - 2026-M09 (SAMF),122854.27,EMP-115,EMP-135,True,OK,2026_UiA_Full_Oct
TX-21168,2026-10-09,2026-M10,Q4,T3,SAMF,Fakultet for samfunnsvitenskap (SAMF),Fakultet,7100,Reise & Representasjon,7xxx Reiser,Reise & Representasjon - 2026-M10 (SAMF),534200.96,EMP-115,EMP-135,True,OK,2026_UiA_Full_Oct
TX-21169,2026-10-18,2026-M10,Q4,T3,SAMF,Fakultet for samfunnsvitenskap (SAMF),Fakultet,7100,Reise & Representasjon,7xxx Reiser,Reise & Representasjon - 2026-M10 (SAMF),107386.89,EMP-115,EMP-135,True,OK,2026_UiA_Full_Oct
TX-21170,2026-10-27,2026-M10,Q4,T3,SAMF,Fakultet for samfunnsvitenskap (SAMF),Fakultet,7100,Reise & Representasjon,7xxx Reiser,Reise & Representasjon - 2026-M10 (SAMF),51620.66,EMP-115,EMP-135,True,OK,2026_UiA_Full_Oct
TX-21171,2026-01-09,2026-M01,Q1,T1,SAMF,Fakultet for samfunnsvitenskap (SAMF),Fakultet,7800,Andre Driftskostnader & Konsulenter,7xxx Reiser,Andre Driftskostnader & Konsulenter - 2026-M01 (SAMF),263830.5,EMP-115,EMP-135,True,OK,2026_UiA_Full_Oct
TX-21172,2026-01-18,2026-M01,Q1,T1,SAMF,Fakultet for samfunnsvitenskap (SAMF),Fakultet,7800,Andre Driftskostnader & Konsulenter,7xxx Reiser,Andre Driftskostnader & Konsulenter - 2026-M01 (SAMF),126835.17,EMP-115,EMP-135,True,OK,2026_UiA_Full_Oct
TX-21173,2026-01-27,2026-M01,Q1,T1,SAMF,Fakultet for samfunnsvitenskap (SAMF),Fakultet,7800,Andre Driftskostnader & Konsulenter,7xxx Reiser,Andre Driftskostnader & Konsulenter - 2026-M01 (SAMF),29437.38,EMP-115,EMP-135,True,OK,2026_UiA_Full_Oct
TX-21174,2026-02-09,2026-M02,Q1,T1,SAMF,Fakultet for samfunnsvitenskap (SAMF),Fakultet,7800,Andre Driftskostnader & Konsulenter,7xxx Reiser,Andre Driftskostnader & Konsulenter - 2026-M02 (SAMF),68267.41,EMP-115,EMP-135,True,OK,2026_UiA_Full_Oct
TX-21175,2026-02-18,2026-M02,Q1,T1,SAMF,Fakultet for samfunnsvitenskap (SAMF),Fakultet,7800,Andre Driftskostnader & Konsulenter,7xxx Reiser,Andre Driftskostnader & Konsulenter - 2026-M02 (SAMF),76361.78,EMP-115,EMP-135,True,OK,2026_UiA_Full_Oct
TX-21176,2026-02-27,2026-M02,Q1,T1,SAMF,Fakultet for samfunnsvitenskap (SAMF),Fakultet,7800,Andre Driftskostnader & Konsulenter,7xxx Reiser,Andre Driftskostnader & Konsulenter - 2026-M02 (SAMF),270517.47,EMP-115,EMP-135,True,OK,2026_UiA_Full_Oct
TX-21177,2026-03-09,2026-M03,Q1,T1,SAMF,Fakultet for samfunnsvitenskap (SAMF),Fakultet,7800,Andre Driftskostnader & Konsulenter,7xxx Reiser,Andre Driftskostnader & Konsulenter - 2026-M03 (SAMF),225462.38,EMP-115,EMP-135,True,OK,2026_UiA_Full_Oct
TX-21178,2026-03-18,2026-M03,Q1,T1,SAMF,Fakultet for samfunnsvitenskap (SAMF),Fakultet,7800,Andre Driftskostnader & Konsulenter,7xxx Reiser,Andre Driftskostnader & Konsulenter - 2026-M03 (SAMF),191386.8,EMP-115,EMP-135,True,OK,2026_UiA_Full_Oct
TX-21179,2026-03-27,2026-M03,Q1,T1,SAMF,Fakultet for samfunnsvitenskap (SAMF),Fakultet,7800,Andre Driftskostnader & Konsulenter,7xxx Reiser,Andre Driftskostnader & Konsulenter - 2026-M03 (SAMF),4800.44,EMP-115,EMP-135,True,OK,2026_UiA_Full_Oct
TX-21180,2026-04-09,2026-M04,Q2,T1,SAMF,Fakultet for samfunnsvitenskap (SAMF),Fakultet,7800,Andre Driftskostnader & Konsulenter,7xxx Reiser,Andre Driftskostnader & Konsulenter - 2026-M04 (SAMF),72382.82,EMP-115,EMP-135,True,OK,2026_UiA_Full_Oct
TX-21181,2026-04-18,2026-M04,Q2,T1,SAMF,Fakultet for samfunnsvitenskap (SAMF),Fakultet,7800,Andre Driftskostnader & Konsulenter,7xxx Reiser,Andre Driftskostnader & Konsulenter - 2026-M04 (SAMF),333808.79,EMP-115,EMP-135,True,OK,2026_UiA_Full_Oct
TX-21182,2026-04-27,2026-M04,Q2,T1,SAMF,Fakultet for samfunnsvitenskap (SAMF),Fakultet,7800,Andre Driftskostnader & Konsulenter,7xxx Reiser,Andre Driftskostnader & Konsulenter - 2026-M04 (SAMF),10103.17,EMP-115,EMP-135,True,OK,2026_UiA_Full_Oct
TX-21183,2026-05-09,2026-M05,Q2,T2,SAMF,Fakultet for samfunnsvitenskap (SAMF),Fakultet,7800,Andre Driftskostnader & Konsulenter,7xxx Reiser,Andre Driftskostnader & Konsulenter - 2026-M05 (SAMF),84577.31,EMP-115,EMP-135,True,OK,2026_UiA_Full_Oct
TX-21184,2026-05-18,2026-M05,Q2,T2,SAMF,Fakultet for samfunnsvitenskap (SAMF),Fakultet,7800,Andre Driftskostnader & Konsulenter,7xxx Reiser,Andre Driftskostnader & Konsulenter - 2026-M05 (SAMF),296963.39,EMP-115,EMP-135,True,OK,2026_UiA_Full_Oct
TX-21185,2026-05-27,2026-M05,Q2,T2,SAMF,Fakultet for samfunnsvitenskap (SAMF),Fakultet,7800,Andre Driftskostnader & Konsulenter,7xxx Reiser,Andre Driftskostnader & Konsulenter - 2026-M05 (SAMF),35423.17,EMP-115,EMP-135,True,OK,2026_UiA_Full_Oct
TX-21186,2026-06-09,2026-M06,Q2,T2,SAMF,Fakultet for samfunnsvitenskap (SAMF),Fakultet,7800,Andre Driftskostnader & Konsulenter,7xxx Reiser,Andre Driftskostnader & Konsulenter - 2026-M06 (SAMF),277502.59,EMP-115,EMP-135,True,OK,2026_UiA_Full_Oct
TX-21187,2026-06-18,2026-M06,Q2,T2,SAMF,Fakultet for samfunnsvitenskap (SAMF),Fakultet,7800,Andre Driftskostnader & Konsulenter,7xxx Reiser,Andre Driftskostnader & Konsulenter - 2026-M06 (SAMF),39632.7,EMP-115,EMP-135,True,OK,2026_UiA_Full_Oct
TX-21188,2026-06-27,2026-M06,Q2,T2,SAMF,Fakultet for samfunnsvitenskap (SAMF),Fakultet,7800,Andre Driftskostnader & Konsulenter,7xxx Reiser,Andre Driftskostnader & Konsulenter - 2026-M06 (SAMF),95481.09,EMP-115,EMP-135,True,OK,2026_UiA_Full_Oct
TX-21189,2026-07-09,2026-M07,Q3,T2,SAMF,Fakultet for samfunnsvitenskap (SAMF),Fakultet,7800,Andre Driftskostnader & Konsulenter,7xxx Reiser,Andre Driftskostnader & Konsulenter - 2026-M07 (SAMF),17427.73,EMP-115,EMP-135,True,OK,2026_UiA_Full_Oct
TX-21190,2026-07-18,2026-M07,Q3,T2,SAMF,Fakultet for samfunnsvitenskap (SAMF),Fakultet,7800,Andre Driftskostnader & Konsulenter,7xxx Reiser,Andre Driftskostnader & Konsulenter - 2026-M07 (SAMF),334767.05,EMP-115,EMP-135,True,OK,2026_UiA_Full_Oct
TX-21191,2026-07-27,2026-M07,Q3,T2,SAMF,Fakultet for samfunnsvitenskap (SAMF),Fakultet,7800,Andre Driftskostnader & Konsulenter,7xxx Reiser,Andre Driftskostnader & Konsulenter - 2026-M07 (SAMF),62715.02,EMP-115,EMP-135,True,OK,2026_UiA_Full_Oct
TX-21192,2026-08-09,2026-M08,Q3,T2,SAMF,Fakultet for samfunnsvitenskap (SAMF),Fakultet,7800,Andre Driftskostnader & Konsulenter,7xxx Reiser,Andre Driftskostnader & Konsulenter - 2026-M08 (SAMF),153681.48,EMP-115,EMP-135,True,OK,2026_UiA_Full_Oct
TX-21193,2026-08-18,2026-M08,Q3,T2,SAMF,Fakultet for samfunnsvitenskap (SAMF),Fakultet,7800,Andre Driftskostnader & Konsulenter,7xxx Reiser,Andre Driftskostnader & Konsulenter - 2026-M08 (SAMF),121778.6,EMP-115,EMP-135,True,OK,2026_UiA_Full_Oct
TX-21194,2026-08-27,2026-M08,Q3,T2,SAMF,Fakultet for samfunnsvitenskap (SAMF),Fakultet,7800,Andre Driftskostnader & Konsulenter,7xxx Reiser,Andre Driftskostnader & Konsulenter - 2026-M08 (SAMF),147116.92,EMP-115,EMP-135,True,OK,2026_UiA_Full_Oct
TX-21195,2026-09-09,2026-M09,Q3,T3,SAMF,Fakultet for samfunnsvitenskap (SAMF),Fakultet,7800,Andre Driftskostnader & Konsulenter,7xxx Reiser,Andre Driftskostnader & Konsulenter - 2026-M09 (SAMF),324832.17,EMP-115,EMP-135,True,OK,2026_UiA_Full_Oct
TX-21196,2026-09-18,2026-M09,Q3,T3,SAMF,Fakultet for samfunnsvitenskap (SAMF),Fakultet,7800,Andre Driftskostnader & Konsulenter,7xxx Reiser,Andre Driftskostnader & Konsulenter - 2026-M09 (SAMF),35454.68,EMP-115,EMP-135,True,OK,2026_UiA_Full_Oct
TX-21197,2026-09-27,2026-M09,Q3,T3,SAMF,Fakultet for samfunnsvitenskap (SAMF),Fakultet,7800,Andre Driftskostnader & Konsulenter,7xxx Reiser,Andre Driftskostnader & Konsulenter - 2026-M09 (SAMF),54201.08,EMP-115,EMP-135,True,OK,2026_UiA_Full_Oct
TX-21198,2026-10-09,2026-M10,Q4,T3,SAMF,Fakultet for samfunnsvitenskap (SAMF),Fakultet,7800,Andre Driftskostnader & Konsulenter,7xxx Reiser,Andre Driftskostnader & Konsulenter - 2026-M10 (SAMF),14934.8,EMP-115,EMP-135,True,OK,2026_UiA_Full_Oct
TX-21199,2026-10-18,2026-M10,Q4,T3,SAMF,Fakultet for samfunnsvitenskap (SAMF),Fakultet,7800,Andre Driftskostnader & Konsulenter,7xxx Reiser,Andre Driftskostnader & Konsulenter - 2026-M10 (SAMF),280413.18,EMP-115,EMP-135,True,OK,2026_UiA_Full_Oct
TX-21200,2026-10-27,2026-M10,Q4,T3,SAMF,Fakultet for samfunnsvitenskap (SAMF),Fakultet,7800,Andre Driftskostnader & Konsulenter,7xxx Reiser,Andre Driftskostnader & Konsulenter - 2026-M10 (SAMF),126517.11,EMP-115,EMP-135,True,OK,2026_UiA_Full_Oct
TX-21201,2026-01-09,2026-M01,Q1,T1,TN,Fakultet for teknologi og realfag (TN),Fakultet,3000,Statlig Rammebevilgning (Kap 260.50),3xxx Inntekter,Statlig Rammebevilgning (Kap 260.50) - 2026-M01 (TN),-14186729.74,EMP-114,EMP-134,True,OK,2026_UiA_Full_Oct
TX-21202,2026-01-18,2026-M01,Q1,T1,TN,Fakultet for teknologi og realfag (TN),Fakultet,3000,Statlig Rammebevilgning (Kap 260.50),3xxx Inntekter,Statlig Rammebevilgning (Kap 260.50) - 2026-M01 (TN),-5745338.39,EMP-114,EMP-134,True,OK,2026_UiA_Full_Oct
TX-21203,2026-01-27,2026-M01,Q1,T1,TN,Fakultet for teknologi og realfag (TN),Fakultet,3000,Statlig Rammebevilgning (Kap 260.50),3xxx Inntekter,Statlig Rammebevilgning (Kap 260.50) - 2026-M01 (TN),-728200.69,EMP-114,EMP-134,True,OK,2026_UiA_Full_Oct
TX-21204,2026-02-09,2026-M02,Q1,T1,TN,Fakultet for teknologi og realfag (TN),Fakultet,3000,Statlig Rammebevilgning (Kap 260.50),3xxx Inntekter,Statlig Rammebevilgning (Kap 260.50) - 2026-M02 (TN),-10997632.24,EMP-114,EMP-134,True,OK,2026_UiA_Full_Oct
TX-21205,2026-02-18,2026-M02,Q1,T1,TN,Fakultet for teknologi og realfag (TN),Fakultet,3000,Statlig Rammebevilgning (Kap 260.50),3xxx Inntekter,Statlig Rammebevilgning (Kap 260.50) - 2026-M02 (TN),-884539.94,EMP-114,EMP-134,True,OK,2026_UiA_Full_Oct
TX-21206,2026-02-27,2026-M02,Q1,T1,TN,Fakultet for teknologi og realfag (TN),Fakultet,3000,Statlig Rammebevilgning (Kap 260.50),3xxx Inntekter,Statlig Rammebevilgning (Kap 260.50) - 2026-M02 (TN),-8609581.28,EMP-114,EMP-134,True,OK,2026_UiA_Full_Oct
TX-21207,2026-03-09,2026-M03,Q1,T1,TN,Fakultet for teknologi og realfag (TN),Fakultet,3000,Statlig Rammebevilgning (Kap 260.50),3xxx Inntekter,Statlig Rammebevilgning (Kap 260.50) - 2026-M03 (TN),-9941697.95,EMP-114,EMP-134,True,OK,2026_UiA_Full_Oct
TX-21208,2026-03-18,2026-M03,Q1,T1,TN,Fakultet for teknologi og realfag (TN),Fakultet,3000,Statlig Rammebevilgning (Kap 260.50),3xxx Inntekter,Statlig Rammebevilgning (Kap 260.50) - 2026-M03 (TN),-9083816.81,EMP-114,EMP-134,True,OK,2026_UiA_Full_Oct
TX-21209,2026-03-27,2026-M03,Q1,T1,TN,Fakultet for teknologi og realfag (TN),Fakultet,3000,Statlig Rammebevilgning (Kap 260.50),3xxx Inntekter,Statlig Rammebevilgning (Kap 260.50) - 2026-M03 (TN),-1662479.37,EMP-114,EMP-134,True,OK,2026_UiA_Full_Oct
TX-21210,2026-04-09,2026-M04,Q2,T1,TN,Fakultet for teknologi og realfag (TN),Fakultet,3000,Statlig Rammebevilgning (Kap 260.50),3xxx Inntekter,Statlig Rammebevilgning (Kap 260.50) - 2026-M04 (TN),-3624892.19,EMP-114,EMP-134,True,OK,2026_UiA_Full_Oct
TX-21211,2026-04-18,2026-M04,Q2,T1,TN,Fakultet for teknologi og realfag (TN),Fakultet,3000,Statlig Rammebevilgning (Kap 260.50),3xxx Inntekter,Statlig Rammebevilgning (Kap 260.50) - 2026-M04 (TN),-3147916.76,EMP-114,EMP-134,True,OK,2026_UiA_Full_Oct
TX-21212,2026-04-27,2026-M04,Q2,T1,TN,Fakultet for teknologi og realfag (TN),Fakultet,3000,Statlig Rammebevilgning (Kap 260.50),3xxx Inntekter,Statlig Rammebevilgning (Kap 260.50) - 2026-M04 (TN),-13814971.15,EMP-114,EMP-134,True,OK,2026_UiA_Full_Oct
TX-21213,2026-05-09,2026-M05,Q2,T2,TN,Fakultet for teknologi og realfag (TN),Fakultet,3000,Statlig Rammebevilgning (Kap 260.50),3xxx Inntekter,Statlig Rammebevilgning (Kap 260.50) - 2026-M05 (TN),-6503910.33,EMP-114,EMP-134,True,OK,2026_UiA_Full_Oct
TX-21214,2026-05-18,2026-M05,Q2,T2,TN,Fakultet for teknologi og realfag (TN),Fakultet,3000,Statlig Rammebevilgning (Kap 260.50),3xxx Inntekter,Statlig Rammebevilgning (Kap 260.50) - 2026-M05 (TN),-6169237.36,EMP-114,EMP-134,True,OK,2026_UiA_Full_Oct
TX-21215,2026-05-27,2026-M05,Q2,T2,TN,Fakultet for teknologi og realfag (TN),Fakultet,3000,Statlig Rammebevilgning (Kap 260.50),3xxx Inntekter,Statlig Rammebevilgning (Kap 260.50) - 2026-M05 (TN),-7597406.48,EMP-114,EMP-134,True,OK,2026_UiA_Full_Oct
TX-21216,2026-06-09,2026-M06,Q2,T2,TN,Fakultet for teknologi og realfag (TN),Fakultet,3000,Statlig Rammebevilgning (Kap 260.50),3xxx Inntekter,Statlig Rammebevilgning (Kap 260.50) - 2026-M06 (TN),-6497675.92,EMP-114,EMP-134,True,OK,2026_UiA_Full_Oct
TX-21217,2026-06-18,2026-M06,Q2,T2,TN,Fakultet for teknologi og realfag (TN),Fakultet,3000,Statlig Rammebevilgning (Kap 260.50),3xxx Inntekter,Statlig Rammebevilgning (Kap 260.50) - 2026-M06 (TN),-1643706.33,EMP-114,EMP-134,True,OK,2026_UiA_Full_Oct
TX-21218,2026-06-27,2026-M06,Q2,T2,TN,Fakultet for teknologi og realfag (TN),Fakultet,3000,Statlig Rammebevilgning (Kap 260.50),3xxx Inntekter,Statlig Rammebevilgning (Kap 260.50) - 2026-M06 (TN),-12276851.63,EMP-114,EMP-134,True,OK,2026_UiA_Full_Oct
TX-21219,2026-07-09,2026-M07,Q3,T2,TN,Fakultet for teknologi og realfag (TN),Fakultet,3000,Statlig Rammebevilgning (Kap 260.50),3xxx Inntekter,Statlig Rammebevilgning (Kap 260.50) - 2026-M07 (TN),-3736047.34,EMP-114,EMP-134,True,OK,2026_UiA_Full_Oct
TX-21220,2026-07-18,2026-M07,Q3,T2,TN,Fakultet for teknologi og realfag (TN),Fakultet,3000,Statlig Rammebevilgning (Kap 260.50),3xxx Inntekter,Statlig Rammebevilgning (Kap 260.50) - 2026-M07 (TN),-16566385.77,EMP-114,EMP-134,True,OK,2026_UiA_Full_Oct
TX-21221,2026-07-27,2026-M07,Q3,T2,TN,Fakultet for teknologi og realfag (TN),Fakultet,3000,Statlig Rammebevilgning (Kap 260.50),3xxx Inntekter,Statlig Rammebevilgning (Kap 260.50) - 2026-M07 (TN),-217795.02,EMP-114,EMP-134,True,OK,2026_UiA_Full_Oct
TX-21222,2026-08-09,2026-M08,Q3,T2,TN,Fakultet for teknologi og realfag (TN),Fakultet,3000,Statlig Rammebevilgning (Kap 260.50),3xxx Inntekter,Statlig Rammebevilgning (Kap 260.50) - 2026-M08 (TN),-7138306.31,EMP-114,EMP-134,True,OK,2026_UiA_Full_Oct
TX-21223,2026-08-18,2026-M08,Q3,T2,TN,Fakultet for teknologi og realfag (TN),Fakultet,3000,Statlig Rammebevilgning (Kap 260.50),3xxx Inntekter,Statlig Rammebevilgning (Kap 260.50) - 2026-M08 (TN),-12038173.26,EMP-114,EMP-134,True,OK,2026_UiA_Full_Oct
TX-21224,2026-08-27,2026-M08,Q3,T2,TN,Fakultet for teknologi og realfag (TN),Fakultet,3000,Statlig Rammebevilgning (Kap 260.50),3xxx Inntekter,Statlig Rammebevilgning (Kap 260.50) - 2026-M08 (TN),-1557662.63,EMP-114,EMP-134,True,OK,2026_UiA_Full_Oct
TX-21225,2026-09-09,2026-M09,Q3,T3,TN,Fakultet for teknologi og realfag (TN),Fakultet,3000,Statlig Rammebevilgning (Kap 260.50),3xxx Inntekter,Statlig Rammebevilgning (Kap 260.50) - 2026-M09 (TN),-2506887.56,EMP-114,EMP-134,True,OK,2026_UiA_Full_Oct
TX-21226,2026-09-18,2026-M09,Q3,T3,TN,Fakultet for teknologi og realfag (TN),Fakultet,3000,Statlig Rammebevilgning (Kap 260.50),3xxx Inntekter,Statlig Rammebevilgning (Kap 260.50) - 2026-M09 (TN),-16305529.54,EMP-114,EMP-134,True,OK,2026_UiA_Full_Oct
TX-21227,2026-09-27,2026-M09,Q3,T3,TN,Fakultet for teknologi og realfag (TN),Fakultet,3000,Statlig Rammebevilgning (Kap 260.50),3xxx Inntekter,Statlig Rammebevilgning (Kap 260.50) - 2026-M09 (TN),-1833161.45,EMP-114,EMP-134,True,OK,2026_UiA_Full_Oct
TX-21228,2026-10-09,2026-M10,Q4,T3,TN,Fakultet for teknologi og realfag (TN),Fakultet,3000,Statlig Rammebevilgning (Kap 260.50),3xxx Inntekter,Statlig Rammebevilgning (Kap 260.50) - 2026-M10 (TN),-3870524.85,EMP-114,EMP-134,True,OK,2026_UiA_Full_Oct
TX-21229,2026-10-18,2026-M10,Q4,T3,TN,Fakultet for teknologi og realfag (TN),Fakultet,3000,Statlig Rammebevilgning (Kap 260.50),3xxx Inntekter,Statlig Rammebevilgning (Kap 260.50) - 2026-M10 (TN),-8580300.89,EMP-114,EMP-134,True,OK,2026_UiA_Full_Oct
TX-21230,2026-10-27,2026-M10,Q4,T3,TN,Fakultet for teknologi og realfag (TN),Fakultet,3000,Statlig Rammebevilgning (Kap 260.50),3xxx Inntekter,Statlig Rammebevilgning (Kap 260.50) - 2026-M10 (TN),-8077669.25,EMP-114,EMP-134,True,OK,2026_UiA_Full_Oct
TX-21231,2026-01-09,2026-M01,Q1,T1,TN,Fakultet for teknologi og realfag (TN),Fakultet,3400,BOA Ekstern Prosjektstøtte (NFR/EU),3xxx Inntekter,BOA Ekstern Prosjektstøtte (NFR/EU) - 2026-M01 (TN),-2445325.2,EMP-114,EMP-134,True,OK,2026_UiA_Full_Oct
TX-21232,2026-01-18,2026-M01,Q1,T1,TN,Fakultet for teknologi og realfag (TN),Fakultet,3400,BOA Ekstern Prosjektstøtte (NFR/EU),3xxx Inntekter,BOA Ekstern Prosjektstøtte (NFR/EU) - 2026-M01 (TN),-1620501.75,EMP-114,EMP-134,True,OK,2026_UiA_Full_Oct
TX-21233,2026-01-27,2026-M01,Q1,T1,TN,Fakultet for teknologi og realfag (TN),Fakultet,3400,BOA Ekstern Prosjektstøtte (NFR/EU),3xxx Inntekter,BOA Ekstern Prosjektstøtte (NFR/EU) - 2026-M01 (TN),-427103.7,EMP-114,EMP-134,True,OK,2026_UiA_Full_Oct
TX-21234,2026-02-09,2026-M02,Q1,T1,TN,Fakultet for teknologi og realfag (TN),Fakultet,3400,BOA Ekstern Prosjektstøtte (NFR/EU),3xxx Inntekter,BOA Ekstern Prosjektstøtte (NFR/EU) - 2026-M02 (TN),-1577933.71,EMP-114,EMP-134,True,OK,2026_UiA_Full_Oct
TX-21235,2026-02-18,2026-M02,Q1,T1,TN,Fakultet for teknologi og realfag (TN),Fakultet,3400,BOA Ekstern Prosjektstøtte (NFR/EU),3xxx Inntekter,BOA Ekstern Prosjektstøtte (NFR/EU) - 2026-M02 (TN),-1965824.11,EMP-114,EMP-134,True,OK,2026_UiA_Full_Oct
TX-21236,2026-02-27,2026-M02,Q1,T1,TN,Fakultet for teknologi og realfag (TN),Fakultet,3400,BOA Ekstern Prosjektstøtte (NFR/EU),3xxx Inntekter,BOA Ekstern Prosjektstøtte (NFR/EU) - 2026-M02 (TN),-908236.69,EMP-114,EMP-134,True,OK,2026_UiA_Full_Oct
TX-21237,2026-03-09,2026-M03,Q1,T1,TN,Fakultet for teknologi og realfag (TN),Fakultet,3400,BOA Ekstern Prosjektstøtte (NFR/EU),3xxx Inntekter,BOA Ekstern Prosjektstøtte (NFR/EU) - 2026-M03 (TN),-1397331.21,EMP-114,EMP-134,True,OK,2026_UiA_Full_Oct
TX-21238,2026-03-18,2026-M03,Q1,T1,TN,Fakultet for teknologi og realfag (TN),Fakultet,3400,BOA Ekstern Prosjektstøtte (NFR/EU),3xxx Inntekter,BOA Ekstern Prosjektstøtte (NFR/EU) - 2026-M03 (TN),-1393718.26,EMP-114,EMP-134,True,OK,2026_UiA_Full_Oct
TX-21239,2026-03-27,2026-M03,Q1,T1,TN,Fakultet for teknologi og realfag (TN),Fakultet,3400,BOA Ekstern Prosjektstøtte (NFR/EU),3xxx Inntekter,BOA Ekstern Prosjektstøtte (NFR/EU) - 2026-M03 (TN),-1682277.7,EMP-114,EMP-134,True,OK,2026_UiA_Full_Oct
TX-21240,2026-04-09,2026-M04,Q2,T1,TN,Fakultet for teknologi og realfag (TN),Fakultet,3400,BOA Ekstern Prosjektstøtte (NFR/EU),3xxx Inntekter,BOA Ekstern Prosjektstøtte (NFR/EU) - 2026-M04 (TN),-2044201.94,EMP-114,EMP-134,True,OK,2026_UiA_Full_Oct
TX-21241,2026-04-18,2026-M04,Q2,T1,TN,Fakultet for teknologi og realfag (TN),Fakultet,3400,BOA Ekstern Prosjektstøtte (NFR/EU),3xxx Inntekter,BOA Ekstern Prosjektstøtte (NFR/EU) - 2026-M04 (TN),-1861177.52,EMP-114,EMP-134,True,OK,2026_UiA_Full_Oct
TX-21242,2026-04-27,2026-M04,Q2,T1,TN,Fakultet for teknologi og realfag (TN),Fakultet,3400,BOA Ekstern Prosjektstøtte (NFR/EU),3xxx Inntekter,BOA Ekstern Prosjektstøtte (NFR/EU) - 2026-M04 (TN),-568271.24,EMP-114,EMP-134,True,OK,2026_UiA_Full_Oct
TX-21243,2026-05-09,2026-M05,Q2,T2,TN,Fakultet for teknologi og realfag (TN),Fakultet,3400,BOA Ekstern Prosjektstøtte (NFR/EU),3xxx Inntekter,BOA Ekstern Prosjektstøtte (NFR/EU) - 2026-M05 (TN),-1737568.7,EMP-114,EMP-134,True,OK,2026_UiA_Full_Oct
TX-21244,2026-05-18,2026-M05,Q2,T2,TN,Fakultet for teknologi og realfag (TN),Fakultet,3400,BOA Ekstern Prosjektstøtte (NFR/EU),3xxx Inntekter,BOA Ekstern Prosjektstøtte (NFR/EU) - 2026-M05 (TN),-173956.58,EMP-114,EMP-134,True,OK,2026_UiA_Full_Oct
TX-21245,2026-05-27,2026-M05,Q2,T2,TN,Fakultet for teknologi og realfag (TN),Fakultet,3400,BOA Ekstern Prosjektstøtte (NFR/EU),3xxx Inntekter,BOA Ekstern Prosjektstøtte (NFR/EU) - 2026-M05 (TN),-2633875.66,EMP-114,EMP-134,True,OK,2026_UiA_Full_Oct
TX-21246,2026-06-09,2026-M06,Q2,T2,TN,Fakultet for teknologi og realfag (TN),Fakultet,3400,BOA Ekstern Prosjektstøtte (NFR/EU),3xxx Inntekter,BOA Ekstern Prosjektstøtte (NFR/EU) - 2026-M06 (TN),-1917978.97,EMP-114,EMP-134,True,OK,2026_UiA_Full_Oct
TX-21247,2026-06-18,2026-M06,Q2,T2,TN,Fakultet for teknologi og realfag (TN),Fakultet,3400,BOA Ekstern Prosjektstøtte (NFR/EU),3xxx Inntekter,BOA Ekstern Prosjektstøtte (NFR/EU) - 2026-M06 (TN),-1718406.12,EMP-114,EMP-134,True,OK,2026_UiA_Full_Oct
TX-21248,2026-06-27,2026-M06,Q2,T2,TN,Fakultet for teknologi og realfag (TN),Fakultet,3400,BOA Ekstern Prosjektstøtte (NFR/EU),3xxx Inntekter,BOA Ekstern Prosjektstøtte (NFR/EU) - 2026-M06 (TN),-893117.82,EMP-114,EMP-134,True,OK,2026_UiA_Full_Oct
TX-21249,2026-07-09,2026-M07,Q3,T2,TN,Fakultet for teknologi og realfag (TN),Fakultet,3400,BOA Ekstern Prosjektstøtte (NFR/EU),3xxx Inntekter,BOA Ekstern Prosjektstøtte (NFR/EU) - 2026-M07 (TN),-2340909.02,EMP-114,EMP-134,True,OK,2026_UiA_Full_Oct
TX-21250,2026-07-18,2026-M07,Q3,T2,TN,Fakultet for teknologi og realfag (TN),Fakultet,3400,BOA Ekstern Prosjektstøtte (NFR/EU),3xxx Inntekter,BOA Ekstern Prosjektstøtte (NFR/EU) - 2026-M07 (TN),-188375.74,EMP-114,EMP-134,True,OK,2026_UiA_Full_Oct
TX-21251,2026-07-27,2026-M07,Q3,T2,TN,Fakultet for teknologi og realfag (TN),Fakultet,3400,BOA Ekstern Prosjektstøtte (NFR/EU),3xxx Inntekter,BOA Ekstern Prosjektstøtte (NFR/EU) - 2026-M07 (TN),-1936081.1,EMP-114,EMP-134,True,OK,2026_UiA_Full_Oct
TX-21252,2026-08-09,2026-M08,Q3,T2,TN,Fakultet for teknologi og realfag (TN),Fakultet,3400,BOA Ekstern Prosjektstøtte (NFR/EU),3xxx Inntekter,BOA Ekstern Prosjektstøtte (NFR/EU) - 2026-M08 (TN),-1788279.68,EMP-114,EMP-134,True,OK,2026_UiA_Full_Oct
TX-21253,2026-08-18,2026-M08,Q3,T2,TN,Fakultet for teknologi og realfag (TN),Fakultet,3400,BOA Ekstern Prosjektstøtte (NFR/EU),3xxx Inntekter,BOA Ekstern Prosjektstøtte (NFR/EU) - 2026-M08 (TN),-2424303.1,EMP-114,EMP-134,True,OK,2026_UiA_Full_Oct
TX-21254,2026-08-27,2026-M08,Q3,T2,TN,Fakultet for teknologi og realfag (TN),Fakultet,3400,BOA Ekstern Prosjektstøtte (NFR/EU),3xxx Inntekter,BOA Ekstern Prosjektstøtte (NFR/EU) - 2026-M08 (TN),-315161.84,EMP-114,EMP-134,True,OK,2026_UiA_Full_Oct
TX-21255,2026-09-09,2026-M09,Q3,T3,TN,Fakultet for teknologi og realfag (TN),Fakultet,3400,BOA Ekstern Prosjektstøtte (NFR/EU),3xxx Inntekter,BOA Ekstern Prosjektstøtte (NFR/EU) - 2026-M09 (TN),-1053989.78,EMP-114,EMP-134,True,OK,2026_UiA_Full_Oct
TX-21256,2026-09-18,2026-M09,Q3,T3,TN,Fakultet for teknologi og realfag (TN),Fakultet,3400,BOA Ekstern Prosjektstøtte (NFR/EU),3xxx Inntekter,BOA Ekstern Prosjektstøtte (NFR/EU) - 2026-M09 (TN),-2367281.81,EMP-114,EMP-134,True,OK,2026_UiA_Full_Oct
TX-21257,2026-09-27,2026-M09,Q3,T3,TN,Fakultet for teknologi og realfag (TN),Fakultet,3400,BOA Ekstern Prosjektstøtte (NFR/EU),3xxx Inntekter,BOA Ekstern Prosjektstøtte (NFR/EU) - 2026-M09 (TN),-1008269.13,EMP-114,EMP-134,True,OK,2026_UiA_Full_Oct
TX-21258,2026-10-09,2026-M10,Q4,T3,TN,Fakultet for teknologi og realfag (TN),Fakultet,3400,BOA Ekstern Prosjektstøtte (NFR/EU),3xxx Inntekter,BOA Ekstern Prosjektstøtte (NFR/EU) - 2026-M10 (TN),-234311.71,EMP-114,EMP-134,True,OK,2026_UiA_Full_Oct
TX-21259,2026-10-18,2026-M10,Q4,T3,TN,Fakultet for teknologi og realfag (TN),Fakultet,3400,BOA Ekstern Prosjektstøtte (NFR/EU),3xxx Inntekter,BOA Ekstern Prosjektstøtte (NFR/EU) - 2026-M10 (TN),-1125929.7,EMP-114,EMP-134,True,OK,2026_UiA_Full_Oct
TX-21260,2026-10-27,2026-M10,Q4,T3,TN,Fakultet for teknologi og realfag (TN),Fakultet,3400,BOA Ekstern Prosjektstøtte (NFR/EU),3xxx Inntekter,BOA Ekstern Prosjektstøtte (NFR/EU) - 2026-M10 (TN),-3184696.76,EMP-114,EMP-134,True,OK,2026_UiA_Full_Oct
TX-21261,2026-01-09,2026-M01,Q1,T1,TN,Fakultet for teknologi og realfag (TN),Fakultet,5000,Fast Lønn & Sosiale Kostnader,5xxx Lønn,Fast Lønn & Sosiale Kostnader - 2026-M01 (TN),4116768.54,EMP-114,EMP-134,True,OK,2026_UiA_Full_Oct
TX-21262,2026-01-18,2026-M01,Q1,T1,TN,Fakultet for teknologi og realfag (TN),Fakultet,5000,Fast Lønn & Sosiale Kostnader,5xxx Lønn,Fast Lønn & Sosiale Kostnader - 2026-M01 (TN),583369.72,EMP-114,EMP-134,True,OK,2026_UiA_Full_Oct
TX-21263,2026-01-27,2026-M01,Q1,T1,TN,Fakultet for teknologi og realfag (TN),Fakultet,5000,Fast Lønn & Sosiale Kostnader,5xxx Lønn,Fast Lønn & Sosiale Kostnader - 2026-M01 (TN),11312841.11,EMP-114,EMP-134,True,OK,2026_UiA_Full_Oct
TX-21264,2026-02-09,2026-M02,Q1,T1,TN,Fakultet for teknologi og realfag (TN),Fakultet,5000,Fast Lønn & Sosiale Kostnader,5xxx Lønn,Fast Lønn & Sosiale Kostnader - 2026-M02 (TN),1759432.02,EMP-114,EMP-134,True,OK,2026_UiA_Full_Oct
TX-21265,2026-02-18,2026-M02,Q1,T1,TN,Fakultet for teknologi og realfag (TN),Fakultet,5000,Fast Lønn & Sosiale Kostnader,5xxx Lønn,Fast Lønn & Sosiale Kostnader - 2026-M02 (TN),12521086.0,EMP-114,EMP-134,True,OK,2026_UiA_Full_Oct
TX-21266,2026-02-27,2026-M02,Q1,T1,TN,Fakultet for teknologi og realfag (TN),Fakultet,5000,Fast Lønn & Sosiale Kostnader,5xxx Lønn,Fast Lønn & Sosiale Kostnader - 2026-M02 (TN),1448994.29,EMP-114,EMP-134,True,OK,2026_UiA_Full_Oct
TX-21267,2026-03-09,2026-M03,Q1,T1,TN,Fakultet for teknologi og realfag (TN),Fakultet,5000,Fast Lønn & Sosiale Kostnader,5xxx Lønn,Fast Lønn & Sosiale Kostnader - 2026-M03 (TN),12781334.93,EMP-114,EMP-134,True,OK,2026_UiA_Full_Oct
TX-21268,2026-03-18,2026-M03,Q1,T1,TN,Fakultet for teknologi og realfag (TN),Fakultet,5000,Fast Lønn & Sosiale Kostnader,5xxx Lønn,Fast Lønn & Sosiale Kostnader - 2026-M03 (TN),239077.93,EMP-114,EMP-134,True,OK,2026_UiA_Full_Oct
TX-21269,2026-03-27,2026-M03,Q1,T1,TN,Fakultet for teknologi og realfag (TN),Fakultet,5000,Fast Lønn & Sosiale Kostnader,5xxx Lønn,Fast Lønn & Sosiale Kostnader - 2026-M03 (TN),3021535.81,EMP-114,EMP-134,True,OK,2026_UiA_Full_Oct
TX-21270,2026-04-09,2026-M04,Q2,T1,TN,Fakultet for teknologi og realfag (TN),Fakultet,5000,Fast Lønn & Sosiale Kostnader,5xxx Lønn,Fast Lønn & Sosiale Kostnader - 2026-M04 (TN),421544.1,EMP-114,EMP-134,True,OK,2026_UiA_Full_Oct
TX-21271,2026-04-18,2026-M04,Q2,T1,TN,Fakultet for teknologi og realfag (TN),Fakultet,5000,Fast Lønn & Sosiale Kostnader,5xxx Lønn,Fast Lønn & Sosiale Kostnader - 2026-M04 (TN),13452293.23,EMP-114,EMP-134,True,OK,2026_UiA_Full_Oct
TX-21272,2026-04-27,2026-M04,Q2,T1,TN,Fakultet for teknologi og realfag (TN),Fakultet,5000,Fast Lønn & Sosiale Kostnader,5xxx Lønn,Fast Lønn & Sosiale Kostnader - 2026-M04 (TN),2080735.29,EMP-114,EMP-134,True,OK,2026_UiA_Full_Oct
TX-21273,2026-05-09,2026-M05,Q2,T2,TN,Fakultet for teknologi og realfag (TN),Fakultet,5000,Fast Lønn & Sosiale Kostnader,5xxx Lønn,Fast Lønn & Sosiale Kostnader - 2026-M05 (TN),4041944.55,EMP-114,EMP-134,True,OK,2026_UiA_Full_Oct
TX-21274,2026-05-18,2026-M05,Q2,T2,TN,Fakultet for teknologi og realfag (TN),Fakultet,5000,Fast Lønn & Sosiale Kostnader,5xxx Lønn,Fast Lønn & Sosiale Kostnader - 2026-M05 (TN),8064454.28,EMP-114,EMP-134,True,OK,2026_UiA_Full_Oct
TX-21275,2026-05-27,2026-M05,Q2,T2,TN,Fakultet for teknologi og realfag (TN),Fakultet,5000,Fast Lønn & Sosiale Kostnader,5xxx Lønn,Fast Lønn & Sosiale Kostnader - 2026-M05 (TN),3880595.62,EMP-114,EMP-134,True,OK,2026_UiA_Full_Oct
TX-21276,2026-06-09,2026-M06,Q2,T2,TN,Fakultet for teknologi og realfag (TN),Fakultet,5000,Fast Lønn & Sosiale Kostnader,5xxx Lønn,Fast Lønn & Sosiale Kostnader - 2026-M06 (TN),1713552.57,EMP-114,EMP-134,True,OK,2026_UiA_Full_Oct
TX-21277,2026-06-18,2026-M06,Q2,T2,TN,Fakultet for teknologi og realfag (TN),Fakultet,5000,Fast Lønn & Sosiale Kostnader,5xxx Lønn,Fast Lønn & Sosiale Kostnader - 2026-M06 (TN),3890951.42,EMP-114,EMP-134,True,OK,2026_UiA_Full_Oct
TX-21278,2026-06-27,2026-M06,Q2,T2,TN,Fakultet for teknologi og realfag (TN),Fakultet,5000,Fast Lønn & Sosiale Kostnader,5xxx Lønn,Fast Lønn & Sosiale Kostnader - 2026-M06 (TN),10328156.82,EMP-114,EMP-134,True,OK,2026_UiA_Full_Oct
TX-21279,2026-07-09,2026-M07,Q3,T2,TN,Fakultet for teknologi og realfag (TN),Fakultet,5000,Fast Lønn & Sosiale Kostnader,5xxx Lønn,Fast Lønn & Sosiale Kostnader - 2026-M07 (TN),3383762.66,EMP-114,EMP-134,True,OK,2026_UiA_Full_Oct
TX-21280,2026-07-18,2026-M07,Q3,T2,TN,Fakultet for teknologi og realfag (TN),Fakultet,5000,Fast Lønn & Sosiale Kostnader,5xxx Lønn,Fast Lønn & Sosiale Kostnader - 2026-M07 (TN),2977801.32,EMP-114,EMP-134,True,OK,2026_UiA_Full_Oct
TX-21281,2026-07-27,2026-M07,Q3,T2,TN,Fakultet for teknologi og realfag (TN),Fakultet,5000,Fast Lønn & Sosiale Kostnader,5xxx Lønn,Fast Lønn & Sosiale Kostnader - 2026-M07 (TN),9538862.97,EMP-114,EMP-134,True,OK,2026_UiA_Full_Oct
TX-21282,2026-08-09,2026-M08,Q3,T2,TN,Fakultet for teknologi og realfag (TN),Fakultet,5000,Fast Lønn & Sosiale Kostnader,5xxx Lønn,Fast Lønn & Sosiale Kostnader - 2026-M08 (TN),8246674.86,EMP-114,EMP-134,True,OK,2026_UiA_Full_Oct
TX-21283,2026-08-18,2026-M08,Q3,T2,TN,Fakultet for teknologi og realfag (TN),Fakultet,5000,Fast Lønn & Sosiale Kostnader,5xxx Lønn,Fast Lønn & Sosiale Kostnader - 2026-M08 (TN),3595072.5,EMP-114,EMP-134,True,OK,2026_UiA_Full_Oct
TX-21284,2026-08-27,2026-M08,Q3,T2,TN,Fakultet for teknologi og realfag (TN),Fakultet,5000,Fast Lønn & Sosiale Kostnader,5xxx Lønn,Fast Lønn & Sosiale Kostnader - 2026-M08 (TN),4106506.37,EMP-114,EMP-134,True,OK,2026_UiA_Full_Oct
TX-21285,2026-09-09,2026-M09,Q3,T3,TN,Fakultet for teknologi og realfag (TN),Fakultet,5000,Fast Lønn & Sosiale Kostnader,5xxx Lønn,Fast Lønn & Sosiale Kostnader - 2026-M09 (TN),9493980.54,EMP-114,EMP-134,True,OK,2026_UiA_Full_Oct
TX-21286,2026-09-18,2026-M09,Q3,T3,TN,Fakultet for teknologi og realfag (TN),Fakultet,5000,Fast Lønn & Sosiale Kostnader,5xxx Lønn,Fast Lønn & Sosiale Kostnader - 2026-M09 (TN),4979802.15,EMP-114,EMP-134,True,OK,2026_UiA_Full_Oct
TX-21287,2026-09-27,2026-M09,Q3,T3,TN,Fakultet for teknologi og realfag (TN),Fakultet,5000,Fast Lønn & Sosiale Kostnader,5xxx Lønn,Fast Lønn & Sosiale Kostnader - 2026-M09 (TN),1652204.14,EMP-114,EMP-134,True,OK,2026_UiA_Full_Oct
TX-21288,2026-10-09,2026-M10,Q4,T3,TN,Fakultet for teknologi og realfag (TN),Fakultet,5000,Fast Lønn & Sosiale Kostnader,5xxx Lønn,Fast Lønn & Sosiale Kostnader - 2026-M10 (TN),5727248.59,EMP-114,EMP-134,True,OK,2026_UiA_Full_Oct
TX-21289,2026-10-18,2026-M10,Q4,T3,TN,Fakultet for teknologi og realfag (TN),Fakultet,5000,Fast Lønn & Sosiale Kostnader,5xxx Lønn,Fast Lønn & Sosiale Kostnader - 2026-M10 (TN),5399639.99,EMP-114,EMP-134,True,OK,2026_UiA_Full_Oct
TX-21290,2026-10-27,2026-M10,Q4,T3,TN,Fakultet for teknologi og realfag (TN),Fakultet,5000,Fast Lønn & Sosiale Kostnader,5xxx Lønn,Fast Lønn & Sosiale Kostnader - 2026-M10 (TN),5029408.98,EMP-114,EMP-134,True,OK,2026_UiA_Full_Oct
TX-21291,2026-01-09,2026-M01,Q1,T1,TN,Fakultet for teknologi og realfag (TN),Fakultet,5330,Sensorhonorar & Timelønnede,5xxx Lønn,Sensorhonorar & Timelønnede - 2026-M01 (TN),376005.48,EMP-114,EMP-134,True,OK,2026_UiA_Full_Oct
TX-21292,2026-01-18,2026-M01,Q1,T1,TN,Fakultet for teknologi og realfag (TN),Fakultet,5330,Sensorhonorar & Timelønnede,5xxx Lønn,Sensorhonorar & Timelønnede - 2026-M01 (TN),161282.43,EMP-114,EMP-134,True,OK,2026_UiA_Full_Oct
TX-21293,2026-01-27,2026-M01,Q1,T1,TN,Fakultet for teknologi og realfag (TN),Fakultet,5330,Sensorhonorar & Timelønnede,5xxx Lønn,Sensorhonorar & Timelønnede - 2026-M01 (TN),937938.03,EMP-114,EMP-134,True,OK,2026_UiA_Full_Oct
TX-21294,2026-02-09,2026-M02,Q1,T1,TN,Fakultet for teknologi og realfag (TN),Fakultet,5330,Sensorhonorar & Timelønnede,5xxx Lønn,Sensorhonorar & Timelønnede - 2026-M02 (TN),241529.71,EMP-114,EMP-134,True,OK,2026_UiA_Full_Oct
TX-21295,2026-02-18,2026-M02,Q1,T1,TN,Fakultet for teknologi og realfag (TN),Fakultet,5330,Sensorhonorar & Timelønnede,5xxx Lønn,Sensorhonorar & Timelønnede - 2026-M02 (TN),1009977.34,EMP-114,EMP-134,True,OK,2026_UiA_Full_Oct
TX-21296,2026-02-27,2026-M02,Q1,T1,TN,Fakultet for teknologi og realfag (TN),Fakultet,5330,Sensorhonorar & Timelønnede,5xxx Lønn,Sensorhonorar & Timelønnede - 2026-M02 (TN),242540.36,EMP-114,EMP-134,True,OK,2026_UiA_Full_Oct
TX-21297,2026-03-09,2026-M03,Q1,T1,TN,Fakultet for teknologi og realfag (TN),Fakultet,5330,Sensorhonorar & Timelønnede,5xxx Lønn,Sensorhonorar & Timelønnede - 2026-M03 (TN),789379.3,EMP-114,EMP-134,True,OK,2026_UiA_Full_Oct
TX-21298,2026-03-18,2026-M03,Q1,T1,TN,Fakultet for teknologi og realfag (TN),Fakultet,5330,Sensorhonorar & Timelønnede,5xxx Lønn,Sensorhonorar & Timelønnede - 2026-M03 (TN),640851.49,EMP-114,EMP-134,True,OK,2026_UiA_Full_Oct
TX-21299,2026-03-27,2026-M03,Q1,T1,TN,Fakultet for teknologi og realfag (TN),Fakultet,5330,Sensorhonorar & Timelønnede,5xxx Lønn,Sensorhonorar & Timelønnede - 2026-M03 (TN),65993.82,EMP-114,EMP-134,True,OK,2026_UiA_Full_Oct
TX-21300,2026-04-09,2026-M04,Q2,T1,TN,Fakultet for teknologi og realfag (TN),Fakultet,5330,Sensorhonorar & Timelønnede,5xxx Lønn,Sensorhonorar & Timelønnede - 2026-M04 (TN),922592.09,EMP-114,EMP-134,True,OK,2026_UiA_Full_Oct
TX-21301,2026-04-18,2026-M04,Q2,T1,TN,Fakultet for teknologi og realfag (TN),Fakultet,5330,Sensorhonorar & Timelønnede,5xxx Lønn,Sensorhonorar & Timelønnede - 2026-M04 (TN),50895.41,EMP-114,EMP-134,True,OK,2026_UiA_Full_Oct
TX-21302,2026-04-27,2026-M04,Q2,T1,TN,Fakultet for teknologi og realfag (TN),Fakultet,5330,Sensorhonorar & Timelønnede,5xxx Lønn,Sensorhonorar & Timelønnede - 2026-M04 (TN),522188.41,EMP-114,EMP-134,True,OK,2026_UiA_Full_Oct
TX-21303,2026-05-09,2026-M05,Q2,T2,TN,Fakultet for teknologi og realfag (TN),Fakultet,5330,Sensorhonorar & Timelønnede,5xxx Lønn,Sensorhonorar & Timelønnede - 2026-M05 (TN),432869.14,EMP-114,EMP-134,True,OK,2026_UiA_Full_Oct
TX-21304,2026-05-18,2026-M05,Q2,T2,TN,Fakultet for teknologi og realfag (TN),Fakultet,5330,Sensorhonorar & Timelønnede,5xxx Lønn,Sensorhonorar & Timelønnede - 2026-M05 (TN),481477.24,EMP-114,EMP-134,True,OK,2026_UiA_Full_Oct
TX-21305,2026-05-27,2026-M05,Q2,T2,TN,Fakultet for teknologi og realfag (TN),Fakultet,5330,Sensorhonorar & Timelønnede,5xxx Lønn,Sensorhonorar & Timelønnede - 2026-M05 (TN),592765.19,EMP-114,EMP-134,True,OK,2026_UiA_Full_Oct
TX-21306,2026-06-09,2026-M06,Q2,T2,TN,Fakultet for teknologi og realfag (TN),Fakultet,5330,Sensorhonorar & Timelønnede,5xxx Lønn,Sensorhonorar & Timelønnede - 2026-M06 (TN),1175636.18,EMP-114,EMP-134,True,OK,2026_UiA_Full_Oct
TX-21307,2026-06-18,2026-M06,Q2,T2,TN,Fakultet for teknologi og realfag (TN),Fakultet,5330,Sensorhonorar & Timelønnede,5xxx Lønn,Sensorhonorar & Timelønnede - 2026-M06 (TN),110252.84,EMP-114,EMP-134,True,OK,2026_UiA_Full_Oct
TX-21308,2026-06-27,2026-M06,Q2,T2,TN,Fakultet for teknologi og realfag (TN),Fakultet,5330,Sensorhonorar & Timelønnede,5xxx Lønn,Sensorhonorar & Timelønnede - 2026-M06 (TN),228058.24,EMP-114,EMP-134,True,OK,2026_UiA_Full_Oct
TX-21309,2026-07-09,2026-M07,Q3,T2,TN,Fakultet for teknologi og realfag (TN),Fakultet,5330,Sensorhonorar & Timelønnede,5xxx Lønn,Sensorhonorar & Timelønnede - 2026-M07 (TN),388273.63,EMP-114,EMP-134,True,OK,2026_UiA_Full_Oct
TX-21310,2026-07-18,2026-M07,Q3,T2,TN,Fakultet for teknologi og realfag (TN),Fakultet,5330,Sensorhonorar & Timelønnede,5xxx Lønn,Sensorhonorar & Timelønnede - 2026-M07 (TN),660497.73,EMP-114,EMP-134,True,OK,2026_UiA_Full_Oct
TX-21311,2026-07-27,2026-M07,Q3,T2,TN,Fakultet for teknologi og realfag (TN),Fakultet,5330,Sensorhonorar & Timelønnede,5xxx Lønn,Sensorhonorar & Timelønnede - 2026-M07 (TN),429156.25,EMP-114,EMP-134,True,OK,2026_UiA_Full_Oct
TX-21312,2026-08-09,2026-M08,Q3,T2,TN,Fakultet for teknologi og realfag (TN),Fakultet,5330,Sensorhonorar & Timelønnede,5xxx Lønn,Sensorhonorar & Timelønnede - 2026-M08 (TN),852656.72,EMP-114,EMP-134,True,OK,2026_UiA_Full_Oct
TX-21313,2026-08-18,2026-M08,Q3,T2,TN,Fakultet for teknologi og realfag (TN),Fakultet,5330,Sensorhonorar & Timelønnede,5xxx Lønn,Sensorhonorar & Timelønnede - 2026-M08 (TN),390247.24,EMP-114,EMP-134,True,OK,2026_UiA_Full_Oct
TX-21314,2026-08-27,2026-M08,Q3,T2,TN,Fakultet for teknologi og realfag (TN),Fakultet,5330,Sensorhonorar & Timelønnede,5xxx Lønn,Sensorhonorar & Timelønnede - 2026-M08 (TN),247383.27,EMP-114,EMP-134,True,OK,2026_UiA_Full_Oct
TX-21315,2026-09-09,2026-M09,Q3,T3,TN,Fakultet for teknologi og realfag (TN),Fakultet,5330,Sensorhonorar & Timelønnede,5xxx Lønn,Sensorhonorar & Timelønnede - 2026-M09 (TN),202801.9,EMP-114,EMP-134,True,OK,2026_UiA_Full_Oct
TX-21316,2026-09-18,2026-M09,Q3,T3,TN,Fakultet for teknologi og realfag (TN),Fakultet,5330,Sensorhonorar & Timelønnede,5xxx Lønn,Sensorhonorar & Timelønnede - 2026-M09 (TN),42695.17,EMP-114,EMP-134,True,OK,2026_UiA_Full_Oct
TX-21317,2026-09-27,2026-M09,Q3,T3,TN,Fakultet for teknologi og realfag (TN),Fakultet,5330,Sensorhonorar & Timelønnede,5xxx Lønn,Sensorhonorar & Timelønnede - 2026-M09 (TN),1236930.99,EMP-114,EMP-134,True,OK,2026_UiA_Full_Oct
TX-21318,2026-10-09,2026-M10,Q4,T3,TN,Fakultet for teknologi og realfag (TN),Fakultet,5330,Sensorhonorar & Timelønnede,5xxx Lønn,Sensorhonorar & Timelønnede - 2026-M10 (TN),191662.12,EMP-114,EMP-134,True,OK,2026_UiA_Full_Oct
TX-21319,2026-10-18,2026-M10,Q4,T3,TN,Fakultet for teknologi og realfag (TN),Fakultet,5330,Sensorhonorar & Timelønnede,5xxx Lønn,Sensorhonorar & Timelønnede - 2026-M10 (TN),371298.76,EMP-114,EMP-134,True,OK,2026_UiA_Full_Oct
TX-21320,2026-10-27,2026-M10,Q4,T3,TN,Fakultet for teknologi og realfag (TN),Fakultet,5330,Sensorhonorar & Timelønnede,5xxx Lønn,Sensorhonorar & Timelønnede - 2026-M10 (TN),927469.38,EMP-114,EMP-134,True,OK,2026_UiA_Full_Oct
TX-21321,2026-01-09,2026-M01,Q1,T1,TN,Fakultet for teknologi og realfag (TN),Fakultet,6000,Husleie & Eiendomsdrift,6xxx Drift,Husleie & Eiendomsdrift - 2026-M01 (TN),439814.52,EMP-114,EMP-134,True,OK,2026_UiA_Full_Oct
TX-21322,2026-01-18,2026-M01,Q1,T1,TN,Fakultet for teknologi og realfag (TN),Fakultet,6000,Husleie & Eiendomsdrift,6xxx Drift,Husleie & Eiendomsdrift - 2026-M01 (TN),133848.63,EMP-114,EMP-134,True,OK,2026_UiA_Full_Oct
TX-21323,2026-01-27,2026-M01,Q1,T1,TN,Fakultet for teknologi og realfag (TN),Fakultet,6000,Husleie & Eiendomsdrift,6xxx Drift,Husleie & Eiendomsdrift - 2026-M01 (TN),2940256.11,EMP-114,EMP-134,True,OK,2026_UiA_Full_Oct
TX-21324,2026-02-09,2026-M02,Q1,T1,TN,Fakultet for teknologi og realfag (TN),Fakultet,6000,Husleie & Eiendomsdrift,6xxx Drift,Husleie & Eiendomsdrift - 2026-M02 (TN),1876442.35,EMP-114,EMP-134,True,OK,2026_UiA_Full_Oct
TX-21325,2026-02-18,2026-M02,Q1,T1,TN,Fakultet for teknologi og realfag (TN),Fakultet,6000,Husleie & Eiendomsdrift,6xxx Drift,Husleie & Eiendomsdrift - 2026-M02 (TN),490664.93,EMP-114,EMP-134,True,OK,2026_UiA_Full_Oct
TX-21326,2026-02-27,2026-M02,Q1,T1,TN,Fakultet for teknologi og realfag (TN),Fakultet,6000,Husleie & Eiendomsdrift,6xxx Drift,Husleie & Eiendomsdrift - 2026-M02 (TN),1070298.56,EMP-114,EMP-134,True,OK,2026_UiA_Full_Oct
TX-21327,2026-03-09,2026-M03,Q1,T1,TN,Fakultet for teknologi og realfag (TN),Fakultet,6000,Husleie & Eiendomsdrift,6xxx Drift,Husleie & Eiendomsdrift - 2026-M03 (TN),2270.1,EMP-114,EMP-134,True,OK,2026_UiA_Full_Oct
TX-21328,2026-03-18,2026-M03,Q1,T1,TN,Fakultet for teknologi og realfag (TN),Fakultet,6000,Husleie & Eiendomsdrift,6xxx Drift,Husleie & Eiendomsdrift - 2026-M03 (TN),1006694.76,EMP-114,EMP-134,True,OK,2026_UiA_Full_Oct
TX-21329,2026-03-27,2026-M03,Q1,T1,TN,Fakultet for teknologi og realfag (TN),Fakultet,6000,Husleie & Eiendomsdrift,6xxx Drift,Husleie & Eiendomsdrift - 2026-M03 (TN),2520220.39,EMP-114,EMP-134,True,OK,2026_UiA_Full_Oct
TX-21330,2026-04-09,2026-M04,Q2,T1,TN,Fakultet for teknologi og realfag (TN),Fakultet,6000,Husleie & Eiendomsdrift,6xxx Drift,Husleie & Eiendomsdrift - 2026-M04 (TN),229353.06,EMP-114,EMP-134,True,OK,2026_UiA_Full_Oct
TX-21331,2026-04-18,2026-M04,Q2,T1,TN,Fakultet for teknologi og realfag (TN),Fakultet,6000,Husleie & Eiendomsdrift,6xxx Drift,Husleie & Eiendomsdrift - 2026-M04 (TN),588787.1,EMP-114,EMP-134,True,OK,2026_UiA_Full_Oct
TX-21332,2026-04-27,2026-M04,Q2,T1,TN,Fakultet for teknologi og realfag (TN),Fakultet,6000,Husleie & Eiendomsdrift,6xxx Drift,Husleie & Eiendomsdrift - 2026-M04 (TN),2671518.91,EMP-114,EMP-134,True,OK,2026_UiA_Full_Oct
TX-21333,2026-05-09,2026-M05,Q2,T2,TN,Fakultet for teknologi og realfag (TN),Fakultet,6000,Husleie & Eiendomsdrift,6xxx Drift,Husleie & Eiendomsdrift - 2026-M05 (TN),806457.39,EMP-114,EMP-134,True,OK,2026_UiA_Full_Oct
TX-21334,2026-05-18,2026-M05,Q2,T2,TN,Fakultet for teknologi og realfag (TN),Fakultet,6000,Husleie & Eiendomsdrift,6xxx Drift,Husleie & Eiendomsdrift - 2026-M05 (TN),2555415.62,EMP-114,EMP-134,True,OK,2026_UiA_Full_Oct
TX-21335,2026-05-27,2026-M05,Q2,T2,TN,Fakultet for teknologi og realfag (TN),Fakultet,6000,Husleie & Eiendomsdrift,6xxx Drift,Husleie & Eiendomsdrift - 2026-M05 (TN),131459.91,EMP-114,EMP-134,True,OK,2026_UiA_Full_Oct
TX-21336,2026-06-09,2026-M06,Q2,T2,TN,Fakultet for teknologi og realfag (TN),Fakultet,6000,Husleie & Eiendomsdrift,6xxx Drift,Husleie & Eiendomsdrift - 2026-M06 (TN),1530820.1,EMP-114,EMP-134,True,OK,2026_UiA_Full_Oct
TX-21337,2026-06-18,2026-M06,Q2,T2,TN,Fakultet for teknologi og realfag (TN),Fakultet,6000,Husleie & Eiendomsdrift,6xxx Drift,Husleie & Eiendomsdrift - 2026-M06 (TN),1105988.07,EMP-114,EMP-134,True,OK,2026_UiA_Full_Oct
TX-21338,2026-06-27,2026-M06,Q2,T2,TN,Fakultet for teknologi og realfag (TN),Fakultet,6000,Husleie & Eiendomsdrift,6xxx Drift,Husleie & Eiendomsdrift - 2026-M06 (TN),876423.74,EMP-114,EMP-134,True,OK,2026_UiA_Full_Oct
TX-21339,2026-07-09,2026-M07,Q3,T2,TN,Fakultet for teknologi og realfag (TN),Fakultet,6000,Husleie & Eiendomsdrift,6xxx Drift,Husleie & Eiendomsdrift - 2026-M07 (TN),1941076.64,EMP-114,EMP-134,True,OK,2026_UiA_Full_Oct
TX-21340,2026-07-18,2026-M07,Q3,T2,TN,Fakultet for teknologi og realfag (TN),Fakultet,6000,Husleie & Eiendomsdrift,6xxx Drift,Husleie & Eiendomsdrift - 2026-M07 (TN),188219.29,EMP-114,EMP-134,True,OK,2026_UiA_Full_Oct
TX-21341,2026-07-27,2026-M07,Q3,T2,TN,Fakultet for teknologi og realfag (TN),Fakultet,6000,Husleie & Eiendomsdrift,6xxx Drift,Husleie & Eiendomsdrift - 2026-M07 (TN),1365052.85,EMP-114,EMP-134,True,OK,2026_UiA_Full_Oct
TX-21342,2026-08-09,2026-M08,Q3,T2,TN,Fakultet for teknologi og realfag (TN),Fakultet,6000,Husleie & Eiendomsdrift,6xxx Drift,Husleie & Eiendomsdrift - 2026-M08 (TN),1949571.95,EMP-114,EMP-134,True,OK,2026_UiA_Full_Oct
TX-21343,2026-08-18,2026-M08,Q3,T2,TN,Fakultet for teknologi og realfag (TN),Fakultet,6000,Husleie & Eiendomsdrift,6xxx Drift,Husleie & Eiendomsdrift - 2026-M08 (TN),639742.2,EMP-114,EMP-134,True,OK,2026_UiA_Full_Oct
TX-21344,2026-08-27,2026-M08,Q3,T2,TN,Fakultet for teknologi og realfag (TN),Fakultet,6000,Husleie & Eiendomsdrift,6xxx Drift,Husleie & Eiendomsdrift - 2026-M08 (TN),938112.02,EMP-114,EMP-134,True,OK,2026_UiA_Full_Oct
TX-21345,2026-09-09,2026-M09,Q3,T3,TN,Fakultet for teknologi og realfag (TN),Fakultet,6000,Husleie & Eiendomsdrift,6xxx Drift,Husleie & Eiendomsdrift - 2026-M09 (TN),874163.21,EMP-114,EMP-134,True,OK,2026_UiA_Full_Oct
TX-21346,2026-09-18,2026-M09,Q3,T3,TN,Fakultet for teknologi og realfag (TN),Fakultet,6000,Husleie & Eiendomsdrift,6xxx Drift,Husleie & Eiendomsdrift - 2026-M09 (TN),1066991.18,EMP-114,EMP-134,True,OK,2026_UiA_Full_Oct
TX-21347,2026-09-27,2026-M09,Q3,T3,TN,Fakultet for teknologi og realfag (TN),Fakultet,6000,Husleie & Eiendomsdrift,6xxx Drift,Husleie & Eiendomsdrift - 2026-M09 (TN),1567542.55,EMP-114,EMP-134,True,OK,2026_UiA_Full_Oct
TX-21348,2026-10-09,2026-M10,Q4,T3,TN,Fakultet for teknologi og realfag (TN),Fakultet,6000,Husleie & Eiendomsdrift,6xxx Drift,Husleie & Eiendomsdrift - 2026-M10 (TN),2379888.65,EMP-114,EMP-134,True,OK,2026_UiA_Full_Oct
TX-21349,2026-10-18,2026-M10,Q4,T3,TN,Fakultet for teknologi og realfag (TN),Fakultet,6000,Husleie & Eiendomsdrift,6xxx Drift,Husleie & Eiendomsdrift - 2026-M10 (TN),71353.19,EMP-114,EMP-134,True,OK,2026_UiA_Full_Oct
TX-21350,2026-10-27,2026-M10,Q4,T3,TN,Fakultet for teknologi og realfag (TN),Fakultet,6000,Husleie & Eiendomsdrift,6xxx Drift,Husleie & Eiendomsdrift - 2026-M10 (TN),1030077.77,EMP-114,EMP-134,True,OK,2026_UiA_Full_Oct
TX-21351,2026-01-09,2026-M01,Q1,T1,TN,Fakultet for teknologi og realfag (TN),Fakultet,6800,"IKT, Rekvisita & Utstyr",6xxx Drift,"IKT, Rekvisita & Utstyr - 2026-M01 (TN)",298435.18,EMP-114,EMP-134,True,OK,2026_UiA_Full_Oct
TX-21352,2026-01-18,2026-M01,Q1,T1,TN,Fakultet for teknologi og realfag (TN),Fakultet,6800,"IKT, Rekvisita & Utstyr",6xxx Drift,"IKT, Rekvisita & Utstyr - 2026-M01 (TN)",508299.0,EMP-114,EMP-134,True,OK,2026_UiA_Full_Oct
TX-21353,2026-01-27,2026-M01,Q1,T1,TN,Fakultet for teknologi og realfag (TN),Fakultet,6800,"IKT, Rekvisita & Utstyr",6xxx Drift,"IKT, Rekvisita & Utstyr - 2026-M01 (TN)",1177412.89,EMP-114,EMP-134,True,OK,2026_UiA_Full_Oct
TX-21354,2026-02-09,2026-M02,Q1,T1,TN,Fakultet for teknologi og realfag (TN),Fakultet,6800,"IKT, Rekvisita & Utstyr",6xxx Drift,"IKT, Rekvisita & Utstyr - 2026-M02 (TN)",210912.02,EMP-114,EMP-134,True,OK,2026_UiA_Full_Oct
TX-21355,2026-02-18,2026-M02,Q1,T1,TN,Fakultet for teknologi og realfag (TN),Fakultet,6800,"IKT, Rekvisita & Utstyr",6xxx Drift,"IKT, Rekvisita & Utstyr - 2026-M02 (TN)",1419685.41,EMP-114,EMP-134,True,OK,2026_UiA_Full_Oct
TX-21356,2026-02-27,2026-M02,Q1,T1,TN,Fakultet for teknologi og realfag (TN),Fakultet,6800,"IKT, Rekvisita & Utstyr",6xxx Drift,"IKT, Rekvisita & Utstyr - 2026-M02 (TN)",370219.62,EMP-114,EMP-134,True,OK,2026_UiA_Full_Oct
TX-21357,2026-03-09,2026-M03,Q1,T1,TN,Fakultet for teknologi og realfag (TN),Fakultet,6800,"IKT, Rekvisita & Utstyr",6xxx Drift,"IKT, Rekvisita & Utstyr - 2026-M03 (TN)",327139.01,EMP-114,EMP-134,True,OK,2026_UiA_Full_Oct
TX-21358,2026-03-18,2026-M03,Q1,T1,TN,Fakultet for teknologi og realfag (TN),Fakultet,6800,"IKT, Rekvisita & Utstyr",6xxx Drift,"IKT, Rekvisita & Utstyr - 2026-M03 (TN)",1140168.03,EMP-114,EMP-134,True,OK,2026_UiA_Full_Oct
TX-21359,2026-03-27,2026-M03,Q1,T1,TN,Fakultet for teknologi og realfag (TN),Fakultet,6800,"IKT, Rekvisita & Utstyr",6xxx Drift,"IKT, Rekvisita & Utstyr - 2026-M03 (TN)",511444.8,EMP-114,EMP-134,True,OK,2026_UiA_Full_Oct
TX-21360,2026-04-09,2026-M04,Q2,T1,TN,Fakultet for teknologi og realfag (TN),Fakultet,6800,"IKT, Rekvisita & Utstyr",6xxx Drift,"IKT, Rekvisita & Utstyr - 2026-M04 (TN)",498280.36,EMP-114,EMP-134,False,BRUDD: Mangler kvittering (>100 NOK),2026_UiA_Full_Oct
TX-21361,2026-04-18,2026-M04,Q2,T1,TN,Fakultet for teknologi og realfag (TN),Fakultet,6800,"IKT, Rekvisita & Utstyr",6xxx Drift,"IKT, Rekvisita & Utstyr - 2026-M04 (TN)",28347.59,EMP-114,EMP-134,True,OK,2026_UiA_Full_Oct
TX-21362,2026-04-27,2026-M04,Q2,T1,TN,Fakultet for teknologi og realfag (TN),Fakultet,6800,"IKT, Rekvisita & Utstyr",6xxx Drift,"IKT, Rekvisita & Utstyr - 2026-M04 (TN)",1439863.89,EMP-114,EMP-134,True,OK,2026_UiA_Full_Oct
TX-21363,2026-05-09,2026-M05,Q2,T2,TN,Fakultet for teknologi og realfag (TN),Fakultet,6800,"IKT, Rekvisita & Utstyr",6xxx Drift,"IKT, Rekvisita & Utstyr - 2026-M05 (TN)",386313.96,EMP-114,EMP-134,True,OK,2026_UiA_Full_Oct
TX-21364,2026-05-18,2026-M05,Q2,T2,TN,Fakultet for teknologi og realfag (TN),Fakultet,6800,"IKT, Rekvisita & Utstyr",6xxx Drift,"IKT, Rekvisita & Utstyr - 2026-M05 (TN)",1159651.98,EMP-114,EMP-134,True,OK,2026_UiA_Full_Oct
TX-21365,2026-05-27,2026-M05,Q2,T2,TN,Fakultet for teknologi og realfag (TN),Fakultet,6800,"IKT, Rekvisita & Utstyr",6xxx Drift,"IKT, Rekvisita & Utstyr - 2026-M05 (TN)",430330.16,EMP-114,EMP-134,True,OK,2026_UiA_Full_Oct
TX-21366,2026-06-09,2026-M06,Q2,T2,TN,Fakultet for teknologi og realfag (TN),Fakultet,6800,"IKT, Rekvisita & Utstyr",6xxx Drift,"IKT, Rekvisita & Utstyr - 2026-M06 (TN)",208100.46,EMP-114,EMP-134,True,OK,2026_UiA_Full_Oct
TX-21367,2026-06-18,2026-M06,Q2,T2,TN,Fakultet for teknologi og realfag (TN),Fakultet,6800,"IKT, Rekvisita & Utstyr",6xxx Drift,"IKT, Rekvisita & Utstyr - 2026-M06 (TN)",1774266.91,EMP-114,EMP-134,True,OK,2026_UiA_Full_Oct
TX-21368,2026-06-27,2026-M06,Q2,T2,TN,Fakultet for teknologi og realfag (TN),Fakultet,6800,"IKT, Rekvisita & Utstyr",6xxx Drift,"IKT, Rekvisita & Utstyr - 2026-M06 (TN)",29474.1,EMP-114,EMP-134,False,BRUDD: Mangler kvittering (>100 NOK),2026_UiA_Full_Oct
TX-21369,2026-07-09,2026-M07,Q3,T2,TN,Fakultet for teknologi og realfag (TN),Fakultet,6800,"IKT, Rekvisita & Utstyr",6xxx Drift,"IKT, Rekvisita & Utstyr - 2026-M07 (TN)",948756.72,EMP-114,EMP-134,True,OK,2026_UiA_Full_Oct
TX-21370,2026-07-18,2026-M07,Q3,T2,TN,Fakultet for teknologi og realfag (TN),Fakultet,6800,"IKT, Rekvisita & Utstyr",6xxx Drift,"IKT, Rekvisita & Utstyr - 2026-M07 (TN)",12922.95,EMP-114,EMP-134,True,OK,2026_UiA_Full_Oct
TX-21371,2026-07-27,2026-M07,Q3,T2,TN,Fakultet for teknologi og realfag (TN),Fakultet,6800,"IKT, Rekvisita & Utstyr",6xxx Drift,"IKT, Rekvisita & Utstyr - 2026-M07 (TN)",1043057.0,EMP-114,EMP-134,True,OK,2026_UiA_Full_Oct
TX-21372,2026-08-09,2026-M08,Q3,T2,TN,Fakultet for teknologi og realfag (TN),Fakultet,6800,"IKT, Rekvisita & Utstyr",6xxx Drift,"IKT, Rekvisita & Utstyr - 2026-M08 (TN)",1229720.57,EMP-114,EMP-134,True,OK,2026_UiA_Full_Oct
TX-21373,2026-08-18,2026-M08,Q3,T2,TN,Fakultet for teknologi og realfag (TN),Fakultet,6800,"IKT, Rekvisita & Utstyr",6xxx Drift,"IKT, Rekvisita & Utstyr - 2026-M08 (TN)",723110.02,EMP-114,EMP-134,True,OK,2026_UiA_Full_Oct
TX-21374,2026-08-27,2026-M08,Q3,T2,TN,Fakultet for teknologi og realfag (TN),Fakultet,6800,"IKT, Rekvisita & Utstyr",6xxx Drift,"IKT, Rekvisita & Utstyr - 2026-M08 (TN)",60382.18,EMP-114,EMP-134,True,OK,2026_UiA_Full_Oct
TX-21375,2026-09-09,2026-M09,Q3,T3,TN,Fakultet for teknologi og realfag (TN),Fakultet,6800,"IKT, Rekvisita & Utstyr",6xxx Drift,"IKT, Rekvisita & Utstyr - 2026-M09 (TN)",440153.16,EMP-114,EMP-134,True,OK,2026_UiA_Full_Oct
TX-21376,2026-09-18,2026-M09,Q3,T3,TN,Fakultet for teknologi og realfag (TN),Fakultet,6800,"IKT, Rekvisita & Utstyr",6xxx Drift,"IKT, Rekvisita & Utstyr - 2026-M09 (TN)",248815.04,EMP-114,EMP-134,True,OK,2026_UiA_Full_Oct
TX-21377,2026-09-27,2026-M09,Q3,T3,TN,Fakultet for teknologi og realfag (TN),Fakultet,6800,"IKT, Rekvisita & Utstyr",6xxx Drift,"IKT, Rekvisita & Utstyr - 2026-M09 (TN)",1327466.29,EMP-114,EMP-134,True,OK,2026_UiA_Full_Oct
TX-21378,2026-10-09,2026-M10,Q4,T3,TN,Fakultet for teknologi og realfag (TN),Fakultet,6800,"IKT, Rekvisita & Utstyr",6xxx Drift,"IKT, Rekvisita & Utstyr - 2026-M10 (TN)",808919.93,EMP-114,EMP-134,True,OK,2026_UiA_Full_Oct
TX-21379,2026-10-18,2026-M10,Q4,T3,TN,Fakultet for teknologi og realfag (TN),Fakultet,6800,"IKT, Rekvisita & Utstyr",6xxx Drift,"IKT, Rekvisita & Utstyr - 2026-M10 (TN)",1090517.11,EMP-114,EMP-134,True,OK,2026_UiA_Full_Oct
TX-21380,2026-10-27,2026-M10,Q4,T3,TN,Fakultet for teknologi og realfag (TN),Fakultet,6800,"IKT, Rekvisita & Utstyr",6xxx Drift,"IKT, Rekvisita & Utstyr - 2026-M10 (TN)",83984.22,EMP-114,EMP-134,True,OK,2026_UiA_Full_Oct
TX-21381,2026-01-09,2026-M01,Q1,T1,TN,Fakultet for teknologi og realfag (TN),Fakultet,7100,Reise & Representasjon,7xxx Reiser,Reise & Representasjon - 2026-M01 (TN),622421.0,EMP-114,EMP-134,True,OK,2026_UiA_Full_Oct
TX-21382,2026-01-18,2026-M01,Q1,T1,TN,Fakultet for teknologi og realfag (TN),Fakultet,7100,Reise & Representasjon,7xxx Reiser,Reise & Representasjon - 2026-M01 (TN),463141.79,EMP-114,EMP-134,True,OK,2026_UiA_Full_Oct
TX-21383,2026-01-27,2026-M01,Q1,T1,TN,Fakultet for teknologi og realfag (TN),Fakultet,7100,Reise & Representasjon,7xxx Reiser,Reise & Representasjon - 2026-M01 (TN),142663.04,EMP-114,EMP-134,True,OK,2026_UiA_Full_Oct
TX-21384,2026-02-09,2026-M02,Q1,T1,TN,Fakultet for teknologi og realfag (TN),Fakultet,7100,Reise & Representasjon,7xxx Reiser,Reise & Representasjon - 2026-M02 (TN),98008.87,EMP-114,EMP-134,True,OK,2026_UiA_Full_Oct
TX-21385,2026-02-18,2026-M02,Q1,T1,TN,Fakultet for teknologi og realfag (TN),Fakultet,7100,Reise & Representasjon,7xxx Reiser,Reise & Representasjon - 2026-M02 (TN),932796.3,EMP-114,EMP-134,True,OK,2026_UiA_Full_Oct
TX-21386,2026-02-27,2026-M02,Q1,T1,TN,Fakultet for teknologi og realfag (TN),Fakultet,7100,Reise & Representasjon,7xxx Reiser,Reise & Representasjon - 2026-M02 (TN),223529.95,EMP-114,EMP-134,True,OK,2026_UiA_Full_Oct
TX-21387,2026-03-09,2026-M03,Q1,T1,TN,Fakultet for teknologi og realfag (TN),Fakultet,7100,Reise & Representasjon,7xxx Reiser,Reise & Representasjon - 2026-M03 (TN),751147.81,EMP-114,EMP-134,True,OK,2026_UiA_Full_Oct
TX-21388,2026-03-18,2026-M03,Q1,T1,TN,Fakultet for teknologi og realfag (TN),Fakultet,7100,Reise & Representasjon,7xxx Reiser,Reise & Representasjon - 2026-M03 (TN),79093.42,EMP-114,EMP-134,True,OK,2026_UiA_Full_Oct
TX-21389,2026-03-27,2026-M03,Q1,T1,TN,Fakultet for teknologi og realfag (TN),Fakultet,7100,Reise & Representasjon,7xxx Reiser,Reise & Representasjon - 2026-M03 (TN),403515.36,EMP-114,EMP-134,True,OK,2026_UiA_Full_Oct
TX-21390,2026-04-09,2026-M04,Q2,T1,TN,Fakultet for teknologi og realfag (TN),Fakultet,7100,Reise & Representasjon,7xxx Reiser,Reise & Representasjon - 2026-M04 (TN),123406.06,EMP-114,EMP-134,True,OK,2026_UiA_Full_Oct
TX-21391,2026-04-18,2026-M04,Q2,T1,TN,Fakultet for teknologi og realfag (TN),Fakultet,7100,Reise & Representasjon,7xxx Reiser,Reise & Representasjon - 2026-M04 (TN),187551.17,EMP-114,EMP-134,True,OK,2026_UiA_Full_Oct
TX-21392,2026-04-27,2026-M04,Q2,T1,TN,Fakultet for teknologi og realfag (TN),Fakultet,7100,Reise & Representasjon,7xxx Reiser,Reise & Representasjon - 2026-M04 (TN),925551.12,EMP-114,EMP-134,True,OK,2026_UiA_Full_Oct
TX-21393,2026-05-09,2026-M05,Q2,T2,TN,Fakultet for teknologi og realfag (TN),Fakultet,7100,Reise & Representasjon,7xxx Reiser,Reise & Representasjon - 2026-M05 (TN),643216.95,EMP-114,EMP-134,True,OK,2026_UiA_Full_Oct
TX-21394,2026-05-18,2026-M05,Q2,T2,TN,Fakultet for teknologi og realfag (TN),Fakultet,7100,Reise & Representasjon,7xxx Reiser,Reise & Representasjon - 2026-M05 (TN),293149.98,EMP-114,EMP-134,True,OK,2026_UiA_Full_Oct
TX-21395,2026-05-27,2026-M05,Q2,T2,TN,Fakultet for teknologi og realfag (TN),Fakultet,7100,Reise & Representasjon,7xxx Reiser,Reise & Representasjon - 2026-M05 (TN),304627.81,EMP-114,EMP-134,True,OK,2026_UiA_Full_Oct
TX-21396,2026-06-09,2026-M06,Q2,T2,TN,Fakultet for teknologi og realfag (TN),Fakultet,7100,Reise & Representasjon,7xxx Reiser,Reise & Representasjon - 2026-M06 (TN),378089.92,EMP-114,EMP-134,True,OK,2026_UiA_Full_Oct
TX-21397,2026-06-18,2026-M06,Q2,T2,TN,Fakultet for teknologi og realfag (TN),Fakultet,7100,Reise & Representasjon,7xxx Reiser,Reise & Representasjon - 2026-M06 (TN),561722.8,EMP-114,EMP-134,True,OK,2026_UiA_Full_Oct
TX-21398,2026-06-27,2026-M06,Q2,T2,TN,Fakultet for teknologi og realfag (TN),Fakultet,7100,Reise & Representasjon,7xxx Reiser,Reise & Representasjon - 2026-M06 (TN),315093.5,EMP-114,EMP-134,True,OK,2026_UiA_Full_Oct
TX-21399,2026-07-09,2026-M07,Q3,T2,TN,Fakultet for teknologi og realfag (TN),Fakultet,7100,Reise & Representasjon,7xxx Reiser,Reise & Representasjon - 2026-M07 (TN),889224.09,EMP-114,EMP-134,False,BRUDD: Mangler kvittering (>100 NOK),2026_UiA_Full_Oct
TX-21400,2026-07-18,2026-M07,Q3,T2,TN,Fakultet for teknologi og realfag (TN),Fakultet,7100,Reise & Representasjon,7xxx Reiser,Reise & Representasjon - 2026-M07 (TN),103475.2,EMP-114,EMP-134,True,OK,2026_UiA_Full_Oct
TX-21401,2026-07-27,2026-M07,Q3,T2,TN,Fakultet for teknologi og realfag (TN),Fakultet,7100,Reise & Representasjon,7xxx Reiser,Reise & Representasjon - 2026-M07 (TN),261265.12,EMP-114,EMP-134,True,OK,2026_UiA_Full_Oct
TX-21402,2026-08-09,2026-M08,Q3,T2,TN,Fakultet for teknologi og realfag (TN),Fakultet,7100,Reise & Representasjon,7xxx Reiser,Reise & Representasjon - 2026-M08 (TN),391374.64,EMP-114,EMP-134,True,OK,2026_UiA_Full_Oct
TX-21403,2026-08-18,2026-M08,Q3,T2,TN,Fakultet for teknologi og realfag (TN),Fakultet,7100,Reise & Representasjon,7xxx Reiser,Reise & Representasjon - 2026-M08 (TN),18070.87,EMP-114,EMP-134,True,OK,2026_UiA_Full_Oct
TX-21404,2026-08-27,2026-M08,Q3,T2,TN,Fakultet for teknologi og realfag (TN),Fakultet,7100,Reise & Representasjon,7xxx Reiser,Reise & Representasjon - 2026-M08 (TN),847664.2,EMP-114,EMP-134,False,BRUDD: Mangler kvittering (>100 NOK),2026_UiA_Full_Oct
TX-21405,2026-09-09,2026-M09,Q3,T3,TN,Fakultet for teknologi og realfag (TN),Fakultet,7100,Reise & Representasjon,7xxx Reiser,Reise & Representasjon - 2026-M09 (TN),299399.73,EMP-114,EMP-134,True,OK,2026_UiA_Full_Oct
TX-21406,2026-09-18,2026-M09,Q3,T3,TN,Fakultet for teknologi og realfag (TN),Fakultet,7100,Reise & Representasjon,7xxx Reiser,Reise & Representasjon - 2026-M09 (TN),852537.57,EMP-114,EMP-134,True,OK,2026_UiA_Full_Oct
TX-21407,2026-09-27,2026-M09,Q3,T3,TN,Fakultet for teknologi og realfag (TN),Fakultet,7100,Reise & Representasjon,7xxx Reiser,Reise & Representasjon - 2026-M09 (TN),89774.64,EMP-114,EMP-134,True,OK,2026_UiA_Full_Oct
TX-21408,2026-10-09,2026-M10,Q4,T3,TN,Fakultet for teknologi og realfag (TN),Fakultet,7100,Reise & Representasjon,7xxx Reiser,Reise & Representasjon - 2026-M10 (TN),730023.54,EMP-114,EMP-134,True,OK,2026_UiA_Full_Oct
TX-21409,2026-10-18,2026-M10,Q4,T3,TN,Fakultet for teknologi og realfag (TN),Fakultet,7100,Reise & Representasjon,7xxx Reiser,Reise & Representasjon - 2026-M10 (TN),470316.87,EMP-114,EMP-134,True,OK,2026_UiA_Full_Oct
TX-21410,2026-10-27,2026-M10,Q4,T3,TN,Fakultet for teknologi og realfag (TN),Fakultet,7100,Reise & Representasjon,7xxx Reiser,Reise & Representasjon - 2026-M10 (TN),55971.15,EMP-114,EMP-134,True,OK,2026_UiA_Full_Oct
TX-21411,2026-01-09,2026-M01,Q1,T1,TN,Fakultet for teknologi og realfag (TN),Fakultet,7800,Andre Driftskostnader & Konsulenter,7xxx Reiser,Andre Driftskostnader & Konsulenter - 2026-M01 (TN),61271.21,EMP-114,EMP-134,True,OK,2026_UiA_Full_Oct
TX-21412,2026-01-18,2026-M01,Q1,T1,TN,Fakultet for teknologi og realfag (TN),Fakultet,7800,Andre Driftskostnader & Konsulenter,7xxx Reiser,Andre Driftskostnader & Konsulenter - 2026-M01 (TN),687536.05,EMP-114,EMP-134,True,OK,2026_UiA_Full_Oct
TX-21413,2026-01-27,2026-M01,Q1,T1,TN,Fakultet for teknologi og realfag (TN),Fakultet,7800,Andre Driftskostnader & Konsulenter,7xxx Reiser,Andre Driftskostnader & Konsulenter - 2026-M01 (TN),8995.55,EMP-114,EMP-134,True,OK,2026_UiA_Full_Oct
TX-21414,2026-02-09,2026-M02,Q1,T1,TN,Fakultet for teknologi og realfag (TN),Fakultet,7800,Andre Driftskostnader & Konsulenter,7xxx Reiser,Andre Driftskostnader & Konsulenter - 2026-M02 (TN),281198.18,EMP-114,EMP-134,True,OK,2026_UiA_Full_Oct
TX-21415,2026-02-18,2026-M02,Q1,T1,TN,Fakultet for teknologi og realfag (TN),Fakultet,7800,Andre Driftskostnader & Konsulenter,7xxx Reiser,Andre Driftskostnader & Konsulenter - 2026-M02 (TN),419238.97,EMP-114,EMP-134,True,OK,2026_UiA_Full_Oct
TX-21416,2026-02-27,2026-M02,Q1,T1,TN,Fakultet for teknologi og realfag (TN),Fakultet,7800,Andre Driftskostnader & Konsulenter,7xxx Reiser,Andre Driftskostnader & Konsulenter - 2026-M02 (TN),47407.32,EMP-114,EMP-134,True,OK,2026_UiA_Full_Oct
TX-21417,2026-03-09,2026-M03,Q1,T1,TN,Fakultet for teknologi og realfag (TN),Fakultet,7800,Andre Driftskostnader & Konsulenter,7xxx Reiser,Andre Driftskostnader & Konsulenter - 2026-M03 (TN),160219.92,EMP-114,EMP-134,True,OK,2026_UiA_Full_Oct
TX-21418,2026-03-18,2026-M03,Q1,T1,TN,Fakultet for teknologi og realfag (TN),Fakultet,7800,Andre Driftskostnader & Konsulenter,7xxx Reiser,Andre Driftskostnader & Konsulenter - 2026-M03 (TN),181645.86,EMP-114,EMP-134,True,OK,2026_UiA_Full_Oct
TX-21419,2026-03-27,2026-M03,Q1,T1,TN,Fakultet for teknologi og realfag (TN),Fakultet,7800,Andre Driftskostnader & Konsulenter,7xxx Reiser,Andre Driftskostnader & Konsulenter - 2026-M03 (TN),405035.87,EMP-114,EMP-134,True,OK,2026_UiA_Full_Oct
TX-21420,2026-04-09,2026-M04,Q2,T1,TN,Fakultet for teknologi og realfag (TN),Fakultet,7800,Andre Driftskostnader & Konsulenter,7xxx Reiser,Andre Driftskostnader & Konsulenter - 2026-M04 (TN),371090.17,EMP-114,EMP-134,True,OK,2026_UiA_Full_Oct
TX-21421,2026-04-18,2026-M04,Q2,T1,TN,Fakultet for teknologi og realfag (TN),Fakultet,7800,Andre Driftskostnader & Konsulenter,7xxx Reiser,Andre Driftskostnader & Konsulenter - 2026-M04 (TN),209956.25,EMP-114,EMP-134,True,OK,2026_UiA_Full_Oct
TX-21422,2026-04-27,2026-M04,Q2,T1,TN,Fakultet for teknologi og realfag (TN),Fakultet,7800,Andre Driftskostnader & Konsulenter,7xxx Reiser,Andre Driftskostnader & Konsulenter - 2026-M04 (TN),161354.18,EMP-114,EMP-134,True,OK,2026_UiA_Full_Oct
TX-21423,2026-05-09,2026-M05,Q2,T2,TN,Fakultet for teknologi og realfag (TN),Fakultet,7800,Andre Driftskostnader & Konsulenter,7xxx Reiser,Andre Driftskostnader & Konsulenter - 2026-M05 (TN),22518.68,EMP-114,EMP-134,True,OK,2026_UiA_Full_Oct
TX-21424,2026-05-18,2026-M05,Q2,T2,TN,Fakultet for teknologi og realfag (TN),Fakultet,7800,Andre Driftskostnader & Konsulenter,7xxx Reiser,Andre Driftskostnader & Konsulenter - 2026-M05 (TN),360415.46,EMP-114,EMP-134,True,OK,2026_UiA_Full_Oct
TX-21425,2026-05-27,2026-M05,Q2,T2,TN,Fakultet for teknologi og realfag (TN),Fakultet,7800,Andre Driftskostnader & Konsulenter,7xxx Reiser,Andre Driftskostnader & Konsulenter - 2026-M05 (TN),364897.12,EMP-114,EMP-134,True,OK,2026_UiA_Full_Oct
TX-21426,2026-06-09,2026-M06,Q2,T2,TN,Fakultet for teknologi og realfag (TN),Fakultet,7800,Andre Driftskostnader & Konsulenter,7xxx Reiser,Andre Driftskostnader & Konsulenter - 2026-M06 (TN),184287.09,EMP-114,EMP-134,True,OK,2026_UiA_Full_Oct
TX-21427,2026-06-18,2026-M06,Q2,T2,TN,Fakultet for teknologi og realfag (TN),Fakultet,7800,Andre Driftskostnader & Konsulenter,7xxx Reiser,Andre Driftskostnader & Konsulenter - 2026-M06 (TN),509863.1,EMP-114,EMP-134,True,OK,2026_UiA_Full_Oct
TX-21428,2026-06-27,2026-M06,Q2,T2,TN,Fakultet for teknologi og realfag (TN),Fakultet,7800,Andre Driftskostnader & Konsulenter,7xxx Reiser,Andre Driftskostnader & Konsulenter - 2026-M06 (TN),54967.22,EMP-114,EMP-134,True,OK,2026_UiA_Full_Oct
TX-21429,2026-07-09,2026-M07,Q3,T2,TN,Fakultet for teknologi og realfag (TN),Fakultet,7800,Andre Driftskostnader & Konsulenter,7xxx Reiser,Andre Driftskostnader & Konsulenter - 2026-M07 (TN),186585.03,EMP-114,EMP-134,True,OK,2026_UiA_Full_Oct
TX-21430,2026-07-18,2026-M07,Q3,T2,TN,Fakultet for teknologi og realfag (TN),Fakultet,7800,Andre Driftskostnader & Konsulenter,7xxx Reiser,Andre Driftskostnader & Konsulenter - 2026-M07 (TN),468901.35,EMP-114,EMP-134,True,OK,2026_UiA_Full_Oct
TX-21431,2026-07-27,2026-M07,Q3,T2,TN,Fakultet for teknologi og realfag (TN),Fakultet,7800,Andre Driftskostnader & Konsulenter,7xxx Reiser,Andre Driftskostnader & Konsulenter - 2026-M07 (TN),91519.68,EMP-114,EMP-134,True,OK,2026_UiA_Full_Oct
TX-21432,2026-08-09,2026-M08,Q3,T2,TN,Fakultet for teknologi og realfag (TN),Fakultet,7800,Andre Driftskostnader & Konsulenter,7xxx Reiser,Andre Driftskostnader & Konsulenter - 2026-M08 (TN),392432.6,EMP-114,EMP-134,True,OK,2026_UiA_Full_Oct
TX-21433,2026-08-18,2026-M08,Q3,T2,TN,Fakultet for teknologi og realfag (TN),Fakultet,7800,Andre Driftskostnader & Konsulenter,7xxx Reiser,Andre Driftskostnader & Konsulenter - 2026-M08 (TN),302844.32,EMP-114,EMP-134,True,OK,2026_UiA_Full_Oct
TX-21434,2026-08-27,2026-M08,Q3,T2,TN,Fakultet for teknologi og realfag (TN),Fakultet,7800,Andre Driftskostnader & Konsulenter,7xxx Reiser,Andre Driftskostnader & Konsulenter - 2026-M08 (TN),50354.47,EMP-114,EMP-134,True,OK,2026_UiA_Full_Oct
TX-21435,2026-09-09,2026-M09,Q3,T3,TN,Fakultet for teknologi og realfag (TN),Fakultet,7800,Andre Driftskostnader & Konsulenter,7xxx Reiser,Andre Driftskostnader & Konsulenter - 2026-M09 (TN),207635.95,EMP-114,EMP-134,True,OK,2026_UiA_Full_Oct
TX-21436,2026-09-18,2026-M09,Q3,T3,TN,Fakultet for teknologi og realfag (TN),Fakultet,7800,Andre Driftskostnader & Konsulenter,7xxx Reiser,Andre Driftskostnader & Konsulenter - 2026-M09 (TN),481346.15,EMP-114,EMP-134,True,OK,2026_UiA_Full_Oct
TX-21437,2026-09-27,2026-M09,Q3,T3,TN,Fakultet for teknologi og realfag (TN),Fakultet,7800,Andre Driftskostnader & Konsulenter,7xxx Reiser,Andre Driftskostnader & Konsulenter - 2026-M09 (TN),53168.63,EMP-114,EMP-134,True,OK,2026_UiA_Full_Oct
TX-21438,2026-10-09,2026-M10,Q4,T3,TN,Fakultet for teknologi og realfag (TN),Fakultet,7800,Andre Driftskostnader & Konsulenter,7xxx Reiser,Andre Driftskostnader & Konsulenter - 2026-M10 (TN),540165.57,EMP-114,EMP-134,True,OK,2026_UiA_Full_Oct
TX-21439,2026-10-18,2026-M10,Q4,T3,TN,Fakultet for teknologi og realfag (TN),Fakultet,7800,Andre Driftskostnader & Konsulenter,7xxx Reiser,Andre Driftskostnader & Konsulenter - 2026-M10 (TN),120152.11,EMP-114,EMP-134,True,OK,2026_UiA_Full_Oct
TX-21440,2026-10-27,2026-M10,Q4,T3,TN,Fakultet for teknologi og realfag (TN),Fakultet,7800,Andre Driftskostnader & Konsulenter,7xxx Reiser,Andre Driftskostnader & Konsulenter - 2026-M10 (TN),85467.13,EMP-114,EMP-134,True,OK,2026_UiA_Full_Oct
TX-21441,2026-01-09,2026-M01,Q1,T1,ADM,Fellesadministrasjon & Fellestjenester (ADM),Administrasjon,3000,Statlig Rammebevilgning (Kap 260.50),3xxx Inntekter,Statlig Rammebevilgning (Kap 260.50) - 2026-M01 (ADM),-15354059.15,EMP-116,EMP-136,True,OK,2026_UiA_Full_Oct
TX-21442,2026-01-18,2026-M01,Q1,T1,ADM,Fellesadministrasjon & Fellestjenester (ADM),Administrasjon,3000,Statlig Rammebevilgning (Kap 260.50),3xxx Inntekter,Statlig Rammebevilgning (Kap 260.50) - 2026-M01 (ADM),-13150041.7,EMP-116,EMP-136,True,OK,2026_UiA_Full_Oct
TX-21443,2026-01-27,2026-M01,Q1,T1,ADM,Fellesadministrasjon & Fellestjenester (ADM),Administrasjon,3000,Statlig Rammebevilgning (Kap 260.50),3xxx Inntekter,Statlig Rammebevilgning (Kap 260.50) - 2026-M01 (ADM),-1308117.67,EMP-116,EMP-136,True,OK,2026_UiA_Full_Oct
TX-21444,2026-02-09,2026-M02,Q1,T1,ADM,Fellesadministrasjon & Fellestjenester (ADM),Administrasjon,3000,Statlig Rammebevilgning (Kap 260.50),3xxx Inntekter,Statlig Rammebevilgning (Kap 260.50) - 2026-M02 (ADM),-2328038.91,EMP-116,EMP-136,True,OK,2026_UiA_Full_Oct
TX-21445,2026-02-18,2026-M02,Q1,T1,ADM,Fellesadministrasjon & Fellestjenester (ADM),Administrasjon,3000,Statlig Rammebevilgning (Kap 260.50),3xxx Inntekter,Statlig Rammebevilgning (Kap 260.50) - 2026-M02 (ADM),-2554475.91,EMP-116,EMP-136,True,OK,2026_UiA_Full_Oct
TX-21446,2026-02-27,2026-M02,Q1,T1,ADM,Fellesadministrasjon & Fellestjenester (ADM),Administrasjon,3000,Statlig Rammebevilgning (Kap 260.50),3xxx Inntekter,Statlig Rammebevilgning (Kap 260.50) - 2026-M02 (ADM),-25436167.98,EMP-116,EMP-136,True,OK,2026_UiA_Full_Oct
TX-21447,2026-03-09,2026-M03,Q1,T1,ADM,Fellesadministrasjon & Fellestjenester (ADM),Administrasjon,3000,Statlig Rammebevilgning (Kap 260.50),3xxx Inntekter,Statlig Rammebevilgning (Kap 260.50) - 2026-M03 (ADM),-10957379.28,EMP-116,EMP-136,True,OK,2026_UiA_Full_Oct
TX-21448,2026-03-18,2026-M03,Q1,T1,ADM,Fellesadministrasjon & Fellestjenester (ADM),Administrasjon,3000,Statlig Rammebevilgning (Kap 260.50),3xxx Inntekter,Statlig Rammebevilgning (Kap 260.50) - 2026-M03 (ADM),-6970563.21,EMP-116,EMP-136,True,OK,2026_UiA_Full_Oct
TX-21449,2026-03-27,2026-M03,Q1,T1,ADM,Fellesadministrasjon & Fellestjenester (ADM),Administrasjon,3000,Statlig Rammebevilgning (Kap 260.50),3xxx Inntekter,Statlig Rammebevilgning (Kap 260.50) - 2026-M03 (ADM),-12178080.1,EMP-116,EMP-136,True,OK,2026_UiA_Full_Oct
TX-21450,2026-04-09,2026-M04,Q2,T1,ADM,Fellesadministrasjon & Fellestjenester (ADM),Administrasjon,3000,Statlig Rammebevilgning (Kap 260.50),3xxx Inntekter,Statlig Rammebevilgning (Kap 260.50) - 2026-M04 (ADM),-27057500.92,EMP-116,EMP-136,True,OK,2026_UiA_Full_Oct
TX-21451,2026-04-18,2026-M04,Q2,T1,ADM,Fellesadministrasjon & Fellestjenester (ADM),Administrasjon,3000,Statlig Rammebevilgning (Kap 260.50),3xxx Inntekter,Statlig Rammebevilgning (Kap 260.50) - 2026-M04 (ADM),-1060234.19,EMP-116,EMP-136,True,OK,2026_UiA_Full_Oct
TX-21452,2026-04-27,2026-M04,Q2,T1,ADM,Fellesadministrasjon & Fellestjenester (ADM),Administrasjon,3000,Statlig Rammebevilgning (Kap 260.50),3xxx Inntekter,Statlig Rammebevilgning (Kap 260.50) - 2026-M04 (ADM),-2022642.89,EMP-116,EMP-136,True,OK,2026_UiA_Full_Oct
TX-21453,2026-05-09,2026-M05,Q2,T2,ADM,Fellesadministrasjon & Fellestjenester (ADM),Administrasjon,3000,Statlig Rammebevilgning (Kap 260.50),3xxx Inntekter,Statlig Rammebevilgning (Kap 260.50) - 2026-M05 (ADM),-1100049.15,EMP-116,EMP-136,True,OK,2026_UiA_Full_Oct
TX-21454,2026-05-18,2026-M05,Q2,T2,ADM,Fellesadministrasjon & Fellestjenester (ADM),Administrasjon,3000,Statlig Rammebevilgning (Kap 260.50),3xxx Inntekter,Statlig Rammebevilgning (Kap 260.50) - 2026-M05 (ADM),-16000627.6,EMP-116,EMP-136,True,OK,2026_UiA_Full_Oct
TX-21455,2026-05-27,2026-M05,Q2,T2,ADM,Fellesadministrasjon & Fellestjenester (ADM),Administrasjon,3000,Statlig Rammebevilgning (Kap 260.50),3xxx Inntekter,Statlig Rammebevilgning (Kap 260.50) - 2026-M05 (ADM),-13236946.81,EMP-116,EMP-136,True,OK,2026_UiA_Full_Oct
TX-21456,2026-06-09,2026-M06,Q2,T2,ADM,Fellesadministrasjon & Fellestjenester (ADM),Administrasjon,3000,Statlig Rammebevilgning (Kap 260.50),3xxx Inntekter,Statlig Rammebevilgning (Kap 260.50) - 2026-M06 (ADM),-11664858.4,EMP-116,EMP-136,True,OK,2026_UiA_Full_Oct
TX-21457,2026-06-18,2026-M06,Q2,T2,ADM,Fellesadministrasjon & Fellestjenester (ADM),Administrasjon,3000,Statlig Rammebevilgning (Kap 260.50),3xxx Inntekter,Statlig Rammebevilgning (Kap 260.50) - 2026-M06 (ADM),-15417869.85,EMP-116,EMP-136,True,OK,2026_UiA_Full_Oct
TX-21458,2026-06-27,2026-M06,Q2,T2,ADM,Fellesadministrasjon & Fellestjenester (ADM),Administrasjon,3000,Statlig Rammebevilgning (Kap 260.50),3xxx Inntekter,Statlig Rammebevilgning (Kap 260.50) - 2026-M06 (ADM),-2735270.82,EMP-116,EMP-136,True,OK,2026_UiA_Full_Oct
TX-21459,2026-07-09,2026-M07,Q3,T2,ADM,Fellesadministrasjon & Fellestjenester (ADM),Administrasjon,3000,Statlig Rammebevilgning (Kap 260.50),3xxx Inntekter,Statlig Rammebevilgning (Kap 260.50) - 2026-M07 (ADM),-24323484.78,EMP-116,EMP-136,True,OK,2026_UiA_Full_Oct
TX-21460,2026-07-18,2026-M07,Q3,T2,ADM,Fellesadministrasjon & Fellestjenester (ADM),Administrasjon,3000,Statlig Rammebevilgning (Kap 260.50),3xxx Inntekter,Statlig Rammebevilgning (Kap 260.50) - 2026-M07 (ADM),-582098.39,EMP-116,EMP-136,True,OK,2026_UiA_Full_Oct
TX-21461,2026-07-27,2026-M07,Q3,T2,ADM,Fellesadministrasjon & Fellestjenester (ADM),Administrasjon,3000,Statlig Rammebevilgning (Kap 260.50),3xxx Inntekter,Statlig Rammebevilgning (Kap 260.50) - 2026-M07 (ADM),-5180326.81,EMP-116,EMP-136,True,OK,2026_UiA_Full_Oct
TX-21462,2026-08-09,2026-M08,Q3,T2,ADM,Fellesadministrasjon & Fellestjenester (ADM),Administrasjon,3000,Statlig Rammebevilgning (Kap 260.50),3xxx Inntekter,Statlig Rammebevilgning (Kap 260.50) - 2026-M08 (ADM),-7627661.93,EMP-116,EMP-136,True,OK,2026_UiA_Full_Oct
TX-21463,2026-08-18,2026-M08,Q3,T2,ADM,Fellesadministrasjon & Fellestjenester (ADM),Administrasjon,3000,Statlig Rammebevilgning (Kap 260.50),3xxx Inntekter,Statlig Rammebevilgning (Kap 260.50) - 2026-M08 (ADM),-17743957.0,EMP-116,EMP-136,True,OK,2026_UiA_Full_Oct
TX-21464,2026-08-27,2026-M08,Q3,T2,ADM,Fellesadministrasjon & Fellestjenester (ADM),Administrasjon,3000,Statlig Rammebevilgning (Kap 260.50),3xxx Inntekter,Statlig Rammebevilgning (Kap 260.50) - 2026-M08 (ADM),-4588353.53,EMP-116,EMP-136,True,OK,2026_UiA_Full_Oct
TX-21465,2026-09-09,2026-M09,Q3,T3,ADM,Fellesadministrasjon & Fellestjenester (ADM),Administrasjon,3000,Statlig Rammebevilgning (Kap 260.50),3xxx Inntekter,Statlig Rammebevilgning (Kap 260.50) - 2026-M09 (ADM),-1875376.28,EMP-116,EMP-136,True,OK,2026_UiA_Full_Oct
TX-21466,2026-09-18,2026-M09,Q3,T3,ADM,Fellesadministrasjon & Fellestjenester (ADM),Administrasjon,3000,Statlig Rammebevilgning (Kap 260.50),3xxx Inntekter,Statlig Rammebevilgning (Kap 260.50) - 2026-M09 (ADM),-14961568.38,EMP-116,EMP-136,True,OK,2026_UiA_Full_Oct
TX-21467,2026-09-27,2026-M09,Q3,T3,ADM,Fellesadministrasjon & Fellestjenester (ADM),Administrasjon,3000,Statlig Rammebevilgning (Kap 260.50),3xxx Inntekter,Statlig Rammebevilgning (Kap 260.50) - 2026-M09 (ADM),-13435884.54,EMP-116,EMP-136,True,OK,2026_UiA_Full_Oct
TX-21468,2026-10-09,2026-M10,Q4,T3,ADM,Fellesadministrasjon & Fellestjenester (ADM),Administrasjon,3000,Statlig Rammebevilgning (Kap 260.50),3xxx Inntekter,Statlig Rammebevilgning (Kap 260.50) - 2026-M10 (ADM),-8708409.6,EMP-116,EMP-136,True,OK,2026_UiA_Full_Oct
TX-21469,2026-10-18,2026-M10,Q4,T3,ADM,Fellesadministrasjon & Fellestjenester (ADM),Administrasjon,3000,Statlig Rammebevilgning (Kap 260.50),3xxx Inntekter,Statlig Rammebevilgning (Kap 260.50) - 2026-M10 (ADM),-9031740.28,EMP-116,EMP-136,True,OK,2026_UiA_Full_Oct
TX-21470,2026-10-27,2026-M10,Q4,T3,ADM,Fellesadministrasjon & Fellestjenester (ADM),Administrasjon,3000,Statlig Rammebevilgning (Kap 260.50),3xxx Inntekter,Statlig Rammebevilgning (Kap 260.50) - 2026-M10 (ADM),-12488572.89,EMP-116,EMP-136,True,OK,2026_UiA_Full_Oct
TX-21471,2026-01-09,2026-M01,Q1,T1,ADM,Fellesadministrasjon & Fellestjenester (ADM),Administrasjon,3400,BOA Ekstern Prosjektstøtte (NFR/EU),3xxx Inntekter,BOA Ekstern Prosjektstøtte (NFR/EU) - 2026-M01 (ADM),-2099114.38,EMP-116,EMP-136,True,OK,2026_UiA_Full_Oct
TX-21472,2026-01-18,2026-M01,Q1,T1,ADM,Fellesadministrasjon & Fellestjenester (ADM),Administrasjon,3400,BOA Ekstern Prosjektstøtte (NFR/EU),3xxx Inntekter,BOA Ekstern Prosjektstøtte (NFR/EU) - 2026-M01 (ADM),-1738202.98,EMP-116,EMP-136,True,OK,2026_UiA_Full_Oct
TX-21473,2026-01-27,2026-M01,Q1,T1,ADM,Fellesadministrasjon & Fellestjenester (ADM),Administrasjon,3400,BOA Ekstern Prosjektstøtte (NFR/EU),3xxx Inntekter,BOA Ekstern Prosjektstøtte (NFR/EU) - 2026-M01 (ADM),-2726483.62,EMP-116,EMP-136,True,OK,2026_UiA_Full_Oct
TX-21474,2026-02-09,2026-M02,Q1,T1,ADM,Fellesadministrasjon & Fellestjenester (ADM),Administrasjon,3400,BOA Ekstern Prosjektstøtte (NFR/EU),3xxx Inntekter,BOA Ekstern Prosjektstøtte (NFR/EU) - 2026-M02 (ADM),-1742923.58,EMP-116,EMP-136,True,OK,2026_UiA_Full_Oct
TX-21475,2026-02-18,2026-M02,Q1,T1,ADM,Fellesadministrasjon & Fellestjenester (ADM),Administrasjon,3400,BOA Ekstern Prosjektstøtte (NFR/EU),3xxx Inntekter,BOA Ekstern Prosjektstøtte (NFR/EU) - 2026-M02 (ADM),-4765483.58,EMP-116,EMP-136,True,OK,2026_UiA_Full_Oct
TX-21476,2026-02-27,2026-M02,Q1,T1,ADM,Fellesadministrasjon & Fellestjenester (ADM),Administrasjon,3400,BOA Ekstern Prosjektstøtte (NFR/EU),3xxx Inntekter,BOA Ekstern Prosjektstøtte (NFR/EU) - 2026-M02 (ADM),-11730.11,EMP-116,EMP-136,True,OK,2026_UiA_Full_Oct
TX-21477,2026-03-09,2026-M03,Q1,T1,ADM,Fellesadministrasjon & Fellestjenester (ADM),Administrasjon,3400,BOA Ekstern Prosjektstøtte (NFR/EU),3xxx Inntekter,BOA Ekstern Prosjektstøtte (NFR/EU) - 2026-M03 (ADM),-2795591.79,EMP-116,EMP-136,True,OK,2026_UiA_Full_Oct
TX-21478,2026-03-18,2026-M03,Q1,T1,ADM,Fellesadministrasjon & Fellestjenester (ADM),Administrasjon,3400,BOA Ekstern Prosjektstøtte (NFR/EU),3xxx Inntekter,BOA Ekstern Prosjektstøtte (NFR/EU) - 2026-M03 (ADM),-1818071.38,EMP-116,EMP-136,True,OK,2026_UiA_Full_Oct
TX-21479,2026-03-27,2026-M03,Q1,T1,ADM,Fellesadministrasjon & Fellestjenester (ADM),Administrasjon,3400,BOA Ekstern Prosjektstøtte (NFR/EU),3xxx Inntekter,BOA Ekstern Prosjektstøtte (NFR/EU) - 2026-M03 (ADM),-1950506.62,EMP-116,EMP-136,True,OK,2026_UiA_Full_Oct
TX-21480,2026-04-09,2026-M04,Q2,T1,ADM,Fellesadministrasjon & Fellestjenester (ADM),Administrasjon,3400,BOA Ekstern Prosjektstøtte (NFR/EU),3xxx Inntekter,BOA Ekstern Prosjektstøtte (NFR/EU) - 2026-M04 (ADM),-3368791.35,EMP-116,EMP-136,True,OK,2026_UiA_Full_Oct
TX-21481,2026-04-18,2026-M04,Q2,T1,ADM,Fellesadministrasjon & Fellestjenester (ADM),Administrasjon,3400,BOA Ekstern Prosjektstøtte (NFR/EU),3xxx Inntekter,BOA Ekstern Prosjektstøtte (NFR/EU) - 2026-M04 (ADM),-415726.16,EMP-116,EMP-136,True,OK,2026_UiA_Full_Oct
TX-21482,2026-04-27,2026-M04,Q2,T1,ADM,Fellesadministrasjon & Fellestjenester (ADM),Administrasjon,3400,BOA Ekstern Prosjektstøtte (NFR/EU),3xxx Inntekter,BOA Ekstern Prosjektstøtte (NFR/EU) - 2026-M04 (ADM),-2873674.42,EMP-116,EMP-136,True,OK,2026_UiA_Full_Oct
TX-21483,2026-05-09,2026-M05,Q2,T2,ADM,Fellesadministrasjon & Fellestjenester (ADM),Administrasjon,3400,BOA Ekstern Prosjektstøtte (NFR/EU),3xxx Inntekter,BOA Ekstern Prosjektstøtte (NFR/EU) - 2026-M05 (ADM),-2371601.6,EMP-116,EMP-136,True,OK,2026_UiA_Full_Oct
TX-21484,2026-05-18,2026-M05,Q2,T2,ADM,Fellesadministrasjon & Fellestjenester (ADM),Administrasjon,3400,BOA Ekstern Prosjektstøtte (NFR/EU),3xxx Inntekter,BOA Ekstern Prosjektstøtte (NFR/EU) - 2026-M05 (ADM),-3268558.46,EMP-116,EMP-136,True,OK,2026_UiA_Full_Oct
TX-21485,2026-05-27,2026-M05,Q2,T2,ADM,Fellesadministrasjon & Fellestjenester (ADM),Administrasjon,3400,BOA Ekstern Prosjektstøtte (NFR/EU),3xxx Inntekter,BOA Ekstern Prosjektstøtte (NFR/EU) - 2026-M05 (ADM),-902236.69,EMP-116,EMP-136,True,OK,2026_UiA_Full_Oct
TX-21486,2026-06-09,2026-M06,Q2,T2,ADM,Fellesadministrasjon & Fellestjenester (ADM),Administrasjon,3400,BOA Ekstern Prosjektstøtte (NFR/EU),3xxx Inntekter,BOA Ekstern Prosjektstøtte (NFR/EU) - 2026-M06 (ADM),-400928.86,EMP-116,EMP-136,True,OK,2026_UiA_Full_Oct
TX-21487,2026-06-18,2026-M06,Q2,T2,ADM,Fellesadministrasjon & Fellestjenester (ADM),Administrasjon,3400,BOA Ekstern Prosjektstøtte (NFR/EU),3xxx Inntekter,BOA Ekstern Prosjektstøtte (NFR/EU) - 2026-M06 (ADM),-2951004.07,EMP-116,EMP-136,True,OK,2026_UiA_Full_Oct
TX-21488,2026-06-27,2026-M06,Q2,T2,ADM,Fellesadministrasjon & Fellestjenester (ADM),Administrasjon,3400,BOA Ekstern Prosjektstøtte (NFR/EU),3xxx Inntekter,BOA Ekstern Prosjektstøtte (NFR/EU) - 2026-M06 (ADM),-3305644.8,EMP-116,EMP-136,True,OK,2026_UiA_Full_Oct
TX-21489,2026-07-09,2026-M07,Q3,T2,ADM,Fellesadministrasjon & Fellestjenester (ADM),Administrasjon,3400,BOA Ekstern Prosjektstøtte (NFR/EU),3xxx Inntekter,BOA Ekstern Prosjektstøtte (NFR/EU) - 2026-M07 (ADM),-3112431.32,EMP-116,EMP-136,True,OK,2026_UiA_Full_Oct
TX-21490,2026-07-18,2026-M07,Q3,T2,ADM,Fellesadministrasjon & Fellestjenester (ADM),Administrasjon,3400,BOA Ekstern Prosjektstøtte (NFR/EU),3xxx Inntekter,BOA Ekstern Prosjektstøtte (NFR/EU) - 2026-M07 (ADM),-595375.77,EMP-116,EMP-136,True,OK,2026_UiA_Full_Oct
TX-21491,2026-07-27,2026-M07,Q3,T2,ADM,Fellesadministrasjon & Fellestjenester (ADM),Administrasjon,3400,BOA Ekstern Prosjektstøtte (NFR/EU),3xxx Inntekter,BOA Ekstern Prosjektstøtte (NFR/EU) - 2026-M07 (ADM),-2998290.54,EMP-116,EMP-136,True,OK,2026_UiA_Full_Oct
TX-21492,2026-08-09,2026-M08,Q3,T2,ADM,Fellesadministrasjon & Fellestjenester (ADM),Administrasjon,3400,BOA Ekstern Prosjektstøtte (NFR/EU),3xxx Inntekter,BOA Ekstern Prosjektstøtte (NFR/EU) - 2026-M08 (ADM),-3484712.81,EMP-116,EMP-136,True,OK,2026_UiA_Full_Oct
TX-21493,2026-08-18,2026-M08,Q3,T2,ADM,Fellesadministrasjon & Fellestjenester (ADM),Administrasjon,3400,BOA Ekstern Prosjektstøtte (NFR/EU),3xxx Inntekter,BOA Ekstern Prosjektstøtte (NFR/EU) - 2026-M08 (ADM),-1127638.71,EMP-116,EMP-136,True,OK,2026_UiA_Full_Oct
TX-21494,2026-08-27,2026-M08,Q3,T2,ADM,Fellesadministrasjon & Fellestjenester (ADM),Administrasjon,3400,BOA Ekstern Prosjektstøtte (NFR/EU),3xxx Inntekter,BOA Ekstern Prosjektstøtte (NFR/EU) - 2026-M08 (ADM),-2088140.32,EMP-116,EMP-136,True,OK,2026_UiA_Full_Oct
TX-21495,2026-09-09,2026-M09,Q3,T3,ADM,Fellesadministrasjon & Fellestjenester (ADM),Administrasjon,3400,BOA Ekstern Prosjektstøtte (NFR/EU),3xxx Inntekter,BOA Ekstern Prosjektstøtte (NFR/EU) - 2026-M09 (ADM),-2010271.77,EMP-116,EMP-136,True,OK,2026_UiA_Full_Oct
TX-21496,2026-09-18,2026-M09,Q3,T3,ADM,Fellesadministrasjon & Fellestjenester (ADM),Administrasjon,3400,BOA Ekstern Prosjektstøtte (NFR/EU),3xxx Inntekter,BOA Ekstern Prosjektstøtte (NFR/EU) - 2026-M09 (ADM),-1590288.3,EMP-116,EMP-136,True,OK,2026_UiA_Full_Oct
TX-21497,2026-09-27,2026-M09,Q3,T3,ADM,Fellesadministrasjon & Fellestjenester (ADM),Administrasjon,3400,BOA Ekstern Prosjektstøtte (NFR/EU),3xxx Inntekter,BOA Ekstern Prosjektstøtte (NFR/EU) - 2026-M09 (ADM),-2957407.92,EMP-116,EMP-136,True,OK,2026_UiA_Full_Oct
TX-21498,2026-10-09,2026-M10,Q4,T3,ADM,Fellesadministrasjon & Fellestjenester (ADM),Administrasjon,3400,BOA Ekstern Prosjektstøtte (NFR/EU),3xxx Inntekter,BOA Ekstern Prosjektstøtte (NFR/EU) - 2026-M10 (ADM),-3220408.75,EMP-116,EMP-136,True,OK,2026_UiA_Full_Oct
TX-21499,2026-10-18,2026-M10,Q4,T3,ADM,Fellesadministrasjon & Fellestjenester (ADM),Administrasjon,3400,BOA Ekstern Prosjektstøtte (NFR/EU),3xxx Inntekter,BOA Ekstern Prosjektstøtte (NFR/EU) - 2026-M10 (ADM),-766870.26,EMP-116,EMP-136,True,OK,2026_UiA_Full_Oct
TX-21500,2026-10-27,2026-M10,Q4,T3,ADM,Fellesadministrasjon & Fellestjenester (ADM),Administrasjon,3400,BOA Ekstern Prosjektstøtte (NFR/EU),3xxx Inntekter,BOA Ekstern Prosjektstøtte (NFR/EU) - 2026-M10 (ADM),-2588642.11,EMP-116,EMP-136,True,OK,2026_UiA_Full_Oct
TX-21501,2026-01-09,2026-M01,Q1,T1,ADM,Fellesadministrasjon & Fellestjenester (ADM),Administrasjon,5000,Fast Lønn & Sosiale Kostnader,5xxx Lønn,Fast Lønn & Sosiale Kostnader - 2026-M01 (ADM),17194281.64,EMP-116,EMP-136,True,OK,2026_UiA_Full_Oct
TX-21502,2026-01-18,2026-M01,Q1,T1,ADM,Fellesadministrasjon & Fellestjenester (ADM),Administrasjon,5000,Fast Lønn & Sosiale Kostnader,5xxx Lønn,Fast Lønn & Sosiale Kostnader - 2026-M01 (ADM),4540682.35,EMP-116,EMP-136,True,OK,2026_UiA_Full_Oct
TX-21503,2026-01-27,2026-M01,Q1,T1,ADM,Fellesadministrasjon & Fellestjenester (ADM),Administrasjon,5000,Fast Lønn & Sosiale Kostnader,5xxx Lønn,Fast Lønn & Sosiale Kostnader - 2026-M01 (ADM),1547947.65,EMP-116,EMP-136,True,OK,2026_UiA_Full_Oct
TX-21504,2026-02-09,2026-M02,Q1,T1,ADM,Fellesadministrasjon & Fellestjenester (ADM),Administrasjon,5000,Fast Lønn & Sosiale Kostnader,5xxx Lønn,Fast Lønn & Sosiale Kostnader - 2026-M02 (ADM),2719393.38,EMP-116,EMP-136,True,OK,2026_UiA_Full_Oct
TX-21505,2026-02-18,2026-M02,Q1,T1,ADM,Fellesadministrasjon & Fellestjenester (ADM),Administrasjon,5000,Fast Lønn & Sosiale Kostnader,5xxx Lønn,Fast Lønn & Sosiale Kostnader - 2026-M02 (ADM),18387285.32,EMP-116,EMP-136,True,OK,2026_UiA_Full_Oct
TX-21506,2026-02-27,2026-M02,Q1,T1,ADM,Fellesadministrasjon & Fellestjenester (ADM),Administrasjon,5000,Fast Lønn & Sosiale Kostnader,5xxx Lønn,Fast Lønn & Sosiale Kostnader - 2026-M02 (ADM),2274416.11,EMP-116,EMP-136,True,OK,2026_UiA_Full_Oct
TX-21507,2026-03-09,2026-M03,Q1,T1,ADM,Fellesadministrasjon & Fellestjenester (ADM),Administrasjon,5000,Fast Lønn & Sosiale Kostnader,5xxx Lønn,Fast Lønn & Sosiale Kostnader - 2026-M03 (ADM),2945115.34,EMP-116,EMP-136,True,OK,2026_UiA_Full_Oct
TX-21508,2026-03-18,2026-M03,Q1,T1,ADM,Fellesadministrasjon & Fellestjenester (ADM),Administrasjon,5000,Fast Lønn & Sosiale Kostnader,5xxx Lønn,Fast Lønn & Sosiale Kostnader - 2026-M03 (ADM),14463105.64,EMP-116,EMP-136,True,OK,2026_UiA_Full_Oct
TX-21509,2026-03-27,2026-M03,Q1,T1,ADM,Fellesadministrasjon & Fellestjenester (ADM),Administrasjon,5000,Fast Lønn & Sosiale Kostnader,5xxx Lønn,Fast Lønn & Sosiale Kostnader - 2026-M03 (ADM),5997514.65,EMP-116,EMP-136,True,OK,2026_UiA_Full_Oct
TX-21510,2026-04-09,2026-M04,Q2,T1,ADM,Fellesadministrasjon & Fellestjenester (ADM),Administrasjon,5000,Fast Lønn & Sosiale Kostnader,5xxx Lønn,Fast Lønn & Sosiale Kostnader - 2026-M04 (ADM),6990894.86,EMP-116,EMP-136,True,OK,2026_UiA_Full_Oct
TX-21511,2026-04-18,2026-M04,Q2,T1,ADM,Fellesadministrasjon & Fellestjenester (ADM),Administrasjon,5000,Fast Lønn & Sosiale Kostnader,5xxx Lønn,Fast Lønn & Sosiale Kostnader - 2026-M04 (ADM),11652170.64,EMP-116,EMP-136,True,OK,2026_UiA_Full_Oct
TX-21512,2026-04-27,2026-M04,Q2,T1,ADM,Fellesadministrasjon & Fellestjenester (ADM),Administrasjon,5000,Fast Lønn & Sosiale Kostnader,5xxx Lønn,Fast Lønn & Sosiale Kostnader - 2026-M04 (ADM),4867560.12,EMP-116,EMP-136,True,OK,2026_UiA_Full_Oct
TX-21513,2026-05-09,2026-M05,Q2,T2,ADM,Fellesadministrasjon & Fellestjenester (ADM),Administrasjon,5000,Fast Lønn & Sosiale Kostnader,5xxx Lønn,Fast Lønn & Sosiale Kostnader - 2026-M05 (ADM),3894188.5,EMP-116,EMP-136,True,OK,2026_UiA_Full_Oct
TX-21514,2026-05-18,2026-M05,Q2,T2,ADM,Fellesadministrasjon & Fellestjenester (ADM),Administrasjon,5000,Fast Lønn & Sosiale Kostnader,5xxx Lønn,Fast Lønn & Sosiale Kostnader - 2026-M05 (ADM),13819344.11,EMP-116,EMP-136,True,OK,2026_UiA_Full_Oct
TX-21515,2026-05-27,2026-M05,Q2,T2,ADM,Fellesadministrasjon & Fellestjenester (ADM),Administrasjon,5000,Fast Lønn & Sosiale Kostnader,5xxx Lønn,Fast Lønn & Sosiale Kostnader - 2026-M05 (ADM),5846956.18,EMP-116,EMP-136,True,OK,2026_UiA_Full_Oct
TX-21516,2026-06-09,2026-M06,Q2,T2,ADM,Fellesadministrasjon & Fellestjenester (ADM),Administrasjon,5000,Fast Lønn & Sosiale Kostnader,5xxx Lønn,Fast Lønn & Sosiale Kostnader - 2026-M06 (ADM),3653730.61,EMP-116,EMP-136,True,OK,2026_UiA_Full_Oct
TX-21517,2026-06-18,2026-M06,Q2,T2,ADM,Fellesadministrasjon & Fellestjenester (ADM),Administrasjon,5000,Fast Lønn & Sosiale Kostnader,5xxx Lønn,Fast Lønn & Sosiale Kostnader - 2026-M06 (ADM),12565524.95,EMP-116,EMP-136,True,OK,2026_UiA_Full_Oct
TX-21518,2026-06-27,2026-M06,Q2,T2,ADM,Fellesadministrasjon & Fellestjenester (ADM),Administrasjon,5000,Fast Lønn & Sosiale Kostnader,5xxx Lønn,Fast Lønn & Sosiale Kostnader - 2026-M06 (ADM),7176561.29,EMP-116,EMP-136,True,OK,2026_UiA_Full_Oct
TX-21519,2026-07-09,2026-M07,Q3,T2,ADM,Fellesadministrasjon & Fellestjenester (ADM),Administrasjon,5000,Fast Lønn & Sosiale Kostnader,5xxx Lønn,Fast Lønn & Sosiale Kostnader - 2026-M07 (ADM),3279353.68,EMP-116,EMP-136,True,OK,2026_UiA_Full_Oct
TX-21520,2026-07-18,2026-M07,Q3,T2,ADM,Fellesadministrasjon & Fellestjenester (ADM),Administrasjon,5000,Fast Lønn & Sosiale Kostnader,5xxx Lønn,Fast Lønn & Sosiale Kostnader - 2026-M07 (ADM),9492904.16,EMP-116,EMP-136,True,OK,2026_UiA_Full_Oct
TX-21521,2026-07-27,2026-M07,Q3,T2,ADM,Fellesadministrasjon & Fellestjenester (ADM),Administrasjon,5000,Fast Lønn & Sosiale Kostnader,5xxx Lønn,Fast Lønn & Sosiale Kostnader - 2026-M07 (ADM),10423488.73,EMP-116,EMP-136,True,OK,2026_UiA_Full_Oct
TX-21522,2026-08-09,2026-M08,Q3,T2,ADM,Fellesadministrasjon & Fellestjenester (ADM),Administrasjon,5000,Fast Lønn & Sosiale Kostnader,5xxx Lønn,Fast Lønn & Sosiale Kostnader - 2026-M08 (ADM),18096097.5,EMP-116,EMP-136,True,OK,2026_UiA_Full_Oct
TX-21523,2026-08-18,2026-M08,Q3,T2,ADM,Fellesadministrasjon & Fellestjenester (ADM),Administrasjon,5000,Fast Lønn & Sosiale Kostnader,5xxx Lønn,Fast Lønn & Sosiale Kostnader - 2026-M08 (ADM),2640116.93,EMP-116,EMP-136,True,OK,2026_UiA_Full_Oct
TX-21524,2026-08-27,2026-M08,Q3,T2,ADM,Fellesadministrasjon & Fellestjenester (ADM),Administrasjon,5000,Fast Lønn & Sosiale Kostnader,5xxx Lønn,Fast Lønn & Sosiale Kostnader - 2026-M08 (ADM),2493286.0,EMP-116,EMP-136,True,OK,2026_UiA_Full_Oct
TX-21525,2026-09-09,2026-M09,Q3,T3,ADM,Fellesadministrasjon & Fellestjenester (ADM),Administrasjon,5000,Fast Lønn & Sosiale Kostnader,5xxx Lønn,Fast Lønn & Sosiale Kostnader - 2026-M09 (ADM),3682651.57,EMP-116,EMP-136,True,OK,2026_UiA_Full_Oct
TX-21526,2026-09-18,2026-M09,Q3,T3,ADM,Fellesadministrasjon & Fellestjenester (ADM),Administrasjon,5000,Fast Lønn & Sosiale Kostnader,5xxx Lønn,Fast Lønn & Sosiale Kostnader - 2026-M09 (ADM),1434353.52,EMP-116,EMP-136,True,OK,2026_UiA_Full_Oct
TX-21527,2026-09-27,2026-M09,Q3,T3,ADM,Fellesadministrasjon & Fellestjenester (ADM),Administrasjon,5000,Fast Lønn & Sosiale Kostnader,5xxx Lønn,Fast Lønn & Sosiale Kostnader - 2026-M09 (ADM),18616760.24,EMP-116,EMP-136,True,OK,2026_UiA_Full_Oct
TX-21528,2026-10-09,2026-M10,Q4,T3,ADM,Fellesadministrasjon & Fellestjenester (ADM),Administrasjon,5000,Fast Lønn & Sosiale Kostnader,5xxx Lønn,Fast Lønn & Sosiale Kostnader - 2026-M10 (ADM),4890237.61,EMP-116,EMP-136,True,OK,2026_UiA_Full_Oct
TX-21529,2026-10-18,2026-M10,Q4,T3,ADM,Fellesadministrasjon & Fellestjenester (ADM),Administrasjon,5000,Fast Lønn & Sosiale Kostnader,5xxx Lønn,Fast Lønn & Sosiale Kostnader - 2026-M10 (ADM),16754200.49,EMP-116,EMP-136,True,OK,2026_UiA_Full_Oct
TX-21530,2026-10-27,2026-M10,Q4,T3,ADM,Fellesadministrasjon & Fellestjenester (ADM),Administrasjon,5000,Fast Lønn & Sosiale Kostnader,5xxx Lønn,Fast Lønn & Sosiale Kostnader - 2026-M10 (ADM),2122677.21,EMP-116,EMP-136,True,OK,2026_UiA_Full_Oct
TX-21531,2026-01-09,2026-M01,Q1,T1,ADM,Fellesadministrasjon & Fellestjenester (ADM),Administrasjon,5330,Sensorhonorar & Timelønnede,5xxx Lønn,Sensorhonorar & Timelønnede - 2026-M01 (ADM),309828.78,EMP-116,EMP-136,True,OK,2026_UiA_Full_Oct
TX-21532,2026-01-18,2026-M01,Q1,T1,ADM,Fellesadministrasjon & Fellestjenester (ADM),Administrasjon,5330,Sensorhonorar & Timelønnede,5xxx Lønn,Sensorhonorar & Timelønnede - 2026-M01 (ADM),421402.39,EMP-116,EMP-136,True,OK,2026_UiA_Full_Oct
TX-21533,2026-01-27,2026-M01,Q1,T1,ADM,Fellesadministrasjon & Fellestjenester (ADM),Administrasjon,5330,Sensorhonorar & Timelønnede,5xxx Lønn,Sensorhonorar & Timelønnede - 2026-M01 (ADM),1459873.24,EMP-116,EMP-136,True,OK,2026_UiA_Full_Oct
TX-21534,2026-02-09,2026-M02,Q1,T1,ADM,Fellesadministrasjon & Fellestjenester (ADM),Administrasjon,5330,Sensorhonorar & Timelønnede,5xxx Lønn,Sensorhonorar & Timelønnede - 2026-M02 (ADM),843357.1,EMP-116,EMP-136,True,OK,2026_UiA_Full_Oct
TX-21535,2026-02-18,2026-M02,Q1,T1,ADM,Fellesadministrasjon & Fellestjenester (ADM),Administrasjon,5330,Sensorhonorar & Timelønnede,5xxx Lønn,Sensorhonorar & Timelønnede - 2026-M02 (ADM),35959.18,EMP-116,EMP-136,True,OK,2026_UiA_Full_Oct
TX-21536,2026-02-27,2026-M02,Q1,T1,ADM,Fellesadministrasjon & Fellestjenester (ADM),Administrasjon,5330,Sensorhonorar & Timelønnede,5xxx Lønn,Sensorhonorar & Timelønnede - 2026-M02 (ADM),1322598.67,EMP-116,EMP-136,True,OK,2026_UiA_Full_Oct
TX-21537,2026-03-09,2026-M03,Q1,T1,ADM,Fellesadministrasjon & Fellestjenester (ADM),Administrasjon,5330,Sensorhonorar & Timelønnede,5xxx Lønn,Sensorhonorar & Timelønnede - 2026-M03 (ADM),1037972.31,EMP-116,EMP-136,True,OK,2026_UiA_Full_Oct
TX-21538,2026-03-18,2026-M03,Q1,T1,ADM,Fellesadministrasjon & Fellestjenester (ADM),Administrasjon,5330,Sensorhonorar & Timelønnede,5xxx Lønn,Sensorhonorar & Timelønnede - 2026-M03 (ADM),430497.74,EMP-116,EMP-136,True,OK,2026_UiA_Full_Oct
TX-21539,2026-03-27,2026-M03,Q1,T1,ADM,Fellesadministrasjon & Fellestjenester (ADM),Administrasjon,5330,Sensorhonorar & Timelønnede,5xxx Lønn,Sensorhonorar & Timelønnede - 2026-M03 (ADM),723025.36,EMP-116,EMP-136,True,OK,2026_UiA_Full_Oct
TX-21540,2026-04-09,2026-M04,Q2,T1,ADM,Fellesadministrasjon & Fellestjenester (ADM),Administrasjon,5330,Sensorhonorar & Timelønnede,5xxx Lønn,Sensorhonorar & Timelønnede - 2026-M04 (ADM),364188.86,EMP-116,EMP-136,True,OK,2026_UiA_Full_Oct
TX-21541,2026-04-18,2026-M04,Q2,T1,ADM,Fellesadministrasjon & Fellestjenester (ADM),Administrasjon,5330,Sensorhonorar & Timelønnede,5xxx Lønn,Sensorhonorar & Timelønnede - 2026-M04 (ADM),1628005.93,EMP-116,EMP-136,True,OK,2026_UiA_Full_Oct
TX-21542,2026-04-27,2026-M04,Q2,T1,ADM,Fellesadministrasjon & Fellestjenester (ADM),Administrasjon,5330,Sensorhonorar & Timelønnede,5xxx Lønn,Sensorhonorar & Timelønnede - 2026-M04 (ADM),222207.23,EMP-116,EMP-136,True,OK,2026_UiA_Full_Oct
TX-21543,2026-05-09,2026-M05,Q2,T2,ADM,Fellesadministrasjon & Fellestjenester (ADM),Administrasjon,5330,Sensorhonorar & Timelønnede,5xxx Lønn,Sensorhonorar & Timelønnede - 2026-M05 (ADM),937745.79,EMP-116,EMP-136,True,OK,2026_UiA_Full_Oct
TX-21544,2026-05-18,2026-M05,Q2,T2,ADM,Fellesadministrasjon & Fellestjenester (ADM),Administrasjon,5330,Sensorhonorar & Timelønnede,5xxx Lønn,Sensorhonorar & Timelønnede - 2026-M05 (ADM),410560.35,EMP-116,EMP-136,True,OK,2026_UiA_Full_Oct
TX-21545,2026-05-27,2026-M05,Q2,T2,ADM,Fellesadministrasjon & Fellestjenester (ADM),Administrasjon,5330,Sensorhonorar & Timelønnede,5xxx Lønn,Sensorhonorar & Timelønnede - 2026-M05 (ADM),834416.9,EMP-116,EMP-136,True,OK,2026_UiA_Full_Oct
TX-21546,2026-06-09,2026-M06,Q2,T2,ADM,Fellesadministrasjon & Fellestjenester (ADM),Administrasjon,5330,Sensorhonorar & Timelønnede,5xxx Lønn,Sensorhonorar & Timelønnede - 2026-M06 (ADM),1031047.48,EMP-116,EMP-136,True,OK,2026_UiA_Full_Oct
TX-21547,2026-06-18,2026-M06,Q2,T2,ADM,Fellesadministrasjon & Fellestjenester (ADM),Administrasjon,5330,Sensorhonorar & Timelønnede,5xxx Lønn,Sensorhonorar & Timelønnede - 2026-M06 (ADM),27258.94,EMP-116,EMP-136,True,OK,2026_UiA_Full_Oct
TX-21548,2026-06-27,2026-M06,Q2,T2,ADM,Fellesadministrasjon & Fellestjenester (ADM),Administrasjon,5330,Sensorhonorar & Timelønnede,5xxx Lønn,Sensorhonorar & Timelønnede - 2026-M06 (ADM),1166665.96,EMP-116,EMP-136,True,OK,2026_UiA_Full_Oct
TX-21549,2026-07-09,2026-M07,Q3,T2,ADM,Fellesadministrasjon & Fellestjenester (ADM),Administrasjon,5330,Sensorhonorar & Timelønnede,5xxx Lønn,Sensorhonorar & Timelønnede - 2026-M07 (ADM),32795.48,EMP-116,EMP-136,True,OK,2026_UiA_Full_Oct
TX-21550,2026-07-18,2026-M07,Q3,T2,ADM,Fellesadministrasjon & Fellestjenester (ADM),Administrasjon,5330,Sensorhonorar & Timelønnede,5xxx Lønn,Sensorhonorar & Timelønnede - 2026-M07 (ADM),567585.31,EMP-116,EMP-136,True,OK,2026_UiA_Full_Oct
TX-21551,2026-07-27,2026-M07,Q3,T2,ADM,Fellesadministrasjon & Fellestjenester (ADM),Administrasjon,5330,Sensorhonorar & Timelønnede,5xxx Lønn,Sensorhonorar & Timelønnede - 2026-M07 (ADM),1611182.11,EMP-116,EMP-136,True,OK,2026_UiA_Full_Oct
TX-21552,2026-08-09,2026-M08,Q3,T2,ADM,Fellesadministrasjon & Fellestjenester (ADM),Administrasjon,5330,Sensorhonorar & Timelønnede,5xxx Lønn,Sensorhonorar & Timelønnede - 2026-M08 (ADM),1396356.17,EMP-116,EMP-136,True,OK,2026_UiA_Full_Oct
TX-21553,2026-08-18,2026-M08,Q3,T2,ADM,Fellesadministrasjon & Fellestjenester (ADM),Administrasjon,5330,Sensorhonorar & Timelønnede,5xxx Lønn,Sensorhonorar & Timelønnede - 2026-M08 (ADM),762258.07,EMP-116,EMP-136,True,OK,2026_UiA_Full_Oct
TX-21554,2026-08-27,2026-M08,Q3,T2,ADM,Fellesadministrasjon & Fellestjenester (ADM),Administrasjon,5330,Sensorhonorar & Timelønnede,5xxx Lønn,Sensorhonorar & Timelønnede - 2026-M08 (ADM),44224.75,EMP-116,EMP-136,True,OK,2026_UiA_Full_Oct
TX-21555,2026-09-09,2026-M09,Q3,T3,ADM,Fellesadministrasjon & Fellestjenester (ADM),Administrasjon,5330,Sensorhonorar & Timelønnede,5xxx Lønn,Sensorhonorar & Timelønnede - 2026-M09 (ADM),923299.0,EMP-116,EMP-136,True,OK,2026_UiA_Full_Oct
TX-21556,2026-09-18,2026-M09,Q3,T3,ADM,Fellesadministrasjon & Fellestjenester (ADM),Administrasjon,5330,Sensorhonorar & Timelønnede,5xxx Lønn,Sensorhonorar & Timelønnede - 2026-M09 (ADM),986304.2,EMP-116,EMP-136,True,OK,2026_UiA_Full_Oct
TX-21557,2026-09-27,2026-M09,Q3,T3,ADM,Fellesadministrasjon & Fellestjenester (ADM),Administrasjon,5330,Sensorhonorar & Timelønnede,5xxx Lønn,Sensorhonorar & Timelønnede - 2026-M09 (ADM),276648.15,EMP-116,EMP-136,True,OK,2026_UiA_Full_Oct
TX-21558,2026-10-09,2026-M10,Q4,T3,ADM,Fellesadministrasjon & Fellestjenester (ADM),Administrasjon,5330,Sensorhonorar & Timelønnede,5xxx Lønn,Sensorhonorar & Timelønnede - 2026-M10 (ADM),152661.85,EMP-116,EMP-136,True,OK,2026_UiA_Full_Oct
TX-21559,2026-10-18,2026-M10,Q4,T3,ADM,Fellesadministrasjon & Fellestjenester (ADM),Administrasjon,5330,Sensorhonorar & Timelønnede,5xxx Lønn,Sensorhonorar & Timelønnede - 2026-M10 (ADM),850158.15,EMP-116,EMP-136,True,OK,2026_UiA_Full_Oct
TX-21560,2026-10-27,2026-M10,Q4,T3,ADM,Fellesadministrasjon & Fellestjenester (ADM),Administrasjon,5330,Sensorhonorar & Timelønnede,5xxx Lønn,Sensorhonorar & Timelønnede - 2026-M10 (ADM),1214314.6,EMP-116,EMP-136,True,OK,2026_UiA_Full_Oct
TX-21561,2026-01-09,2026-M01,Q1,T1,ADM,Fellesadministrasjon & Fellestjenester (ADM),Administrasjon,6000,Husleie & Eiendomsdrift,6xxx Drift,Husleie & Eiendomsdrift - 2026-M01 (ADM),688447.75,EMP-116,EMP-136,True,OK,2026_UiA_Full_Oct
TX-21562,2026-01-18,2026-M01,Q1,T1,ADM,Fellesadministrasjon & Fellestjenester (ADM),Administrasjon,6000,Husleie & Eiendomsdrift,6xxx Drift,Husleie & Eiendomsdrift - 2026-M01 (ADM),2509019.63,EMP-116,EMP-136,True,OK,2026_UiA_Full_Oct
TX-21563,2026-01-27,2026-M01,Q1,T1,ADM,Fellesadministrasjon & Fellestjenester (ADM),Administrasjon,6000,Husleie & Eiendomsdrift,6xxx Drift,Husleie & Eiendomsdrift - 2026-M01 (ADM),1987225.13,EMP-116,EMP-136,True,OK,2026_UiA_Full_Oct
TX-21564,2026-02-09,2026-M02,Q1,T1,ADM,Fellesadministrasjon & Fellestjenester (ADM),Administrasjon,6000,Husleie & Eiendomsdrift,6xxx Drift,Husleie & Eiendomsdrift - 2026-M02 (ADM),61228.63,EMP-116,EMP-136,True,OK,2026_UiA_Full_Oct
TX-21565,2026-02-18,2026-M02,Q1,T1,ADM,Fellesadministrasjon & Fellestjenester (ADM),Administrasjon,6000,Husleie & Eiendomsdrift,6xxx Drift,Husleie & Eiendomsdrift - 2026-M02 (ADM),1550230.62,EMP-116,EMP-136,True,OK,2026_UiA_Full_Oct
TX-21566,2026-02-27,2026-M02,Q1,T1,ADM,Fellesadministrasjon & Fellestjenester (ADM),Administrasjon,6000,Husleie & Eiendomsdrift,6xxx Drift,Husleie & Eiendomsdrift - 2026-M02 (ADM),3599638.67,EMP-116,EMP-136,True,OK,2026_UiA_Full_Oct
TX-21567,2026-03-09,2026-M03,Q1,T1,ADM,Fellesadministrasjon & Fellestjenester (ADM),Administrasjon,6000,Husleie & Eiendomsdrift,6xxx Drift,Husleie & Eiendomsdrift - 2026-M03 (ADM),3187379.04,EMP-116,EMP-136,True,OK,2026_UiA_Full_Oct
TX-21568,2026-03-18,2026-M03,Q1,T1,ADM,Fellesadministrasjon & Fellestjenester (ADM),Administrasjon,6000,Husleie & Eiendomsdrift,6xxx Drift,Husleie & Eiendomsdrift - 2026-M03 (ADM),1079613.23,EMP-116,EMP-136,True,OK,2026_UiA_Full_Oct
TX-21569,2026-03-27,2026-M03,Q1,T1,ADM,Fellesadministrasjon & Fellestjenester (ADM),Administrasjon,6000,Husleie & Eiendomsdrift,6xxx Drift,Husleie & Eiendomsdrift - 2026-M03 (ADM),887632.05,EMP-116,EMP-136,True,OK,2026_UiA_Full_Oct
TX-21570,2026-04-09,2026-M04,Q2,T1,ADM,Fellesadministrasjon & Fellestjenester (ADM),Administrasjon,6000,Husleie & Eiendomsdrift,6xxx Drift,Husleie & Eiendomsdrift - 2026-M04 (ADM),170002.83,EMP-116,EMP-136,True,OK,2026_UiA_Full_Oct
TX-21571,2026-04-18,2026-M04,Q2,T1,ADM,Fellesadministrasjon & Fellestjenester (ADM),Administrasjon,6000,Husleie & Eiendomsdrift,6xxx Drift,Husleie & Eiendomsdrift - 2026-M04 (ADM),3191801.15,EMP-116,EMP-136,True,OK,2026_UiA_Full_Oct
TX-21572,2026-04-27,2026-M04,Q2,T1,ADM,Fellesadministrasjon & Fellestjenester (ADM),Administrasjon,6000,Husleie & Eiendomsdrift,6xxx Drift,Husleie & Eiendomsdrift - 2026-M04 (ADM),1774928.52,EMP-116,EMP-136,True,OK,2026_UiA_Full_Oct
TX-21573,2026-05-09,2026-M05,Q2,T2,ADM,Fellesadministrasjon & Fellestjenester (ADM),Administrasjon,6000,Husleie & Eiendomsdrift,6xxx Drift,Husleie & Eiendomsdrift - 2026-M05 (ADM),2569869.44,EMP-116,EMP-136,True,OK,2026_UiA_Full_Oct
TX-21574,2026-05-18,2026-M05,Q2,T2,ADM,Fellesadministrasjon & Fellestjenester (ADM),Administrasjon,6000,Husleie & Eiendomsdrift,6xxx Drift,Husleie & Eiendomsdrift - 2026-M05 (ADM),150236.09,EMP-116,EMP-136,True,OK,2026_UiA_Full_Oct
TX-21575,2026-05-27,2026-M05,Q2,T2,ADM,Fellesadministrasjon & Fellestjenester (ADM),Administrasjon,6000,Husleie & Eiendomsdrift,6xxx Drift,Husleie & Eiendomsdrift - 2026-M05 (ADM),2478440.21,EMP-116,EMP-136,True,OK,2026_UiA_Full_Oct
TX-21576,2026-06-09,2026-M06,Q2,T2,ADM,Fellesadministrasjon & Fellestjenester (ADM),Administrasjon,6000,Husleie & Eiendomsdrift,6xxx Drift,Husleie & Eiendomsdrift - 2026-M06 (ADM),1283814.21,EMP-116,EMP-136,True,OK,2026_UiA_Full_Oct
TX-21577,2026-06-18,2026-M06,Q2,T2,ADM,Fellesadministrasjon & Fellestjenester (ADM),Administrasjon,6000,Husleie & Eiendomsdrift,6xxx Drift,Husleie & Eiendomsdrift - 2026-M06 (ADM),1260600.43,EMP-116,EMP-136,True,OK,2026_UiA_Full_Oct
TX-21578,2026-06-27,2026-M06,Q2,T2,ADM,Fellesadministrasjon & Fellestjenester (ADM),Administrasjon,6000,Husleie & Eiendomsdrift,6xxx Drift,Husleie & Eiendomsdrift - 2026-M06 (ADM),2535574.62,EMP-116,EMP-136,True,OK,2026_UiA_Full_Oct
TX-21579,2026-07-09,2026-M07,Q3,T2,ADM,Fellesadministrasjon & Fellestjenester (ADM),Administrasjon,6000,Husleie & Eiendomsdrift,6xxx Drift,Husleie & Eiendomsdrift - 2026-M07 (ADM),5012571.22,EMP-116,EMP-136,True,OK,2026_UiA_Full_Oct
TX-21580,2026-07-18,2026-M07,Q3,T2,ADM,Fellesadministrasjon & Fellestjenester (ADM),Administrasjon,6000,Husleie & Eiendomsdrift,6xxx Drift,Husleie & Eiendomsdrift - 2026-M07 (ADM),27373.42,EMP-116,EMP-136,True,OK,2026_UiA_Full_Oct
TX-21581,2026-07-27,2026-M07,Q3,T2,ADM,Fellesadministrasjon & Fellestjenester (ADM),Administrasjon,6000,Husleie & Eiendomsdrift,6xxx Drift,Husleie & Eiendomsdrift - 2026-M07 (ADM),159441.3,EMP-116,EMP-136,True,OK,2026_UiA_Full_Oct
TX-21582,2026-08-09,2026-M08,Q3,T2,ADM,Fellesadministrasjon & Fellestjenester (ADM),Administrasjon,6000,Husleie & Eiendomsdrift,6xxx Drift,Husleie & Eiendomsdrift - 2026-M08 (ADM),6863.27,EMP-116,EMP-136,True,OK,2026_UiA_Full_Oct
TX-21583,2026-08-18,2026-M08,Q3,T2,ADM,Fellesadministrasjon & Fellestjenester (ADM),Administrasjon,6000,Husleie & Eiendomsdrift,6xxx Drift,Husleie & Eiendomsdrift - 2026-M08 (ADM),4872679.83,EMP-116,EMP-136,True,OK,2026_UiA_Full_Oct
TX-21584,2026-08-27,2026-M08,Q3,T2,ADM,Fellesadministrasjon & Fellestjenester (ADM),Administrasjon,6000,Husleie & Eiendomsdrift,6xxx Drift,Husleie & Eiendomsdrift - 2026-M08 (ADM),258320.81,EMP-116,EMP-136,True,OK,2026_UiA_Full_Oct
TX-21585,2026-09-09,2026-M09,Q3,T3,ADM,Fellesadministrasjon & Fellestjenester (ADM),Administrasjon,6000,Husleie & Eiendomsdrift,6xxx Drift,Husleie & Eiendomsdrift - 2026-M09 (ADM),2676862.74,EMP-116,EMP-136,True,OK,2026_UiA_Full_Oct
TX-21586,2026-09-18,2026-M09,Q3,T3,ADM,Fellesadministrasjon & Fellestjenester (ADM),Administrasjon,6000,Husleie & Eiendomsdrift,6xxx Drift,Husleie & Eiendomsdrift - 2026-M09 (ADM),1730575.31,EMP-116,EMP-136,True,OK,2026_UiA_Full_Oct
TX-21587,2026-09-27,2026-M09,Q3,T3,ADM,Fellesadministrasjon & Fellestjenester (ADM),Administrasjon,6000,Husleie & Eiendomsdrift,6xxx Drift,Husleie & Eiendomsdrift - 2026-M09 (ADM),702948.16,EMP-116,EMP-136,True,OK,2026_UiA_Full_Oct
TX-21588,2026-10-09,2026-M10,Q4,T3,ADM,Fellesadministrasjon & Fellestjenester (ADM),Administrasjon,6000,Husleie & Eiendomsdrift,6xxx Drift,Husleie & Eiendomsdrift - 2026-M10 (ADM),2174386.76,EMP-116,EMP-136,True,OK,2026_UiA_Full_Oct
TX-21589,2026-10-18,2026-M10,Q4,T3,ADM,Fellesadministrasjon & Fellestjenester (ADM),Administrasjon,6000,Husleie & Eiendomsdrift,6xxx Drift,Husleie & Eiendomsdrift - 2026-M10 (ADM),123381.74,EMP-116,EMP-136,True,OK,2026_UiA_Full_Oct
TX-21590,2026-10-27,2026-M10,Q4,T3,ADM,Fellesadministrasjon & Fellestjenester (ADM),Administrasjon,6000,Husleie & Eiendomsdrift,6xxx Drift,Husleie & Eiendomsdrift - 2026-M10 (ADM),2874722.62,EMP-116,EMP-136,True,OK,2026_UiA_Full_Oct
TX-21591,2026-01-09,2026-M01,Q1,T1,ADM,Fellesadministrasjon & Fellestjenester (ADM),Administrasjon,6800,"IKT, Rekvisita & Utstyr",6xxx Drift,"IKT, Rekvisita & Utstyr - 2026-M01 (ADM)",92260.58,EMP-116,EMP-136,True,OK,2026_UiA_Full_Oct
TX-21592,2026-01-18,2026-M01,Q1,T1,ADM,Fellesadministrasjon & Fellestjenester (ADM),Administrasjon,6800,"IKT, Rekvisita & Utstyr",6xxx Drift,"IKT, Rekvisita & Utstyr - 2026-M01 (ADM)",926353.29,EMP-116,EMP-136,True,OK,2026_UiA_Full_Oct
TX-21593,2026-01-27,2026-M01,Q1,T1,ADM,Fellesadministrasjon & Fellestjenester (ADM),Administrasjon,6800,"IKT, Rekvisita & Utstyr",6xxx Drift,"IKT, Rekvisita & Utstyr - 2026-M01 (ADM)",1907714.69,EMP-116,EMP-136,True,OK,2026_UiA_Full_Oct
TX-21594,2026-02-09,2026-M02,Q1,T1,ADM,Fellesadministrasjon & Fellestjenester (ADM),Administrasjon,6800,"IKT, Rekvisita & Utstyr",6xxx Drift,"IKT, Rekvisita & Utstyr - 2026-M02 (ADM)",1522636.13,EMP-116,EMP-136,True,OK,2026_UiA_Full_Oct
TX-21595,2026-02-18,2026-M02,Q1,T1,ADM,Fellesadministrasjon & Fellestjenester (ADM),Administrasjon,6800,"IKT, Rekvisita & Utstyr",6xxx Drift,"IKT, Rekvisita & Utstyr - 2026-M02 (ADM)",1217934.69,EMP-116,EMP-136,True,OK,2026_UiA_Full_Oct
TX-21596,2026-02-27,2026-M02,Q1,T1,ADM,Fellesadministrasjon & Fellestjenester (ADM),Administrasjon,6800,"IKT, Rekvisita & Utstyr",6xxx Drift,"IKT, Rekvisita & Utstyr - 2026-M02 (ADM)",189232.02,EMP-116,EMP-136,True,OK,2026_UiA_Full_Oct
TX-21597,2026-03-09,2026-M03,Q1,T1,ADM,Fellesadministrasjon & Fellestjenester (ADM),Administrasjon,6800,"IKT, Rekvisita & Utstyr",6xxx Drift,"IKT, Rekvisita & Utstyr - 2026-M03 (ADM)",235758.51,EMP-116,EMP-136,True,OK,2026_UiA_Full_Oct
TX-21598,2026-03-18,2026-M03,Q1,T1,ADM,Fellesadministrasjon & Fellestjenester (ADM),Administrasjon,6800,"IKT, Rekvisita & Utstyr",6xxx Drift,"IKT, Rekvisita & Utstyr - 2026-M03 (ADM)",1249388.45,EMP-116,EMP-136,True,OK,2026_UiA_Full_Oct
TX-21599,2026-03-27,2026-M03,Q1,T1,ADM,Fellesadministrasjon & Fellestjenester (ADM),Administrasjon,6800,"IKT, Rekvisita & Utstyr",6xxx Drift,"IKT, Rekvisita & Utstyr - 2026-M03 (ADM)",1416141.01,EMP-116,EMP-136,True,OK,2026_UiA_Full_Oct
TX-21600,2026-04-09,2026-M04,Q2,T1,ADM,Fellesadministrasjon & Fellestjenester (ADM),Administrasjon,6800,"IKT, Rekvisita & Utstyr",6xxx Drift,"IKT, Rekvisita & Utstyr - 2026-M04 (ADM)",2519990.91,EMP-116,EMP-136,True,OK,2026_UiA_Full_Oct
TX-21601,2026-04-18,2026-M04,Q2,T1,ADM,Fellesadministrasjon & Fellestjenester (ADM),Administrasjon,6800,"IKT, Rekvisita & Utstyr",6xxx Drift,"IKT, Rekvisita & Utstyr - 2026-M04 (ADM)",289768.11,EMP-116,EMP-136,True,OK,2026_UiA_Full_Oct
TX-21602,2026-04-27,2026-M04,Q2,T1,ADM,Fellesadministrasjon & Fellestjenester (ADM),Administrasjon,6800,"IKT, Rekvisita & Utstyr",6xxx Drift,"IKT, Rekvisita & Utstyr - 2026-M04 (ADM)",117150.16,EMP-116,EMP-136,True,OK,2026_UiA_Full_Oct
TX-21603,2026-05-09,2026-M05,Q2,T2,ADM,Fellesadministrasjon & Fellestjenester (ADM),Administrasjon,6800,"IKT, Rekvisita & Utstyr",6xxx Drift,"IKT, Rekvisita & Utstyr - 2026-M05 (ADM)",984077.01,EMP-116,EMP-136,True,OK,2026_UiA_Full_Oct
TX-21604,2026-05-18,2026-M05,Q2,T2,ADM,Fellesadministrasjon & Fellestjenester (ADM),Administrasjon,6800,"IKT, Rekvisita & Utstyr",6xxx Drift,"IKT, Rekvisita & Utstyr - 2026-M05 (ADM)",860345.57,EMP-116,EMP-136,True,OK,2026_UiA_Full_Oct
TX-21605,2026-05-27,2026-M05,Q2,T2,ADM,Fellesadministrasjon & Fellestjenester (ADM),Administrasjon,6800,"IKT, Rekvisita & Utstyr",6xxx Drift,"IKT, Rekvisita & Utstyr - 2026-M05 (ADM)",1053954.64,EMP-116,EMP-136,True,OK,2026_UiA_Full_Oct
TX-21606,2026-06-09,2026-M06,Q2,T2,ADM,Fellesadministrasjon & Fellestjenester (ADM),Administrasjon,6800,"IKT, Rekvisita & Utstyr",6xxx Drift,"IKT, Rekvisita & Utstyr - 2026-M06 (ADM)",938169.88,EMP-116,EMP-136,True,OK,2026_UiA_Full_Oct
TX-21607,2026-06-18,2026-M06,Q2,T2,ADM,Fellesadministrasjon & Fellestjenester (ADM),Administrasjon,6800,"IKT, Rekvisita & Utstyr",6xxx Drift,"IKT, Rekvisita & Utstyr - 2026-M06 (ADM)",761824.65,EMP-116,EMP-136,True,OK,2026_UiA_Full_Oct
TX-21608,2026-06-27,2026-M06,Q2,T2,ADM,Fellesadministrasjon & Fellestjenester (ADM),Administrasjon,6800,"IKT, Rekvisita & Utstyr",6xxx Drift,"IKT, Rekvisita & Utstyr - 2026-M06 (ADM)",1216084.48,EMP-116,EMP-136,True,OK,2026_UiA_Full_Oct
TX-21609,2026-07-09,2026-M07,Q3,T2,ADM,Fellesadministrasjon & Fellestjenester (ADM),Administrasjon,6800,"IKT, Rekvisita & Utstyr",6xxx Drift,"IKT, Rekvisita & Utstyr - 2026-M07 (ADM)",1559569.08,EMP-116,EMP-136,True,OK,2026_UiA_Full_Oct
TX-21610,2026-07-18,2026-M07,Q3,T2,ADM,Fellesadministrasjon & Fellestjenester (ADM),Administrasjon,6800,"IKT, Rekvisita & Utstyr",6xxx Drift,"IKT, Rekvisita & Utstyr - 2026-M07 (ADM)",949718.9,EMP-116,EMP-136,True,OK,2026_UiA_Full_Oct
TX-21611,2026-07-27,2026-M07,Q3,T2,ADM,Fellesadministrasjon & Fellestjenester (ADM),Administrasjon,6800,"IKT, Rekvisita & Utstyr",6xxx Drift,"IKT, Rekvisita & Utstyr - 2026-M07 (ADM)",462363.98,EMP-116,EMP-136,True,OK,2026_UiA_Full_Oct
TX-21612,2026-08-09,2026-M08,Q3,T2,ADM,Fellesadministrasjon & Fellestjenester (ADM),Administrasjon,6800,"IKT, Rekvisita & Utstyr",6xxx Drift,"IKT, Rekvisita & Utstyr - 2026-M08 (ADM)",831241.09,EMP-116,EMP-136,True,OK,2026_UiA_Full_Oct
TX-21613,2026-08-18,2026-M08,Q3,T2,ADM,Fellesadministrasjon & Fellestjenester (ADM),Administrasjon,6800,"IKT, Rekvisita & Utstyr",6xxx Drift,"IKT, Rekvisita & Utstyr - 2026-M08 (ADM)",1139390.45,EMP-116,EMP-136,False,BRUDD: Mangler kvittering (>100 NOK),2026_UiA_Full_Oct
TX-21614,2026-08-27,2026-M08,Q3,T2,ADM,Fellesadministrasjon & Fellestjenester (ADM),Administrasjon,6800,"IKT, Rekvisita & Utstyr",6xxx Drift,"IKT, Rekvisita & Utstyr - 2026-M08 (ADM)",962004.76,EMP-116,EMP-136,True,OK,2026_UiA_Full_Oct
TX-21615,2026-09-09,2026-M09,Q3,T3,ADM,Fellesadministrasjon & Fellestjenester (ADM),Administrasjon,6800,"IKT, Rekvisita & Utstyr",6xxx Drift,"IKT, Rekvisita & Utstyr - 2026-M09 (ADM)",1643273.09,EMP-116,EMP-136,True,OK,2026_UiA_Full_Oct
TX-21616,2026-09-18,2026-M09,Q3,T3,ADM,Fellesadministrasjon & Fellestjenester (ADM),Administrasjon,6800,"IKT, Rekvisita & Utstyr",6xxx Drift,"IKT, Rekvisita & Utstyr - 2026-M09 (ADM)",792983.29,EMP-116,EMP-116,True,BRUDD: Egengodkjent (BDM == Attestant),2026_UiA_Full_Oct
TX-21617,2026-09-27,2026-M09,Q3,T3,ADM,Fellesadministrasjon & Fellestjenester (ADM),Administrasjon,6800,"IKT, Rekvisita & Utstyr",6xxx Drift,"IKT, Rekvisita & Utstyr - 2026-M09 (ADM)",489573.1,EMP-116,EMP-136,True,OK,2026_UiA_Full_Oct
TX-21618,2026-10-09,2026-M10,Q4,T3,ADM,Fellesadministrasjon & Fellestjenester (ADM),Administrasjon,6800,"IKT, Rekvisita & Utstyr",6xxx Drift,"IKT, Rekvisita & Utstyr - 2026-M10 (ADM)",1172743.53,EMP-116,EMP-136,True,OK,2026_UiA_Full_Oct
TX-21619,2026-10-18,2026-M10,Q4,T3,ADM,Fellesadministrasjon & Fellestjenester (ADM),Administrasjon,6800,"IKT, Rekvisita & Utstyr",6xxx Drift,"IKT, Rekvisita & Utstyr - 2026-M10 (ADM)",1245692.41,EMP-116,EMP-136,True,OK,2026_UiA_Full_Oct
TX-21620,2026-10-27,2026-M10,Q4,T3,ADM,Fellesadministrasjon & Fellestjenester (ADM),Administrasjon,6800,"IKT, Rekvisita & Utstyr",6xxx Drift,"IKT, Rekvisita & Utstyr - 2026-M10 (ADM)",515191.67,EMP-116,EMP-116,True,BRUDD: Egengodkjent (BDM == Attestant),2026_UiA_Full_Oct
TX-21621,2026-01-09,2026-M01,Q1,T1,ADM,Fellesadministrasjon & Fellestjenester (ADM),Administrasjon,7100,Reise & Representasjon,7xxx Reiser,Reise & Representasjon - 2026-M01 (ADM),32962.54,EMP-116,EMP-136,True,OK,2026_UiA_Full_Oct
TX-21622,2026-01-18,2026-M01,Q1,T1,ADM,Fellesadministrasjon & Fellestjenester (ADM),Administrasjon,7100,Reise & Representasjon,7xxx Reiser,Reise & Representasjon - 2026-M01 (ADM),1222424.43,EMP-116,EMP-136,True,OK,2026_UiA_Full_Oct
TX-21623,2026-01-27,2026-M01,Q1,T1,ADM,Fellesadministrasjon & Fellestjenester (ADM),Administrasjon,7100,Reise & Representasjon,7xxx Reiser,Reise & Representasjon - 2026-M01 (ADM),572183.03,EMP-116,EMP-136,True,OK,2026_UiA_Full_Oct
TX-21624,2026-02-09,2026-M02,Q1,T1,ADM,Fellesadministrasjon & Fellestjenester (ADM),Administrasjon,7100,Reise & Representasjon,7xxx Reiser,Reise & Representasjon - 2026-M02 (ADM),385503.27,EMP-116,EMP-136,False,BRUDD: Mangler kvittering (>100 NOK),2026_UiA_Full_Oct
TX-21625,2026-02-18,2026-M02,Q1,T1,ADM,Fellesadministrasjon & Fellestjenester (ADM),Administrasjon,7100,Reise & Representasjon,7xxx Reiser,Reise & Representasjon - 2026-M02 (ADM),1301776.42,EMP-116,EMP-136,True,OK,2026_UiA_Full_Oct
TX-21626,2026-02-27,2026-M02,Q1,T1,ADM,Fellesadministrasjon & Fellestjenester (ADM),Administrasjon,7100,Reise & Representasjon,7xxx Reiser,Reise & Representasjon - 2026-M02 (ADM),160302.5,EMP-116,EMP-136,True,OK,2026_UiA_Full_Oct
TX-21627,2026-03-09,2026-M03,Q1,T1,ADM,Fellesadministrasjon & Fellestjenester (ADM),Administrasjon,7100,Reise & Representasjon,7xxx Reiser,Reise & Representasjon - 2026-M03 (ADM),377225.63,EMP-116,EMP-136,True,OK,2026_UiA_Full_Oct
TX-21628,2026-03-18,2026-M03,Q1,T1,ADM,Fellesadministrasjon & Fellestjenester (ADM),Administrasjon,7100,Reise & Representasjon,7xxx Reiser,Reise & Representasjon - 2026-M03 (ADM),1278206.37,EMP-116,EMP-136,True,OK,2026_UiA_Full_Oct
TX-21629,2026-03-27,2026-M03,Q1,T1,ADM,Fellesadministrasjon & Fellestjenester (ADM),Administrasjon,7100,Reise & Representasjon,7xxx Reiser,Reise & Representasjon - 2026-M03 (ADM),185984.37,EMP-116,EMP-136,True,OK,2026_UiA_Full_Oct
TX-21630,2026-04-09,2026-M04,Q2,T1,ADM,Fellesadministrasjon & Fellestjenester (ADM),Administrasjon,7100,Reise & Representasjon,7xxx Reiser,Reise & Representasjon - 2026-M04 (ADM),1340020.29,EMP-116,EMP-136,True,OK,2026_UiA_Full_Oct
TX-21631,2026-04-18,2026-M04,Q2,T1,ADM,Fellesadministrasjon & Fellestjenester (ADM),Administrasjon,7100,Reise & Representasjon,7xxx Reiser,Reise & Representasjon - 2026-M04 (ADM),190025.93,EMP-116,EMP-136,True,OK,2026_UiA_Full_Oct
TX-21632,2026-04-27,2026-M04,Q2,T1,ADM,Fellesadministrasjon & Fellestjenester (ADM),Administrasjon,7100,Reise & Representasjon,7xxx Reiser,Reise & Representasjon - 2026-M04 (ADM),328171.24,EMP-116,EMP-136,True,OK,2026_UiA_Full_Oct
TX-21633,2026-05-09,2026-M05,Q2,T2,ADM,Fellesadministrasjon & Fellestjenester (ADM),Administrasjon,7100,Reise & Representasjon,7xxx Reiser,Reise & Representasjon - 2026-M05 (ADM),1324215.42,EMP-116,EMP-116,True,BRUDD: Egengodkjent (BDM == Attestant),2026_UiA_Full_Oct
TX-21634,2026-05-18,2026-M05,Q2,T2,ADM,Fellesadministrasjon & Fellestjenester (ADM),Administrasjon,7100,Reise & Representasjon,7xxx Reiser,Reise & Representasjon - 2026-M05 (ADM),469511.24,EMP-116,EMP-136,True,OK,2026_UiA_Full_Oct
TX-21635,2026-05-27,2026-M05,Q2,T2,ADM,Fellesadministrasjon & Fellestjenester (ADM),Administrasjon,7100,Reise & Representasjon,7xxx Reiser,Reise & Representasjon - 2026-M05 (ADM),24963.51,EMP-116,EMP-136,True,OK,2026_UiA_Full_Oct
TX-21636,2026-06-09,2026-M06,Q2,T2,ADM,Fellesadministrasjon & Fellestjenester (ADM),Administrasjon,7100,Reise & Representasjon,7xxx Reiser,Reise & Representasjon - 2026-M06 (ADM),487789.86,EMP-116,EMP-136,True,OK,2026_UiA_Full_Oct
TX-21637,2026-06-18,2026-M06,Q2,T2,ADM,Fellesadministrasjon & Fellestjenester (ADM),Administrasjon,7100,Reise & Representasjon,7xxx Reiser,Reise & Representasjon - 2026-M06 (ADM),987191.45,EMP-116,EMP-136,True,OK,2026_UiA_Full_Oct
TX-21638,2026-06-27,2026-M06,Q2,T2,ADM,Fellesadministrasjon & Fellestjenester (ADM),Administrasjon,7100,Reise & Representasjon,7xxx Reiser,Reise & Representasjon - 2026-M06 (ADM),377085.04,EMP-116,EMP-136,True,OK,2026_UiA_Full_Oct
TX-21639,2026-07-09,2026-M07,Q3,T2,ADM,Fellesadministrasjon & Fellestjenester (ADM),Administrasjon,7100,Reise & Representasjon,7xxx Reiser,Reise & Representasjon - 2026-M07 (ADM),704152.19,EMP-116,EMP-136,True,OK,2026_UiA_Full_Oct
TX-21640,2026-07-18,2026-M07,Q3,T2,ADM,Fellesadministrasjon & Fellestjenester (ADM),Administrasjon,7100,Reise & Representasjon,7xxx Reiser,Reise & Representasjon - 2026-M07 (ADM),751412.45,EMP-116,EMP-136,True,OK,2026_UiA_Full_Oct
TX-21641,2026-07-27,2026-M07,Q3,T2,ADM,Fellesadministrasjon & Fellestjenester (ADM),Administrasjon,7100,Reise & Representasjon,7xxx Reiser,Reise & Representasjon - 2026-M07 (ADM),353356.07,EMP-116,EMP-136,False,BRUDD: Mangler kvittering (>100 NOK),2026_UiA_Full_Oct
TX-21642,2026-08-09,2026-M08,Q3,T2,ADM,Fellesadministrasjon & Fellestjenester (ADM),Administrasjon,7100,Reise & Representasjon,7xxx Reiser,Reise & Representasjon - 2026-M08 (ADM),649596.23,EMP-116,EMP-136,True,OK,2026_UiA_Full_Oct
TX-21643,2026-08-18,2026-M08,Q3,T2,ADM,Fellesadministrasjon & Fellestjenester (ADM),Administrasjon,7100,Reise & Representasjon,7xxx Reiser,Reise & Representasjon - 2026-M08 (ADM),426713.51,EMP-116,EMP-136,True,OK,2026_UiA_Full_Oct
TX-21644,2026-08-27,2026-M08,Q3,T2,ADM,Fellesadministrasjon & Fellestjenester (ADM),Administrasjon,7100,Reise & Representasjon,7xxx Reiser,Reise & Representasjon - 2026-M08 (ADM),776545.88,EMP-116,EMP-136,True,OK,2026_UiA_Full_Oct
TX-21645,2026-09-09,2026-M09,Q3,T3,ADM,Fellesadministrasjon & Fellestjenester (ADM),Administrasjon,7100,Reise & Representasjon,7xxx Reiser,Reise & Representasjon - 2026-M09 (ADM),296125.73,EMP-116,EMP-136,True,OK,2026_UiA_Full_Oct
TX-21646,2026-09-18,2026-M09,Q3,T3,ADM,Fellesadministrasjon & Fellestjenester (ADM),Administrasjon,7100,Reise & Representasjon,7xxx Reiser,Reise & Representasjon - 2026-M09 (ADM),564572.55,EMP-116,EMP-136,True,OK,2026_UiA_Full_Oct
TX-21647,2026-09-27,2026-M09,Q3,T3,ADM,Fellesadministrasjon & Fellestjenester (ADM),Administrasjon,7100,Reise & Representasjon,7xxx Reiser,Reise & Representasjon - 2026-M09 (ADM),969246.75,EMP-116,EMP-136,True,OK,2026_UiA_Full_Oct
TX-21648,2026-10-09,2026-M10,Q4,T3,ADM,Fellesadministrasjon & Fellestjenester (ADM),Administrasjon,7100,Reise & Representasjon,7xxx Reiser,Reise & Representasjon - 2026-M10 (ADM),413777.72,EMP-116,EMP-136,True,OK,2026_UiA_Full_Oct
TX-21649,2026-10-18,2026-M10,Q4,T3,ADM,Fellesadministrasjon & Fellestjenester (ADM),Administrasjon,7100,Reise & Representasjon,7xxx Reiser,Reise & Representasjon - 2026-M10 (ADM),999847.52,EMP-116,EMP-136,True,OK,2026_UiA_Full_Oct
TX-21650,2026-10-27,2026-M10,Q4,T3,ADM,Fellesadministrasjon & Fellestjenester (ADM),Administrasjon,7100,Reise & Representasjon,7xxx Reiser,Reise & Representasjon - 2026-M10 (ADM),405632.33,EMP-116,EMP-136,True,OK,2026_UiA_Full_Oct
TX-21651,2026-01-09,2026-M01,Q1,T1,ADM,Fellesadministrasjon & Fellestjenester (ADM),Administrasjon,7800,Andre Driftskostnader & Konsulenter,7xxx Reiser,Andre Driftskostnader & Konsulenter - 2026-M01 (ADM),331929.86,EMP-116,EMP-136,True,OK,2026_UiA_Full_Oct
TX-21652,2026-01-18,2026-M01,Q1,T1,ADM,Fellesadministrasjon & Fellestjenester (ADM),Administrasjon,7800,Andre Driftskostnader & Konsulenter,7xxx Reiser,Andre Driftskostnader & Konsulenter - 2026-M01 (ADM),120236.81,EMP-116,EMP-136,True,OK,2026_UiA_Full_Oct
TX-21653,2026-01-27,2026-M01,Q1,T1,ADM,Fellesadministrasjon & Fellestjenester (ADM),Administrasjon,7800,Andre Driftskostnader & Konsulenter,7xxx Reiser,Andre Driftskostnader & Konsulenter - 2026-M01 (ADM),648742.32,EMP-116,EMP-136,True,OK,2026_UiA_Full_Oct
TX-21654,2026-02-09,2026-M02,Q1,T1,ADM,Fellesadministrasjon & Fellestjenester (ADM),Administrasjon,7800,Andre Driftskostnader & Konsulenter,7xxx Reiser,Andre Driftskostnader & Konsulenter - 2026-M02 (ADM),237041.07,EMP-116,EMP-136,True,OK,2026_UiA_Full_Oct
TX-21655,2026-02-18,2026-M02,Q1,T1,ADM,Fellesadministrasjon & Fellestjenester (ADM),Administrasjon,7800,Andre Driftskostnader & Konsulenter,7xxx Reiser,Andre Driftskostnader & Konsulenter - 2026-M02 (ADM),700909.72,EMP-116,EMP-136,True,OK,2026_UiA_Full_Oct
TX-21656,2026-02-27,2026-M02,Q1,T1,ADM,Fellesadministrasjon & Fellestjenester (ADM),Administrasjon,7800,Andre Driftskostnader & Konsulenter,7xxx Reiser,Andre Driftskostnader & Konsulenter - 2026-M02 (ADM),148756.22,EMP-116,EMP-136,True,OK,2026_UiA_Full_Oct
TX-21657,2026-03-09,2026-M03,Q1,T1,ADM,Fellesadministrasjon & Fellestjenester (ADM),Administrasjon,7800,Andre Driftskostnader & Konsulenter,7xxx Reiser,Andre Driftskostnader & Konsulenter - 2026-M03 (ADM),180453.3,EMP-116,EMP-136,True,OK,2026_UiA_Full_Oct
TX-21658,2026-03-18,2026-M03,Q1,T1,ADM,Fellesadministrasjon & Fellestjenester (ADM),Administrasjon,7800,Andre Driftskostnader & Konsulenter,7xxx Reiser,Andre Driftskostnader & Konsulenter - 2026-M03 (ADM),363177.09,EMP-116,EMP-136,True,OK,2026_UiA_Full_Oct
TX-21659,2026-03-27,2026-M03,Q1,T1,ADM,Fellesadministrasjon & Fellestjenester (ADM),Administrasjon,7800,Andre Driftskostnader & Konsulenter,7xxx Reiser,Andre Driftskostnader & Konsulenter - 2026-M03 (ADM),545733.11,EMP-116,EMP-136,True,OK,2026_UiA_Full_Oct
TX-21660,2026-04-09,2026-M04,Q2,T1,ADM,Fellesadministrasjon & Fellestjenester (ADM),Administrasjon,7800,Andre Driftskostnader & Konsulenter,7xxx Reiser,Andre Driftskostnader & Konsulenter - 2026-M04 (ADM),533773.6,EMP-116,EMP-136,True,OK,2026_UiA_Full_Oct
TX-21661,2026-04-18,2026-M04,Q2,T1,ADM,Fellesadministrasjon & Fellestjenester (ADM),Administrasjon,7800,Andre Driftskostnader & Konsulenter,7xxx Reiser,Andre Driftskostnader & Konsulenter - 2026-M04 (ADM),229377.34,EMP-116,EMP-136,True,OK,2026_UiA_Full_Oct
TX-21662,2026-04-27,2026-M04,Q2,T1,ADM,Fellesadministrasjon & Fellestjenester (ADM),Administrasjon,7800,Andre Driftskostnader & Konsulenter,7xxx Reiser,Andre Driftskostnader & Konsulenter - 2026-M04 (ADM),331400.62,EMP-116,EMP-136,True,OK,2026_UiA_Full_Oct
TX-21663,2026-05-09,2026-M05,Q2,T2,ADM,Fellesadministrasjon & Fellestjenester (ADM),Administrasjon,7800,Andre Driftskostnader & Konsulenter,7xxx Reiser,Andre Driftskostnader & Konsulenter - 2026-M05 (ADM),317967.7,EMP-116,EMP-136,True,OK,2026_UiA_Full_Oct
TX-21664,2026-05-18,2026-M05,Q2,T2,ADM,Fellesadministrasjon & Fellestjenester (ADM),Administrasjon,7800,Andre Driftskostnader & Konsulenter,7xxx Reiser,Andre Driftskostnader & Konsulenter - 2026-M05 (ADM),249891.02,EMP-116,EMP-136,True,OK,2026_UiA_Full_Oct
TX-21665,2026-05-27,2026-M05,Q2,T2,ADM,Fellesadministrasjon & Fellestjenester (ADM),Administrasjon,7800,Andre Driftskostnader & Konsulenter,7xxx Reiser,Andre Driftskostnader & Konsulenter - 2026-M05 (ADM),525439.96,EMP-116,EMP-136,True,OK,2026_UiA_Full_Oct
TX-21666,2026-06-09,2026-M06,Q2,T2,ADM,Fellesadministrasjon & Fellestjenester (ADM),Administrasjon,7800,Andre Driftskostnader & Konsulenter,7xxx Reiser,Andre Driftskostnader & Konsulenter - 2026-M06 (ADM),345037.22,EMP-116,EMP-136,True,OK,2026_UiA_Full_Oct
TX-21667,2026-06-18,2026-M06,Q2,T2,ADM,Fellesadministrasjon & Fellestjenester (ADM),Administrasjon,7800,Andre Driftskostnader & Konsulenter,7xxx Reiser,Andre Driftskostnader & Konsulenter - 2026-M06 (ADM),328454.69,EMP-116,EMP-136,True,OK,2026_UiA_Full_Oct
TX-21668,2026-06-27,2026-M06,Q2,T2,ADM,Fellesadministrasjon & Fellestjenester (ADM),Administrasjon,7800,Andre Driftskostnader & Konsulenter,7xxx Reiser,Andre Driftskostnader & Konsulenter - 2026-M06 (ADM),425485.66,EMP-116,EMP-136,True,OK,2026_UiA_Full_Oct
TX-21669,2026-07-09,2026-M07,Q3,T2,ADM,Fellesadministrasjon & Fellestjenester (ADM),Administrasjon,7800,Andre Driftskostnader & Konsulenter,7xxx Reiser,Andre Driftskostnader & Konsulenter - 2026-M07 (ADM),500020.52,EMP-116,EMP-136,True,OK,2026_UiA_Full_Oct
TX-21670,2026-07-18,2026-M07,Q3,T2,ADM,Fellesadministrasjon & Fellestjenester (ADM),Administrasjon,7800,Andre Driftskostnader & Konsulenter,7xxx Reiser,Andre Driftskostnader & Konsulenter - 2026-M07 (ADM),509416.12,EMP-116,EMP-136,True,OK,2026_UiA_Full_Oct
TX-21671,2026-07-27,2026-M07,Q3,T2,ADM,Fellesadministrasjon & Fellestjenester (ADM),Administrasjon,7800,Andre Driftskostnader & Konsulenter,7xxx Reiser,Andre Driftskostnader & Konsulenter - 2026-M07 (ADM),84452.61,EMP-116,EMP-136,True,OK,2026_UiA_Full_Oct
TX-21672,2026-08-09,2026-M08,Q3,T2,ADM,Fellesadministrasjon & Fellestjenester (ADM),Administrasjon,7800,Andre Driftskostnader & Konsulenter,7xxx Reiser,Andre Driftskostnader & Konsulenter - 2026-M08 (ADM),187921.09,EMP-116,EMP-136,True,OK,2026_UiA_Full_Oct
TX-21673,2026-08-18,2026-M08,Q3,T2,ADM,Fellesadministrasjon & Fellestjenester (ADM),Administrasjon,7800,Andre Driftskostnader & Konsulenter,7xxx Reiser,Andre Driftskostnader & Konsulenter - 2026-M08 (ADM),485247.58,EMP-116,EMP-136,True,OK,2026_UiA_Full_Oct
TX-21674,2026-08-27,2026-M08,Q3,T2,ADM,Fellesadministrasjon & Fellestjenester (ADM),Administrasjon,7800,Andre Driftskostnader & Konsulenter,7xxx Reiser,Andre Driftskostnader & Konsulenter - 2026-M08 (ADM),424219.45,EMP-116,EMP-136,True,OK,2026_UiA_Full_Oct
TX-21675,2026-09-09,2026-M09,Q3,T3,ADM,Fellesadministrasjon & Fellestjenester (ADM),Administrasjon,7800,Andre Driftskostnader & Konsulenter,7xxx Reiser,Andre Driftskostnader & Konsulenter - 2026-M09 (ADM),614051.76,EMP-116,EMP-136,True,OK,2026_UiA_Full_Oct
TX-21676,2026-09-18,2026-M09,Q3,T3,ADM,Fellesadministrasjon & Fellestjenester (ADM),Administrasjon,7800,Andre Driftskostnader & Konsulenter,7xxx Reiser,Andre Driftskostnader & Konsulenter - 2026-M09 (ADM),172214.01,EMP-116,EMP-136,True,OK,2026_UiA_Full_Oct
TX-21677,2026-09-27,2026-M09,Q3,T3,ADM,Fellesadministrasjon & Fellestjenester (ADM),Administrasjon,7800,Andre Driftskostnader & Konsulenter,7xxx Reiser,Andre Driftskostnader & Konsulenter - 2026-M09 (ADM),320852.86,EMP-116,EMP-136,True,OK,2026_UiA_Full_Oct
TX-21678,2026-10-09,2026-M10,Q4,T3,ADM,Fellesadministrasjon & Fellestjenester (ADM),Administrasjon,7800,Andre Driftskostnader & Konsulenter,7xxx Reiser,Andre Driftskostnader & Konsulenter - 2026-M10 (ADM),729413.97,EMP-116,EMP-136,True,OK,2026_UiA_Full_Oct
TX-21679,2026-10-18,2026-M10,Q4,T3,ADM,Fellesadministrasjon & Fellestjenester (ADM),Administrasjon,7800,Andre Driftskostnader & Konsulenter,7xxx Reiser,Andre Driftskostnader & Konsulenter - 2026-M10 (ADM),242728.83,EMP-116,EMP-136,True,OK,2026_UiA_Full_Oct
TX-21680,2026-10-27,2026-M10,Q4,T3,ADM,Fellesadministrasjon & Fellestjenester (ADM),Administrasjon,7800,Andre Driftskostnader & Konsulenter,7xxx Reiser,Andre Driftskostnader & Konsulenter - 2026-M10 (ADM),121349.14,EMP-116,EMP-136,True,OK,2026_UiA_Full_Oct
TX-21681,2026-01-09,2026-M01,Q1,T1,FELLES,Særkostnader & Fellesutgifter (FELLES),Fellesutgifter,3000,Statlig Rammebevilgning (Kap 260.50),3xxx Inntekter,Statlig Rammebevilgning (Kap 260.50) - 2026-M01 (FELLES),-7983664.7,EMP-109,EMP-129,True,OK,2026_UiA_Full_Oct
TX-21682,2026-01-18,2026-M01,Q1,T1,FELLES,Særkostnader & Fellesutgifter (FELLES),Fellesutgifter,3000,Statlig Rammebevilgning (Kap 260.50),3xxx Inntekter,Statlig Rammebevilgning (Kap 260.50) - 2026-M01 (FELLES),-11554422.29,EMP-109,EMP-129,True,OK,2026_UiA_Full_Oct
TX-21683,2026-01-27,2026-M01,Q1,T1,FELLES,Særkostnader & Fellesutgifter (FELLES),Fellesutgifter,3000,Statlig Rammebevilgning (Kap 260.50),3xxx Inntekter,Statlig Rammebevilgning (Kap 260.50) - 2026-M01 (FELLES),-13726495.76,EMP-109,EMP-129,True,OK,2026_UiA_Full_Oct
TX-21684,2026-02-09,2026-M02,Q1,T1,FELLES,Særkostnader & Fellesutgifter (FELLES),Fellesutgifter,3000,Statlig Rammebevilgning (Kap 260.50),3xxx Inntekter,Statlig Rammebevilgning (Kap 260.50) - 2026-M02 (FELLES),-2489264.27,EMP-109,EMP-129,True,OK,2026_UiA_Full_Oct
TX-21685,2026-02-18,2026-M02,Q1,T1,FELLES,Særkostnader & Fellesutgifter (FELLES),Fellesutgifter,3000,Statlig Rammebevilgning (Kap 260.50),3xxx Inntekter,Statlig Rammebevilgning (Kap 260.50) - 2026-M02 (FELLES),-15073082.47,EMP-109,EMP-129,True,OK,2026_UiA_Full_Oct
TX-21686,2026-02-27,2026-M02,Q1,T1,FELLES,Særkostnader & Fellesutgifter (FELLES),Fellesutgifter,3000,Statlig Rammebevilgning (Kap 260.50),3xxx Inntekter,Statlig Rammebevilgning (Kap 260.50) - 2026-M02 (FELLES),-16596440.86,EMP-109,EMP-129,True,OK,2026_UiA_Full_Oct
TX-21687,2026-03-09,2026-M03,Q1,T1,FELLES,Særkostnader & Fellesutgifter (FELLES),Fellesutgifter,3000,Statlig Rammebevilgning (Kap 260.50),3xxx Inntekter,Statlig Rammebevilgning (Kap 260.50) - 2026-M03 (FELLES),-10298506.33,EMP-109,EMP-129,True,OK,2026_UiA_Full_Oct
TX-21688,2026-03-18,2026-M03,Q1,T1,FELLES,Særkostnader & Fellesutgifter (FELLES),Fellesutgifter,3000,Statlig Rammebevilgning (Kap 260.50),3xxx Inntekter,Statlig Rammebevilgning (Kap 260.50) - 2026-M03 (FELLES),-23349074.84,EMP-109,EMP-129,True,OK,2026_UiA_Full_Oct
TX-21689,2026-03-27,2026-M03,Q1,T1,FELLES,Særkostnader & Fellesutgifter (FELLES),Fellesutgifter,3000,Statlig Rammebevilgning (Kap 260.50),3xxx Inntekter,Statlig Rammebevilgning (Kap 260.50) - 2026-M03 (FELLES),-90611.39,EMP-109,EMP-129,True,OK,2026_UiA_Full_Oct
TX-21690,2026-04-09,2026-M04,Q2,T1,FELLES,Særkostnader & Fellesutgifter (FELLES),Fellesutgifter,3000,Statlig Rammebevilgning (Kap 260.50),3xxx Inntekter,Statlig Rammebevilgning (Kap 260.50) - 2026-M04 (FELLES),-31875593.87,EMP-109,EMP-129,True,OK,2026_UiA_Full_Oct
TX-21691,2026-04-18,2026-M04,Q2,T1,FELLES,Særkostnader & Fellesutgifter (FELLES),Fellesutgifter,3000,Statlig Rammebevilgning (Kap 260.50),3xxx Inntekter,Statlig Rammebevilgning (Kap 260.50) - 2026-M04 (FELLES),-1760357.75,EMP-109,EMP-129,True,OK,2026_UiA_Full_Oct
TX-21692,2026-04-27,2026-M04,Q2,T1,FELLES,Særkostnader & Fellesutgifter (FELLES),Fellesutgifter,3000,Statlig Rammebevilgning (Kap 260.50),3xxx Inntekter,Statlig Rammebevilgning (Kap 260.50) - 2026-M04 (FELLES),-108158.29,EMP-109,EMP-129,True,OK,2026_UiA_Full_Oct
TX-21693,2026-05-09,2026-M05,Q2,T2,FELLES,Særkostnader & Fellesutgifter (FELLES),Fellesutgifter,3000,Statlig Rammebevilgning (Kap 260.50),3xxx Inntekter,Statlig Rammebevilgning (Kap 260.50) - 2026-M05 (FELLES),-23824620.61,EMP-109,EMP-129,True,OK,2026_UiA_Full_Oct
TX-21694,2026-05-18,2026-M05,Q2,T2,FELLES,Særkostnader & Fellesutgifter (FELLES),Fellesutgifter,3000,Statlig Rammebevilgning (Kap 260.50),3xxx Inntekter,Statlig Rammebevilgning (Kap 260.50) - 2026-M05 (FELLES),-930357.88,EMP-109,EMP-129,True,OK,2026_UiA_Full_Oct
TX-21695,2026-05-27,2026-M05,Q2,T2,FELLES,Særkostnader & Fellesutgifter (FELLES),Fellesutgifter,3000,Statlig Rammebevilgning (Kap 260.50),3xxx Inntekter,Statlig Rammebevilgning (Kap 260.50) - 2026-M05 (FELLES),-8795853.24,EMP-109,EMP-129,True,OK,2026_UiA_Full_Oct
TX-21696,2026-06-09,2026-M06,Q2,T2,FELLES,Særkostnader & Fellesutgifter (FELLES),Fellesutgifter,3000,Statlig Rammebevilgning (Kap 260.50),3xxx Inntekter,Statlig Rammebevilgning (Kap 260.50) - 2026-M06 (FELLES),-25554233.88,EMP-109,EMP-129,True,OK,2026_UiA_Full_Oct
TX-21697,2026-06-18,2026-M06,Q2,T2,FELLES,Særkostnader & Fellesutgifter (FELLES),Fellesutgifter,3000,Statlig Rammebevilgning (Kap 260.50),3xxx Inntekter,Statlig Rammebevilgning (Kap 260.50) - 2026-M06 (FELLES),-6268483.65,EMP-109,EMP-129,True,OK,2026_UiA_Full_Oct
TX-21698,2026-06-27,2026-M06,Q2,T2,FELLES,Særkostnader & Fellesutgifter (FELLES),Fellesutgifter,3000,Statlig Rammebevilgning (Kap 260.50),3xxx Inntekter,Statlig Rammebevilgning (Kap 260.50) - 2026-M06 (FELLES),-1651476.93,EMP-109,EMP-129,True,OK,2026_UiA_Full_Oct
TX-21699,2026-07-09,2026-M07,Q3,T2,FELLES,Særkostnader & Fellesutgifter (FELLES),Fellesutgifter,3000,Statlig Rammebevilgning (Kap 260.50),3xxx Inntekter,Statlig Rammebevilgning (Kap 260.50) - 2026-M07 (FELLES),-4916512.22,EMP-109,EMP-129,True,OK,2026_UiA_Full_Oct
TX-21700,2026-07-18,2026-M07,Q3,T2,FELLES,Særkostnader & Fellesutgifter (FELLES),Fellesutgifter,3000,Statlig Rammebevilgning (Kap 260.50),3xxx Inntekter,Statlig Rammebevilgning (Kap 260.50) - 2026-M07 (FELLES),-1327838.72,EMP-109,EMP-129,True,OK,2026_UiA_Full_Oct
TX-21701,2026-07-27,2026-M07,Q3,T2,FELLES,Særkostnader & Fellesutgifter (FELLES),Fellesutgifter,3000,Statlig Rammebevilgning (Kap 260.50),3xxx Inntekter,Statlig Rammebevilgning (Kap 260.50) - 2026-M07 (FELLES),-27015895.54,EMP-109,EMP-129,True,OK,2026_UiA_Full_Oct
TX-21702,2026-08-09,2026-M08,Q3,T2,FELLES,Særkostnader & Fellesutgifter (FELLES),Fellesutgifter,3000,Statlig Rammebevilgning (Kap 260.50),3xxx Inntekter,Statlig Rammebevilgning (Kap 260.50) - 2026-M08 (FELLES),-3877810.76,EMP-109,EMP-129,True,OK,2026_UiA_Full_Oct
TX-21703,2026-08-18,2026-M08,Q3,T2,FELLES,Særkostnader & Fellesutgifter (FELLES),Fellesutgifter,3000,Statlig Rammebevilgning (Kap 260.50),3xxx Inntekter,Statlig Rammebevilgning (Kap 260.50) - 2026-M08 (FELLES),-3459009.98,EMP-109,EMP-129,True,OK,2026_UiA_Full_Oct
TX-21704,2026-08-27,2026-M08,Q3,T2,FELLES,Særkostnader & Fellesutgifter (FELLES),Fellesutgifter,3000,Statlig Rammebevilgning (Kap 260.50),3xxx Inntekter,Statlig Rammebevilgning (Kap 260.50) - 2026-M08 (FELLES),-26888863.77,EMP-109,EMP-129,True,OK,2026_UiA_Full_Oct
TX-21705,2026-09-09,2026-M09,Q3,T3,FELLES,Særkostnader & Fellesutgifter (FELLES),Fellesutgifter,3000,Statlig Rammebevilgning (Kap 260.50),3xxx Inntekter,Statlig Rammebevilgning (Kap 260.50) - 2026-M09 (FELLES),-2200429.72,EMP-109,EMP-129,True,OK,2026_UiA_Full_Oct
TX-21706,2026-09-18,2026-M09,Q3,T3,FELLES,Særkostnader & Fellesutgifter (FELLES),Fellesutgifter,3000,Statlig Rammebevilgning (Kap 260.50),3xxx Inntekter,Statlig Rammebevilgning (Kap 260.50) - 2026-M09 (FELLES),-29053964.36,EMP-109,EMP-129,True,OK,2026_UiA_Full_Oct
TX-21707,2026-09-27,2026-M09,Q3,T3,FELLES,Særkostnader & Fellesutgifter (FELLES),Fellesutgifter,3000,Statlig Rammebevilgning (Kap 260.50),3xxx Inntekter,Statlig Rammebevilgning (Kap 260.50) - 2026-M09 (FELLES),-2766735.6,EMP-109,EMP-129,True,OK,2026_UiA_Full_Oct
TX-21708,2026-10-09,2026-M10,Q4,T3,FELLES,Særkostnader & Fellesutgifter (FELLES),Fellesutgifter,3000,Statlig Rammebevilgning (Kap 260.50),3xxx Inntekter,Statlig Rammebevilgning (Kap 260.50) - 2026-M10 (FELLES),-12529291.47,EMP-109,EMP-129,True,OK,2026_UiA_Full_Oct
TX-21709,2026-10-18,2026-M10,Q4,T3,FELLES,Særkostnader & Fellesutgifter (FELLES),Fellesutgifter,3000,Statlig Rammebevilgning (Kap 260.50),3xxx Inntekter,Statlig Rammebevilgning (Kap 260.50) - 2026-M10 (FELLES),-1629444.13,EMP-109,EMP-129,True,OK,2026_UiA_Full_Oct
TX-21710,2026-10-27,2026-M10,Q4,T3,FELLES,Særkostnader & Fellesutgifter (FELLES),Fellesutgifter,3000,Statlig Rammebevilgning (Kap 260.50),3xxx Inntekter,Statlig Rammebevilgning (Kap 260.50) - 2026-M10 (FELLES),-19984411.17,EMP-109,EMP-129,True,OK,2026_UiA_Full_Oct
TX-21711,2026-01-09,2026-M01,Q1,T1,FELLES,Særkostnader & Fellesutgifter (FELLES),Fellesutgifter,3400,BOA Ekstern Prosjektstøtte (NFR/EU),3xxx Inntekter,BOA Ekstern Prosjektstøtte (NFR/EU) - 2026-M01 (FELLES),-2017309.99,EMP-109,EMP-129,True,OK,2026_UiA_Full_Oct
TX-21712,2026-01-18,2026-M01,Q1,T1,FELLES,Særkostnader & Fellesutgifter (FELLES),Fellesutgifter,3400,BOA Ekstern Prosjektstøtte (NFR/EU),3xxx Inntekter,BOA Ekstern Prosjektstøtte (NFR/EU) - 2026-M01 (FELLES),-2168997.45,EMP-109,EMP-129,True,OK,2026_UiA_Full_Oct
TX-21713,2026-01-27,2026-M01,Q1,T1,FELLES,Særkostnader & Fellesutgifter (FELLES),Fellesutgifter,3400,BOA Ekstern Prosjektstøtte (NFR/EU),3xxx Inntekter,BOA Ekstern Prosjektstøtte (NFR/EU) - 2026-M01 (FELLES),-3223578.77,EMP-109,EMP-129,True,OK,2026_UiA_Full_Oct
TX-21714,2026-02-09,2026-M02,Q1,T1,FELLES,Særkostnader & Fellesutgifter (FELLES),Fellesutgifter,3400,BOA Ekstern Prosjektstøtte (NFR/EU),3xxx Inntekter,BOA Ekstern Prosjektstøtte (NFR/EU) - 2026-M02 (FELLES),-1471783.29,EMP-109,EMP-129,True,OK,2026_UiA_Full_Oct
TX-21715,2026-02-18,2026-M02,Q1,T1,FELLES,Særkostnader & Fellesutgifter (FELLES),Fellesutgifter,3400,BOA Ekstern Prosjektstøtte (NFR/EU),3xxx Inntekter,BOA Ekstern Prosjektstøtte (NFR/EU) - 2026-M02 (FELLES),-5065239.43,EMP-109,EMP-129,True,OK,2026_UiA_Full_Oct
TX-21716,2026-02-27,2026-M02,Q1,T1,FELLES,Særkostnader & Fellesutgifter (FELLES),Fellesutgifter,3400,BOA Ekstern Prosjektstøtte (NFR/EU),3xxx Inntekter,BOA Ekstern Prosjektstøtte (NFR/EU) - 2026-M02 (FELLES),-819544.48,EMP-109,EMP-129,True,OK,2026_UiA_Full_Oct
TX-21717,2026-03-09,2026-M03,Q1,T1,FELLES,Særkostnader & Fellesutgifter (FELLES),Fellesutgifter,3400,BOA Ekstern Prosjektstøtte (NFR/EU),3xxx Inntekter,BOA Ekstern Prosjektstøtte (NFR/EU) - 2026-M03 (FELLES),-6610605.54,EMP-109,EMP-129,True,OK,2026_UiA_Full_Oct
TX-21718,2026-03-18,2026-M03,Q1,T1,FELLES,Særkostnader & Fellesutgifter (FELLES),Fellesutgifter,3400,BOA Ekstern Prosjektstøtte (NFR/EU),3xxx Inntekter,BOA Ekstern Prosjektstøtte (NFR/EU) - 2026-M03 (FELLES),-721970.8,EMP-109,EMP-129,True,OK,2026_UiA_Full_Oct
TX-21719,2026-03-27,2026-M03,Q1,T1,FELLES,Særkostnader & Fellesutgifter (FELLES),Fellesutgifter,3400,BOA Ekstern Prosjektstøtte (NFR/EU),3xxx Inntekter,BOA Ekstern Prosjektstøtte (NFR/EU) - 2026-M03 (FELLES),-46818.26,EMP-109,EMP-129,True,OK,2026_UiA_Full_Oct
TX-21720,2026-04-09,2026-M04,Q2,T1,FELLES,Særkostnader & Fellesutgifter (FELLES),Fellesutgifter,3400,BOA Ekstern Prosjektstøtte (NFR/EU),3xxx Inntekter,BOA Ekstern Prosjektstøtte (NFR/EU) - 2026-M04 (FELLES),-3615928.39,EMP-109,EMP-129,True,OK,2026_UiA_Full_Oct
TX-21721,2026-04-18,2026-M04,Q2,T1,FELLES,Særkostnader & Fellesutgifter (FELLES),Fellesutgifter,3400,BOA Ekstern Prosjektstøtte (NFR/EU),3xxx Inntekter,BOA Ekstern Prosjektstøtte (NFR/EU) - 2026-M04 (FELLES),-2907752.45,EMP-109,EMP-129,True,OK,2026_UiA_Full_Oct
TX-21722,2026-04-27,2026-M04,Q2,T1,FELLES,Særkostnader & Fellesutgifter (FELLES),Fellesutgifter,3400,BOA Ekstern Prosjektstøtte (NFR/EU),3xxx Inntekter,BOA Ekstern Prosjektstøtte (NFR/EU) - 2026-M04 (FELLES),-988707.84,EMP-109,EMP-129,True,OK,2026_UiA_Full_Oct
TX-21723,2026-05-09,2026-M05,Q2,T2,FELLES,Særkostnader & Fellesutgifter (FELLES),Fellesutgifter,3400,BOA Ekstern Prosjektstøtte (NFR/EU),3xxx Inntekter,BOA Ekstern Prosjektstøtte (NFR/EU) - 2026-M05 (FELLES),-598221.06,EMP-109,EMP-129,True,OK,2026_UiA_Full_Oct
TX-21724,2026-05-18,2026-M05,Q2,T2,FELLES,Særkostnader & Fellesutgifter (FELLES),Fellesutgifter,3400,BOA Ekstern Prosjektstøtte (NFR/EU),3xxx Inntekter,BOA Ekstern Prosjektstøtte (NFR/EU) - 2026-M05 (FELLES),-614212.76,EMP-109,EMP-129,True,OK,2026_UiA_Full_Oct
TX-21725,2026-05-27,2026-M05,Q2,T2,FELLES,Særkostnader & Fellesutgifter (FELLES),Fellesutgifter,3400,BOA Ekstern Prosjektstøtte (NFR/EU),3xxx Inntekter,BOA Ekstern Prosjektstøtte (NFR/EU) - 2026-M05 (FELLES),-6240505.24,EMP-109,EMP-129,True,OK,2026_UiA_Full_Oct
TX-21726,2026-06-09,2026-M06,Q2,T2,FELLES,Særkostnader & Fellesutgifter (FELLES),Fellesutgifter,3400,BOA Ekstern Prosjektstøtte (NFR/EU),3xxx Inntekter,BOA Ekstern Prosjektstøtte (NFR/EU) - 2026-M06 (FELLES),-1841874.37,EMP-109,EMP-129,True,OK,2026_UiA_Full_Oct
TX-21727,2026-06-18,2026-M06,Q2,T2,FELLES,Særkostnader & Fellesutgifter (FELLES),Fellesutgifter,3400,BOA Ekstern Prosjektstøtte (NFR/EU),3xxx Inntekter,BOA Ekstern Prosjektstøtte (NFR/EU) - 2026-M06 (FELLES),-4267035.56,EMP-109,EMP-129,True,OK,2026_UiA_Full_Oct
TX-21728,2026-06-27,2026-M06,Q2,T2,FELLES,Særkostnader & Fellesutgifter (FELLES),Fellesutgifter,3400,BOA Ekstern Prosjektstøtte (NFR/EU),3xxx Inntekter,BOA Ekstern Prosjektstøtte (NFR/EU) - 2026-M06 (FELLES),-1344769.29,EMP-109,EMP-129,True,OK,2026_UiA_Full_Oct
TX-21729,2026-07-09,2026-M07,Q3,T2,FELLES,Særkostnader & Fellesutgifter (FELLES),Fellesutgifter,3400,BOA Ekstern Prosjektstøtte (NFR/EU),3xxx Inntekter,BOA Ekstern Prosjektstøtte (NFR/EU) - 2026-M07 (FELLES),-2163153.91,EMP-109,EMP-129,True,OK,2026_UiA_Full_Oct
TX-21730,2026-07-18,2026-M07,Q3,T2,FELLES,Særkostnader & Fellesutgifter (FELLES),Fellesutgifter,3400,BOA Ekstern Prosjektstøtte (NFR/EU),3xxx Inntekter,BOA Ekstern Prosjektstøtte (NFR/EU) - 2026-M07 (FELLES),-99525.28,EMP-109,EMP-129,True,OK,2026_UiA_Full_Oct
TX-21731,2026-07-27,2026-M07,Q3,T2,FELLES,Særkostnader & Fellesutgifter (FELLES),Fellesutgifter,3400,BOA Ekstern Prosjektstøtte (NFR/EU),3xxx Inntekter,BOA Ekstern Prosjektstøtte (NFR/EU) - 2026-M07 (FELLES),-5129448.12,EMP-109,EMP-129,True,OK,2026_UiA_Full_Oct
TX-21732,2026-08-09,2026-M08,Q3,T2,FELLES,Særkostnader & Fellesutgifter (FELLES),Fellesutgifter,3400,BOA Ekstern Prosjektstøtte (NFR/EU),3xxx Inntekter,BOA Ekstern Prosjektstøtte (NFR/EU) - 2026-M08 (FELLES),-4369298.19,EMP-109,EMP-129,True,OK,2026_UiA_Full_Oct
TX-21733,2026-08-18,2026-M08,Q3,T2,FELLES,Særkostnader & Fellesutgifter (FELLES),Fellesutgifter,3400,BOA Ekstern Prosjektstøtte (NFR/EU),3xxx Inntekter,BOA Ekstern Prosjektstøtte (NFR/EU) - 2026-M08 (FELLES),-2059391.63,EMP-109,EMP-129,True,OK,2026_UiA_Full_Oct
TX-21734,2026-08-27,2026-M08,Q3,T2,FELLES,Særkostnader & Fellesutgifter (FELLES),Fellesutgifter,3400,BOA Ekstern Prosjektstøtte (NFR/EU),3xxx Inntekter,BOA Ekstern Prosjektstøtte (NFR/EU) - 2026-M08 (FELLES),-1004029.41,EMP-109,EMP-129,True,OK,2026_UiA_Full_Oct
TX-21735,2026-09-09,2026-M09,Q3,T3,FELLES,Særkostnader & Fellesutgifter (FELLES),Fellesutgifter,3400,BOA Ekstern Prosjektstøtte (NFR/EU),3xxx Inntekter,BOA Ekstern Prosjektstøtte (NFR/EU) - 2026-M09 (FELLES),-2329450.1,EMP-109,EMP-129,True,OK,2026_UiA_Full_Oct
TX-21736,2026-09-18,2026-M09,Q3,T3,FELLES,Særkostnader & Fellesutgifter (FELLES),Fellesutgifter,3400,BOA Ekstern Prosjektstøtte (NFR/EU),3xxx Inntekter,BOA Ekstern Prosjektstøtte (NFR/EU) - 2026-M09 (FELLES),-800096.33,EMP-109,EMP-129,True,OK,2026_UiA_Full_Oct
TX-21737,2026-09-27,2026-M09,Q3,T3,FELLES,Særkostnader & Fellesutgifter (FELLES),Fellesutgifter,3400,BOA Ekstern Prosjektstøtte (NFR/EU),3xxx Inntekter,BOA Ekstern Prosjektstøtte (NFR/EU) - 2026-M09 (FELLES),-4247866.33,EMP-109,EMP-129,True,OK,2026_UiA_Full_Oct
TX-21738,2026-10-09,2026-M10,Q4,T3,FELLES,Særkostnader & Fellesutgifter (FELLES),Fellesutgifter,3400,BOA Ekstern Prosjektstøtte (NFR/EU),3xxx Inntekter,BOA Ekstern Prosjektstøtte (NFR/EU) - 2026-M10 (FELLES),-1775098.02,EMP-109,EMP-129,True,OK,2026_UiA_Full_Oct
TX-21739,2026-10-18,2026-M10,Q4,T3,FELLES,Særkostnader & Fellesutgifter (FELLES),Fellesutgifter,3400,BOA Ekstern Prosjektstøtte (NFR/EU),3xxx Inntekter,BOA Ekstern Prosjektstøtte (NFR/EU) - 2026-M10 (FELLES),-3517217.47,EMP-109,EMP-129,True,OK,2026_UiA_Full_Oct
TX-21740,2026-10-27,2026-M10,Q4,T3,FELLES,Særkostnader & Fellesutgifter (FELLES),Fellesutgifter,3400,BOA Ekstern Prosjektstøtte (NFR/EU),3xxx Inntekter,BOA Ekstern Prosjektstøtte (NFR/EU) - 2026-M10 (FELLES),-2147423.24,EMP-109,EMP-129,True,OK,2026_UiA_Full_Oct
TX-21741,2026-01-09,2026-M01,Q1,T1,FELLES,Særkostnader & Fellesutgifter (FELLES),Fellesutgifter,5000,Fast Lønn & Sosiale Kostnader,5xxx Lønn,Fast Lønn & Sosiale Kostnader - 2026-M01 (FELLES),18892327.31,EMP-109,EMP-129,True,OK,2026_UiA_Full_Oct
TX-21742,2026-01-18,2026-M01,Q1,T1,FELLES,Særkostnader & Fellesutgifter (FELLES),Fellesutgifter,5000,Fast Lønn & Sosiale Kostnader,5xxx Lønn,Fast Lønn & Sosiale Kostnader - 2026-M01 (FELLES),7656979.06,EMP-109,EMP-129,True,OK,2026_UiA_Full_Oct
TX-21743,2026-01-27,2026-M01,Q1,T1,FELLES,Særkostnader & Fellesutgifter (FELLES),Fellesutgifter,5000,Fast Lønn & Sosiale Kostnader,5xxx Lønn,Fast Lønn & Sosiale Kostnader - 2026-M01 (FELLES),126021.48,EMP-109,EMP-129,True,OK,2026_UiA_Full_Oct
TX-21744,2026-02-09,2026-M02,Q1,T1,FELLES,Særkostnader & Fellesutgifter (FELLES),Fellesutgifter,5000,Fast Lønn & Sosiale Kostnader,5xxx Lønn,Fast Lønn & Sosiale Kostnader - 2026-M02 (FELLES),128696.89,EMP-109,EMP-129,True,OK,2026_UiA_Full_Oct
TX-21745,2026-02-18,2026-M02,Q1,T1,FELLES,Særkostnader & Fellesutgifter (FELLES),Fellesutgifter,5000,Fast Lønn & Sosiale Kostnader,5xxx Lønn,Fast Lønn & Sosiale Kostnader - 2026-M02 (FELLES),14679478.85,EMP-109,EMP-129,True,OK,2026_UiA_Full_Oct
TX-21746,2026-02-27,2026-M02,Q1,T1,FELLES,Særkostnader & Fellesutgifter (FELLES),Fellesutgifter,5000,Fast Lønn & Sosiale Kostnader,5xxx Lønn,Fast Lønn & Sosiale Kostnader - 2026-M02 (FELLES),11775603.39,EMP-109,EMP-129,True,OK,2026_UiA_Full_Oct
TX-21747,2026-03-09,2026-M03,Q1,T1,FELLES,Særkostnader & Fellesutgifter (FELLES),Fellesutgifter,5000,Fast Lønn & Sosiale Kostnader,5xxx Lønn,Fast Lønn & Sosiale Kostnader - 2026-M03 (FELLES),8241381.05,EMP-109,EMP-129,True,OK,2026_UiA_Full_Oct
TX-21748,2026-03-18,2026-M03,Q1,T1,FELLES,Særkostnader & Fellesutgifter (FELLES),Fellesutgifter,5000,Fast Lønn & Sosiale Kostnader,5xxx Lønn,Fast Lønn & Sosiale Kostnader - 2026-M03 (FELLES),1223398.06,EMP-109,EMP-129,True,OK,2026_UiA_Full_Oct
TX-21749,2026-03-27,2026-M03,Q1,T1,FELLES,Særkostnader & Fellesutgifter (FELLES),Fellesutgifter,5000,Fast Lønn & Sosiale Kostnader,5xxx Lønn,Fast Lønn & Sosiale Kostnader - 2026-M03 (FELLES),17131361.44,EMP-109,EMP-129,True,OK,2026_UiA_Full_Oct
TX-21750,2026-04-09,2026-M04,Q2,T1,FELLES,Særkostnader & Fellesutgifter (FELLES),Fellesutgifter,5000,Fast Lønn & Sosiale Kostnader,5xxx Lønn,Fast Lønn & Sosiale Kostnader - 2026-M04 (FELLES),14533378.29,EMP-109,EMP-129,True,OK,2026_UiA_Full_Oct
TX-21751,2026-04-18,2026-M04,Q2,T1,FELLES,Særkostnader & Fellesutgifter (FELLES),Fellesutgifter,5000,Fast Lønn & Sosiale Kostnader,5xxx Lønn,Fast Lønn & Sosiale Kostnader - 2026-M04 (FELLES),8564454.81,EMP-109,EMP-129,True,OK,2026_UiA_Full_Oct
TX-21752,2026-04-27,2026-M04,Q2,T1,FELLES,Særkostnader & Fellesutgifter (FELLES),Fellesutgifter,5000,Fast Lønn & Sosiale Kostnader,5xxx Lønn,Fast Lønn & Sosiale Kostnader - 2026-M04 (FELLES),3169716.33,EMP-109,EMP-129,True,OK,2026_UiA_Full_Oct
TX-21753,2026-05-09,2026-M05,Q2,T2,FELLES,Særkostnader & Fellesutgifter (FELLES),Fellesutgifter,5000,Fast Lønn & Sosiale Kostnader,5xxx Lønn,Fast Lønn & Sosiale Kostnader - 2026-M05 (FELLES),8778461.17,EMP-109,EMP-129,True,OK,2026_UiA_Full_Oct
TX-21754,2026-05-18,2026-M05,Q2,T2,FELLES,Særkostnader & Fellesutgifter (FELLES),Fellesutgifter,5000,Fast Lønn & Sosiale Kostnader,5xxx Lønn,Fast Lønn & Sosiale Kostnader - 2026-M05 (FELLES),15140009.92,EMP-109,EMP-129,True,OK,2026_UiA_Full_Oct
TX-21755,2026-05-27,2026-M05,Q2,T2,FELLES,Særkostnader & Fellesutgifter (FELLES),Fellesutgifter,5000,Fast Lønn & Sosiale Kostnader,5xxx Lønn,Fast Lønn & Sosiale Kostnader - 2026-M05 (FELLES),2613278.09,EMP-109,EMP-129,True,OK,2026_UiA_Full_Oct
TX-21756,2026-06-09,2026-M06,Q2,T2,FELLES,Særkostnader & Fellesutgifter (FELLES),Fellesutgifter,5000,Fast Lønn & Sosiale Kostnader,5xxx Lønn,Fast Lønn & Sosiale Kostnader - 2026-M06 (FELLES),2120534.93,EMP-109,EMP-129,True,OK,2026_UiA_Full_Oct
TX-21757,2026-06-18,2026-M06,Q2,T2,FELLES,Særkostnader & Fellesutgifter (FELLES),Fellesutgifter,5000,Fast Lønn & Sosiale Kostnader,5xxx Lønn,Fast Lønn & Sosiale Kostnader - 2026-M06 (FELLES),5363334.46,EMP-109,EMP-129,True,OK,2026_UiA_Full_Oct
TX-21758,2026-06-27,2026-M06,Q2,T2,FELLES,Særkostnader & Fellesutgifter (FELLES),Fellesutgifter,5000,Fast Lønn & Sosiale Kostnader,5xxx Lønn,Fast Lønn & Sosiale Kostnader - 2026-M06 (FELLES),18523574.88,EMP-109,EMP-129,True,OK,2026_UiA_Full_Oct
TX-21759,2026-07-09,2026-M07,Q3,T2,FELLES,Særkostnader & Fellesutgifter (FELLES),Fellesutgifter,5000,Fast Lønn & Sosiale Kostnader,5xxx Lønn,Fast Lønn & Sosiale Kostnader - 2026-M07 (FELLES),3610883.57,EMP-109,EMP-129,True,OK,2026_UiA_Full_Oct
TX-21760,2026-07-18,2026-M07,Q3,T2,FELLES,Særkostnader & Fellesutgifter (FELLES),Fellesutgifter,5000,Fast Lønn & Sosiale Kostnader,5xxx Lønn,Fast Lønn & Sosiale Kostnader - 2026-M07 (FELLES),9436225.02,EMP-109,EMP-129,True,OK,2026_UiA_Full_Oct
TX-21761,2026-07-27,2026-M07,Q3,T2,FELLES,Særkostnader & Fellesutgifter (FELLES),Fellesutgifter,5000,Fast Lønn & Sosiale Kostnader,5xxx Lønn,Fast Lønn & Sosiale Kostnader - 2026-M07 (FELLES),13294808.7,EMP-109,EMP-129,True,OK,2026_UiA_Full_Oct
TX-21762,2026-08-09,2026-M08,Q3,T2,FELLES,Særkostnader & Fellesutgifter (FELLES),Fellesutgifter,5000,Fast Lønn & Sosiale Kostnader,5xxx Lønn,Fast Lønn & Sosiale Kostnader - 2026-M08 (FELLES),15342731.54,EMP-109,EMP-129,True,OK,2026_UiA_Full_Oct
TX-21763,2026-08-18,2026-M08,Q3,T2,FELLES,Særkostnader & Fellesutgifter (FELLES),Fellesutgifter,5000,Fast Lønn & Sosiale Kostnader,5xxx Lønn,Fast Lønn & Sosiale Kostnader - 2026-M08 (FELLES),9213104.8,EMP-109,EMP-129,True,OK,2026_UiA_Full_Oct
TX-21764,2026-08-27,2026-M08,Q3,T2,FELLES,Særkostnader & Fellesutgifter (FELLES),Fellesutgifter,5000,Fast Lønn & Sosiale Kostnader,5xxx Lønn,Fast Lønn & Sosiale Kostnader - 2026-M08 (FELLES),1483385.23,EMP-109,EMP-129,True,OK,2026_UiA_Full_Oct
TX-21765,2026-09-09,2026-M09,Q3,T3,FELLES,Særkostnader & Fellesutgifter (FELLES),Fellesutgifter,5000,Fast Lønn & Sosiale Kostnader,5xxx Lønn,Fast Lønn & Sosiale Kostnader - 2026-M09 (FELLES),5709803.01,EMP-109,EMP-129,True,OK,2026_UiA_Full_Oct
TX-21766,2026-09-18,2026-M09,Q3,T3,FELLES,Særkostnader & Fellesutgifter (FELLES),Fellesutgifter,5000,Fast Lønn & Sosiale Kostnader,5xxx Lønn,Fast Lønn & Sosiale Kostnader - 2026-M09 (FELLES),10337499.68,EMP-109,EMP-129,True,OK,2026_UiA_Full_Oct
TX-21767,2026-09-27,2026-M09,Q3,T3,FELLES,Særkostnader & Fellesutgifter (FELLES),Fellesutgifter,5000,Fast Lønn & Sosiale Kostnader,5xxx Lønn,Fast Lønn & Sosiale Kostnader - 2026-M09 (FELLES),9966260.22,EMP-109,EMP-129,True,OK,2026_UiA_Full_Oct
TX-21768,2026-10-09,2026-M10,Q4,T3,FELLES,Særkostnader & Fellesutgifter (FELLES),Fellesutgifter,5000,Fast Lønn & Sosiale Kostnader,5xxx Lønn,Fast Lønn & Sosiale Kostnader - 2026-M10 (FELLES),6153315.17,EMP-109,EMP-129,True,OK,2026_UiA_Full_Oct
TX-21769,2026-10-18,2026-M10,Q4,T3,FELLES,Særkostnader & Fellesutgifter (FELLES),Fellesutgifter,5000,Fast Lønn & Sosiale Kostnader,5xxx Lønn,Fast Lønn & Sosiale Kostnader - 2026-M10 (FELLES),19754257.23,EMP-109,EMP-129,True,OK,2026_UiA_Full_Oct
TX-21770,2026-10-27,2026-M10,Q4,T3,FELLES,Særkostnader & Fellesutgifter (FELLES),Fellesutgifter,5000,Fast Lønn & Sosiale Kostnader,5xxx Lønn,Fast Lønn & Sosiale Kostnader - 2026-M10 (FELLES),657885.45,EMP-109,EMP-129,True,OK,2026_UiA_Full_Oct
TX-21771,2026-01-09,2026-M01,Q1,T1,FELLES,Særkostnader & Fellesutgifter (FELLES),Fellesutgifter,5330,Sensorhonorar & Timelønnede,5xxx Lønn,Sensorhonorar & Timelønnede - 2026-M01 (FELLES),1526348.58,EMP-109,EMP-129,True,OK,2026_UiA_Full_Oct
TX-21772,2026-01-18,2026-M01,Q1,T1,FELLES,Særkostnader & Fellesutgifter (FELLES),Fellesutgifter,5330,Sensorhonorar & Timelønnede,5xxx Lønn,Sensorhonorar & Timelønnede - 2026-M01 (FELLES),904764.36,EMP-109,EMP-129,True,OK,2026_UiA_Full_Oct
TX-21773,2026-01-27,2026-M01,Q1,T1,FELLES,Særkostnader & Fellesutgifter (FELLES),Fellesutgifter,5330,Sensorhonorar & Timelønnede,5xxx Lønn,Sensorhonorar & Timelønnede - 2026-M01 (FELLES),20754.57,EMP-109,EMP-129,True,OK,2026_UiA_Full_Oct
TX-21774,2026-02-09,2026-M02,Q1,T1,FELLES,Særkostnader & Fellesutgifter (FELLES),Fellesutgifter,5330,Sensorhonorar & Timelønnede,5xxx Lønn,Sensorhonorar & Timelønnede - 2026-M02 (FELLES),657065.48,EMP-109,EMP-129,True,OK,2026_UiA_Full_Oct
TX-21775,2026-02-18,2026-M02,Q1,T1,FELLES,Særkostnader & Fellesutgifter (FELLES),Fellesutgifter,5330,Sensorhonorar & Timelønnede,5xxx Lønn,Sensorhonorar & Timelønnede - 2026-M02 (FELLES),531979.48,EMP-109,EMP-129,True,OK,2026_UiA_Full_Oct
TX-21776,2026-02-27,2026-M02,Q1,T1,FELLES,Særkostnader & Fellesutgifter (FELLES),Fellesutgifter,5330,Sensorhonorar & Timelønnede,5xxx Lønn,Sensorhonorar & Timelønnede - 2026-M02 (FELLES),1255974.88,EMP-109,EMP-129,True,OK,2026_UiA_Full_Oct
TX-21777,2026-03-09,2026-M03,Q1,T1,FELLES,Særkostnader & Fellesutgifter (FELLES),Fellesutgifter,5330,Sensorhonorar & Timelønnede,5xxx Lønn,Sensorhonorar & Timelønnede - 2026-M03 (FELLES),1850429.13,EMP-109,EMP-129,True,OK,2026_UiA_Full_Oct
TX-21778,2026-03-18,2026-M03,Q1,T1,FELLES,Særkostnader & Fellesutgifter (FELLES),Fellesutgifter,5330,Sensorhonorar & Timelønnede,5xxx Lønn,Sensorhonorar & Timelønnede - 2026-M03 (FELLES),458686.92,EMP-109,EMP-129,True,OK,2026_UiA_Full_Oct
TX-21779,2026-03-27,2026-M03,Q1,T1,FELLES,Særkostnader & Fellesutgifter (FELLES),Fellesutgifter,5330,Sensorhonorar & Timelønnede,5xxx Lønn,Sensorhonorar & Timelønnede - 2026-M03 (FELLES),126124.24,EMP-109,EMP-129,True,OK,2026_UiA_Full_Oct
TX-21780,2026-04-09,2026-M04,Q2,T1,FELLES,Særkostnader & Fellesutgifter (FELLES),Fellesutgifter,5330,Sensorhonorar & Timelønnede,5xxx Lønn,Sensorhonorar & Timelønnede - 2026-M04 (FELLES),727092.65,EMP-109,EMP-129,True,OK,2026_UiA_Full_Oct
TX-21781,2026-04-18,2026-M04,Q2,T1,FELLES,Særkostnader & Fellesutgifter (FELLES),Fellesutgifter,5330,Sensorhonorar & Timelønnede,5xxx Lønn,Sensorhonorar & Timelønnede - 2026-M04 (FELLES),1556142.38,EMP-109,EMP-129,True,OK,2026_UiA_Full_Oct
TX-21782,2026-04-27,2026-M04,Q2,T1,FELLES,Særkostnader & Fellesutgifter (FELLES),Fellesutgifter,5330,Sensorhonorar & Timelønnede,5xxx Lønn,Sensorhonorar & Timelønnede - 2026-M04 (FELLES),215525.27,EMP-109,EMP-129,True,OK,2026_UiA_Full_Oct
TX-21783,2026-05-09,2026-M05,Q2,T2,FELLES,Særkostnader & Fellesutgifter (FELLES),Fellesutgifter,5330,Sensorhonorar & Timelønnede,5xxx Lønn,Sensorhonorar & Timelønnede - 2026-M05 (FELLES),963784.4,EMP-109,EMP-129,True,OK,2026_UiA_Full_Oct
TX-21784,2026-05-18,2026-M05,Q2,T2,FELLES,Særkostnader & Fellesutgifter (FELLES),Fellesutgifter,5330,Sensorhonorar & Timelønnede,5xxx Lønn,Sensorhonorar & Timelønnede - 2026-M05 (FELLES),954393.52,EMP-109,EMP-129,True,OK,2026_UiA_Full_Oct
TX-21785,2026-05-27,2026-M05,Q2,T2,FELLES,Særkostnader & Fellesutgifter (FELLES),Fellesutgifter,5330,Sensorhonorar & Timelønnede,5xxx Lønn,Sensorhonorar & Timelønnede - 2026-M05 (FELLES),585522.0,EMP-109,EMP-129,True,OK,2026_UiA_Full_Oct
TX-21786,2026-06-09,2026-M06,Q2,T2,FELLES,Særkostnader & Fellesutgifter (FELLES),Fellesutgifter,5330,Sensorhonorar & Timelønnede,5xxx Lønn,Sensorhonorar & Timelønnede - 2026-M06 (FELLES),986489.04,EMP-109,EMP-129,True,OK,2026_UiA_Full_Oct
TX-21787,2026-06-18,2026-M06,Q2,T2,FELLES,Særkostnader & Fellesutgifter (FELLES),Fellesutgifter,5330,Sensorhonorar & Timelønnede,5xxx Lønn,Sensorhonorar & Timelønnede - 2026-M06 (FELLES),829382.7,EMP-109,EMP-129,True,OK,2026_UiA_Full_Oct
TX-21788,2026-06-27,2026-M06,Q2,T2,FELLES,Særkostnader & Fellesutgifter (FELLES),Fellesutgifter,5330,Sensorhonorar & Timelønnede,5xxx Lønn,Sensorhonorar & Timelønnede - 2026-M06 (FELLES),676721.71,EMP-109,EMP-129,True,OK,2026_UiA_Full_Oct
TX-21789,2026-07-09,2026-M07,Q3,T2,FELLES,Særkostnader & Fellesutgifter (FELLES),Fellesutgifter,5330,Sensorhonorar & Timelønnede,5xxx Lønn,Sensorhonorar & Timelønnede - 2026-M07 (FELLES),1618302.61,EMP-109,EMP-129,True,OK,2026_UiA_Full_Oct
TX-21790,2026-07-18,2026-M07,Q3,T2,FELLES,Særkostnader & Fellesutgifter (FELLES),Fellesutgifter,5330,Sensorhonorar & Timelønnede,5xxx Lønn,Sensorhonorar & Timelønnede - 2026-M07 (FELLES),273727.14,EMP-109,EMP-129,True,OK,2026_UiA_Full_Oct
TX-21791,2026-07-27,2026-M07,Q3,T2,FELLES,Særkostnader & Fellesutgifter (FELLES),Fellesutgifter,5330,Sensorhonorar & Timelønnede,5xxx Lønn,Sensorhonorar & Timelønnede - 2026-M07 (FELLES),543858.64,EMP-109,EMP-129,True,OK,2026_UiA_Full_Oct
TX-21792,2026-08-09,2026-M08,Q3,T2,FELLES,Særkostnader & Fellesutgifter (FELLES),Fellesutgifter,5330,Sensorhonorar & Timelønnede,5xxx Lønn,Sensorhonorar & Timelønnede - 2026-M08 (FELLES),249838.77,EMP-109,EMP-129,True,OK,2026_UiA_Full_Oct
TX-21793,2026-08-18,2026-M08,Q3,T2,FELLES,Særkostnader & Fellesutgifter (FELLES),Fellesutgifter,5330,Sensorhonorar & Timelønnede,5xxx Lønn,Sensorhonorar & Timelønnede - 2026-M08 (FELLES),1937805.32,EMP-109,EMP-129,True,OK,2026_UiA_Full_Oct
TX-21794,2026-08-27,2026-M08,Q3,T2,FELLES,Særkostnader & Fellesutgifter (FELLES),Fellesutgifter,5330,Sensorhonorar & Timelønnede,5xxx Lønn,Sensorhonorar & Timelønnede - 2026-M08 (FELLES),309990.16,EMP-109,EMP-129,True,OK,2026_UiA_Full_Oct
TX-21795,2026-09-09,2026-M09,Q3,T3,FELLES,Særkostnader & Fellesutgifter (FELLES),Fellesutgifter,5330,Sensorhonorar & Timelønnede,5xxx Lønn,Sensorhonorar & Timelønnede - 2026-M09 (FELLES),439382.22,EMP-109,EMP-129,True,OK,2026_UiA_Full_Oct
TX-21796,2026-09-18,2026-M09,Q3,T3,FELLES,Særkostnader & Fellesutgifter (FELLES),Fellesutgifter,5330,Sensorhonorar & Timelønnede,5xxx Lønn,Sensorhonorar & Timelønnede - 2026-M09 (FELLES),1133768.37,EMP-109,EMP-129,True,OK,2026_UiA_Full_Oct
TX-21797,2026-09-27,2026-M09,Q3,T3,FELLES,Særkostnader & Fellesutgifter (FELLES),Fellesutgifter,5330,Sensorhonorar & Timelønnede,5xxx Lønn,Sensorhonorar & Timelønnede - 2026-M09 (FELLES),882487.08,EMP-109,EMP-129,True,OK,2026_UiA_Full_Oct
TX-21798,2026-10-09,2026-M10,Q4,T3,FELLES,Særkostnader & Fellesutgifter (FELLES),Fellesutgifter,5330,Sensorhonorar & Timelønnede,5xxx Lønn,Sensorhonorar & Timelønnede - 2026-M10 (FELLES),1341531.33,EMP-109,EMP-129,True,OK,2026_UiA_Full_Oct
TX-21799,2026-10-18,2026-M10,Q4,T3,FELLES,Særkostnader & Fellesutgifter (FELLES),Fellesutgifter,5330,Sensorhonorar & Timelønnede,5xxx Lønn,Sensorhonorar & Timelønnede - 2026-M10 (FELLES),23263.27,EMP-109,EMP-129,True,OK,2026_UiA_Full_Oct
TX-21800,2026-10-27,2026-M10,Q4,T3,FELLES,Særkostnader & Fellesutgifter (FELLES),Fellesutgifter,5330,Sensorhonorar & Timelønnede,5xxx Lønn,Sensorhonorar & Timelønnede - 2026-M10 (FELLES),1096181.89,EMP-109,EMP-129,True,OK,2026_UiA_Full_Oct
TX-21801,2026-01-09,2026-M01,Q1,T1,FELLES,Særkostnader & Fellesutgifter (FELLES),Fellesutgifter,6000,Husleie & Eiendomsdrift,6xxx Drift,Husleie & Eiendomsdrift - 2026-M01 (FELLES),3299213.45,EMP-109,EMP-129,True,OK,2026_UiA_Full_Oct
TX-21802,2026-01-18,2026-M01,Q1,T1,FELLES,Særkostnader & Fellesutgifter (FELLES),Fellesutgifter,6000,Husleie & Eiendomsdrift,6xxx Drift,Husleie & Eiendomsdrift - 2026-M01 (FELLES),1703796.94,EMP-109,EMP-129,True,OK,2026_UiA_Full_Oct
TX-21803,2026-01-27,2026-M01,Q1,T1,FELLES,Særkostnader & Fellesutgifter (FELLES),Fellesutgifter,6000,Husleie & Eiendomsdrift,6xxx Drift,Husleie & Eiendomsdrift - 2026-M01 (FELLES),740459.63,EMP-109,EMP-129,True,OK,2026_UiA_Full_Oct
TX-21804,2026-02-09,2026-M02,Q1,T1,FELLES,Særkostnader & Fellesutgifter (FELLES),Fellesutgifter,6000,Husleie & Eiendomsdrift,6xxx Drift,Husleie & Eiendomsdrift - 2026-M02 (FELLES),855604.84,EMP-109,EMP-129,True,OK,2026_UiA_Full_Oct
TX-21805,2026-02-18,2026-M02,Q1,T1,FELLES,Særkostnader & Fellesutgifter (FELLES),Fellesutgifter,6000,Husleie & Eiendomsdrift,6xxx Drift,Husleie & Eiendomsdrift - 2026-M02 (FELLES),1041869.95,EMP-109,EMP-129,True,OK,2026_UiA_Full_Oct
TX-21806,2026-02-27,2026-M02,Q1,T1,FELLES,Særkostnader & Fellesutgifter (FELLES),Fellesutgifter,6000,Husleie & Eiendomsdrift,6xxx Drift,Husleie & Eiendomsdrift - 2026-M02 (FELLES),3793678.34,EMP-109,EMP-129,True,OK,2026_UiA_Full_Oct
TX-21807,2026-03-09,2026-M03,Q1,T1,FELLES,Særkostnader & Fellesutgifter (FELLES),Fellesutgifter,6000,Husleie & Eiendomsdrift,6xxx Drift,Husleie & Eiendomsdrift - 2026-M03 (FELLES),1609354.73,EMP-109,EMP-129,True,OK,2026_UiA_Full_Oct
TX-21808,2026-03-18,2026-M03,Q1,T1,FELLES,Særkostnader & Fellesutgifter (FELLES),Fellesutgifter,6000,Husleie & Eiendomsdrift,6xxx Drift,Husleie & Eiendomsdrift - 2026-M03 (FELLES),1439334.01,EMP-109,EMP-129,True,OK,2026_UiA_Full_Oct
TX-21809,2026-03-27,2026-M03,Q1,T1,FELLES,Særkostnader & Fellesutgifter (FELLES),Fellesutgifter,6000,Husleie & Eiendomsdrift,6xxx Drift,Husleie & Eiendomsdrift - 2026-M03 (FELLES),2739427.95,EMP-109,EMP-129,True,OK,2026_UiA_Full_Oct
TX-21810,2026-04-09,2026-M04,Q2,T1,FELLES,Særkostnader & Fellesutgifter (FELLES),Fellesutgifter,6000,Husleie & Eiendomsdrift,6xxx Drift,Husleie & Eiendomsdrift - 2026-M04 (FELLES),569363.58,EMP-109,EMP-129,True,OK,2026_UiA_Full_Oct
TX-21811,2026-04-18,2026-M04,Q2,T1,FELLES,Særkostnader & Fellesutgifter (FELLES),Fellesutgifter,6000,Husleie & Eiendomsdrift,6xxx Drift,Husleie & Eiendomsdrift - 2026-M04 (FELLES),2925646.99,EMP-109,EMP-129,True,OK,2026_UiA_Full_Oct
TX-21812,2026-04-27,2026-M04,Q2,T1,FELLES,Særkostnader & Fellesutgifter (FELLES),Fellesutgifter,6000,Husleie & Eiendomsdrift,6xxx Drift,Husleie & Eiendomsdrift - 2026-M04 (FELLES),2293435.16,EMP-109,EMP-129,True,OK,2026_UiA_Full_Oct
TX-21813,2026-05-09,2026-M05,Q2,T2,FELLES,Særkostnader & Fellesutgifter (FELLES),Fellesutgifter,6000,Husleie & Eiendomsdrift,6xxx Drift,Husleie & Eiendomsdrift - 2026-M05 (FELLES),1674588.12,EMP-109,EMP-129,True,OK,2026_UiA_Full_Oct
TX-21814,2026-05-18,2026-M05,Q2,T2,FELLES,Særkostnader & Fellesutgifter (FELLES),Fellesutgifter,6000,Husleie & Eiendomsdrift,6xxx Drift,Husleie & Eiendomsdrift - 2026-M05 (FELLES),4018835.41,EMP-109,EMP-129,True,OK,2026_UiA_Full_Oct
TX-21815,2026-05-27,2026-M05,Q2,T2,FELLES,Særkostnader & Fellesutgifter (FELLES),Fellesutgifter,6000,Husleie & Eiendomsdrift,6xxx Drift,Husleie & Eiendomsdrift - 2026-M05 (FELLES),101237.31,EMP-109,EMP-129,True,OK,2026_UiA_Full_Oct
TX-21816,2026-06-09,2026-M06,Q2,T2,FELLES,Særkostnader & Fellesutgifter (FELLES),Fellesutgifter,6000,Husleie & Eiendomsdrift,6xxx Drift,Husleie & Eiendomsdrift - 2026-M06 (FELLES),772155.71,EMP-109,EMP-129,True,OK,2026_UiA_Full_Oct
TX-21817,2026-06-18,2026-M06,Q2,T2,FELLES,Særkostnader & Fellesutgifter (FELLES),Fellesutgifter,6000,Husleie & Eiendomsdrift,6xxx Drift,Husleie & Eiendomsdrift - 2026-M06 (FELLES),4184602.62,EMP-109,EMP-129,True,OK,2026_UiA_Full_Oct
TX-21818,2026-06-27,2026-M06,Q2,T2,FELLES,Særkostnader & Fellesutgifter (FELLES),Fellesutgifter,6000,Husleie & Eiendomsdrift,6xxx Drift,Husleie & Eiendomsdrift - 2026-M06 (FELLES),793394.4,EMP-109,EMP-129,True,OK,2026_UiA_Full_Oct
TX-21819,2026-07-09,2026-M07,Q3,T2,FELLES,Særkostnader & Fellesutgifter (FELLES),Fellesutgifter,6000,Husleie & Eiendomsdrift,6xxx Drift,Husleie & Eiendomsdrift - 2026-M07 (FELLES),3638682.28,EMP-109,EMP-129,True,OK,2026_UiA_Full_Oct
TX-21820,2026-07-18,2026-M07,Q3,T2,FELLES,Særkostnader & Fellesutgifter (FELLES),Fellesutgifter,6000,Husleie & Eiendomsdrift,6xxx Drift,Husleie & Eiendomsdrift - 2026-M07 (FELLES),1242826.47,EMP-109,EMP-129,True,OK,2026_UiA_Full_Oct
TX-21821,2026-07-27,2026-M07,Q3,T2,FELLES,Særkostnader & Fellesutgifter (FELLES),Fellesutgifter,6000,Husleie & Eiendomsdrift,6xxx Drift,Husleie & Eiendomsdrift - 2026-M07 (FELLES),822830.03,EMP-109,EMP-129,True,OK,2026_UiA_Full_Oct
TX-21822,2026-08-09,2026-M08,Q3,T2,FELLES,Særkostnader & Fellesutgifter (FELLES),Fellesutgifter,6000,Husleie & Eiendomsdrift,6xxx Drift,Husleie & Eiendomsdrift - 2026-M08 (FELLES),2923600.42,EMP-109,EMP-129,True,OK,2026_UiA_Full_Oct
TX-21823,2026-08-18,2026-M08,Q3,T2,FELLES,Særkostnader & Fellesutgifter (FELLES),Fellesutgifter,6000,Husleie & Eiendomsdrift,6xxx Drift,Husleie & Eiendomsdrift - 2026-M08 (FELLES),1510462.48,EMP-109,EMP-129,True,OK,2026_UiA_Full_Oct
TX-21824,2026-08-27,2026-M08,Q3,T2,FELLES,Særkostnader & Fellesutgifter (FELLES),Fellesutgifter,6000,Husleie & Eiendomsdrift,6xxx Drift,Husleie & Eiendomsdrift - 2026-M08 (FELLES),1392729.41,EMP-109,EMP-129,True,OK,2026_UiA_Full_Oct
TX-21825,2026-09-09,2026-M09,Q3,T3,FELLES,Særkostnader & Fellesutgifter (FELLES),Fellesutgifter,6000,Husleie & Eiendomsdrift,6xxx Drift,Husleie & Eiendomsdrift - 2026-M09 (FELLES),1777871.95,EMP-109,EMP-129,True,OK,2026_UiA_Full_Oct
TX-21826,2026-09-18,2026-M09,Q3,T3,FELLES,Særkostnader & Fellesutgifter (FELLES),Fellesutgifter,6000,Husleie & Eiendomsdrift,6xxx Drift,Husleie & Eiendomsdrift - 2026-M09 (FELLES),3274584.92,EMP-109,EMP-129,True,OK,2026_UiA_Full_Oct
TX-21827,2026-09-27,2026-M09,Q3,T3,FELLES,Særkostnader & Fellesutgifter (FELLES),Fellesutgifter,6000,Husleie & Eiendomsdrift,6xxx Drift,Husleie & Eiendomsdrift - 2026-M09 (FELLES),763079.6,EMP-109,EMP-129,True,OK,2026_UiA_Full_Oct
TX-21828,2026-10-09,2026-M10,Q4,T3,FELLES,Særkostnader & Fellesutgifter (FELLES),Fellesutgifter,6000,Husleie & Eiendomsdrift,6xxx Drift,Husleie & Eiendomsdrift - 2026-M10 (FELLES),1296901.64,EMP-109,EMP-129,True,OK,2026_UiA_Full_Oct
TX-21829,2026-10-18,2026-M10,Q4,T3,FELLES,Særkostnader & Fellesutgifter (FELLES),Fellesutgifter,6000,Husleie & Eiendomsdrift,6xxx Drift,Husleie & Eiendomsdrift - 2026-M10 (FELLES),1368540.03,EMP-109,EMP-129,True,OK,2026_UiA_Full_Oct
TX-21830,2026-10-27,2026-M10,Q4,T3,FELLES,Særkostnader & Fellesutgifter (FELLES),Fellesutgifter,6000,Husleie & Eiendomsdrift,6xxx Drift,Husleie & Eiendomsdrift - 2026-M10 (FELLES),3026827.67,EMP-109,EMP-129,True,OK,2026_UiA_Full_Oct
TX-21831,2026-01-09,2026-M01,Q1,T1,FELLES,Særkostnader & Fellesutgifter (FELLES),Fellesutgifter,6800,"IKT, Rekvisita & Utstyr",6xxx Drift,"IKT, Rekvisita & Utstyr - 2026-M01 (FELLES)",57902.31,EMP-109,EMP-129,True,OK,2026_UiA_Full_Oct
TX-21832,2026-01-18,2026-M01,Q1,T1,FELLES,Særkostnader & Fellesutgifter (FELLES),Fellesutgifter,6800,"IKT, Rekvisita & Utstyr",6xxx Drift,"IKT, Rekvisita & Utstyr - 2026-M01 (FELLES)",2646463.35,EMP-109,EMP-129,True,OK,2026_UiA_Full_Oct
TX-21833,2026-01-27,2026-M01,Q1,T1,FELLES,Særkostnader & Fellesutgifter (FELLES),Fellesutgifter,6800,"IKT, Rekvisita & Utstyr",6xxx Drift,"IKT, Rekvisita & Utstyr - 2026-M01 (FELLES)",615697.58,EMP-109,EMP-129,True,OK,2026_UiA_Full_Oct
TX-21834,2026-02-09,2026-M02,Q1,T1,FELLES,Særkostnader & Fellesutgifter (FELLES),Fellesutgifter,6800,"IKT, Rekvisita & Utstyr",6xxx Drift,"IKT, Rekvisita & Utstyr - 2026-M02 (FELLES)",562901.58,EMP-109,EMP-129,True,OK,2026_UiA_Full_Oct
TX-21835,2026-02-18,2026-M02,Q1,T1,FELLES,Særkostnader & Fellesutgifter (FELLES),Fellesutgifter,6800,"IKT, Rekvisita & Utstyr",6xxx Drift,"IKT, Rekvisita & Utstyr - 2026-M02 (FELLES)",74971.83,EMP-109,EMP-129,True,OK,2026_UiA_Full_Oct
TX-21836,2026-02-27,2026-M02,Q1,T1,FELLES,Særkostnader & Fellesutgifter (FELLES),Fellesutgifter,6800,"IKT, Rekvisita & Utstyr",6xxx Drift,"IKT, Rekvisita & Utstyr - 2026-M02 (FELLES)",2695363.47,EMP-109,EMP-129,True,OK,2026_UiA_Full_Oct
TX-21837,2026-03-09,2026-M03,Q1,T1,FELLES,Særkostnader & Fellesutgifter (FELLES),Fellesutgifter,6800,"IKT, Rekvisita & Utstyr",6xxx Drift,"IKT, Rekvisita & Utstyr - 2026-M03 (FELLES)",372858.51,EMP-109,EMP-129,True,OK,2026_UiA_Full_Oct
TX-21838,2026-03-18,2026-M03,Q1,T1,FELLES,Særkostnader & Fellesutgifter (FELLES),Fellesutgifter,6800,"IKT, Rekvisita & Utstyr",6xxx Drift,"IKT, Rekvisita & Utstyr - 2026-M03 (FELLES)",2801515.96,EMP-109,EMP-129,False,BRUDD: Mangler kvittering (>100 NOK),2026_UiA_Full_Oct
TX-21839,2026-03-27,2026-M03,Q1,T1,FELLES,Særkostnader & Fellesutgifter (FELLES),Fellesutgifter,6800,"IKT, Rekvisita & Utstyr",6xxx Drift,"IKT, Rekvisita & Utstyr - 2026-M03 (FELLES)",94952.09,EMP-109,EMP-129,True,OK,2026_UiA_Full_Oct
TX-21840,2026-04-09,2026-M04,Q2,T1,FELLES,Særkostnader & Fellesutgifter (FELLES),Fellesutgifter,6800,"IKT, Rekvisita & Utstyr",6xxx Drift,"IKT, Rekvisita & Utstyr - 2026-M04 (FELLES)",2051163.82,EMP-109,EMP-129,True,OK,2026_UiA_Full_Oct
TX-21841,2026-04-18,2026-M04,Q2,T1,FELLES,Særkostnader & Fellesutgifter (FELLES),Fellesutgifter,6800,"IKT, Rekvisita & Utstyr",6xxx Drift,"IKT, Rekvisita & Utstyr - 2026-M04 (FELLES)",308956.67,EMP-109,EMP-129,True,OK,2026_UiA_Full_Oct
TX-21842,2026-04-27,2026-M04,Q2,T1,FELLES,Særkostnader & Fellesutgifter (FELLES),Fellesutgifter,6800,"IKT, Rekvisita & Utstyr",6xxx Drift,"IKT, Rekvisita & Utstyr - 2026-M04 (FELLES)",905573.29,EMP-109,EMP-109,True,BRUDD: Egengodkjent (BDM == Attestant),2026_UiA_Full_Oct
TX-21843,2026-05-09,2026-M05,Q2,T2,FELLES,Særkostnader & Fellesutgifter (FELLES),Fellesutgifter,6800,"IKT, Rekvisita & Utstyr",6xxx Drift,"IKT, Rekvisita & Utstyr - 2026-M05 (FELLES)",635510.02,EMP-109,EMP-129,True,OK,2026_UiA_Full_Oct
TX-21844,2026-05-18,2026-M05,Q2,T2,FELLES,Særkostnader & Fellesutgifter (FELLES),Fellesutgifter,6800,"IKT, Rekvisita & Utstyr",6xxx Drift,"IKT, Rekvisita & Utstyr - 2026-M05 (FELLES)",1504514.46,EMP-109,EMP-129,True,OK,2026_UiA_Full_Oct
TX-21845,2026-05-27,2026-M05,Q2,T2,FELLES,Særkostnader & Fellesutgifter (FELLES),Fellesutgifter,6800,"IKT, Rekvisita & Utstyr",6xxx Drift,"IKT, Rekvisita & Utstyr - 2026-M05 (FELLES)",1150786.4,EMP-109,EMP-129,True,OK,2026_UiA_Full_Oct
TX-21846,2026-06-09,2026-M06,Q2,T2,FELLES,Særkostnader & Fellesutgifter (FELLES),Fellesutgifter,6800,"IKT, Rekvisita & Utstyr",6xxx Drift,"IKT, Rekvisita & Utstyr - 2026-M06 (FELLES)",1399993.98,EMP-109,EMP-129,True,OK,2026_UiA_Full_Oct
TX-21847,2026-06-18,2026-M06,Q2,T2,FELLES,Særkostnader & Fellesutgifter (FELLES),Fellesutgifter,6800,"IKT, Rekvisita & Utstyr",6xxx Drift,"IKT, Rekvisita & Utstyr - 2026-M06 (FELLES)",683636.53,EMP-109,EMP-129,True,OK,2026_UiA_Full_Oct
TX-21848,2026-06-27,2026-M06,Q2,T2,FELLES,Særkostnader & Fellesutgifter (FELLES),Fellesutgifter,6800,"IKT, Rekvisita & Utstyr",6xxx Drift,"IKT, Rekvisita & Utstyr - 2026-M06 (FELLES)",1192407.65,EMP-109,EMP-129,True,OK,2026_UiA_Full_Oct
TX-21849,2026-07-09,2026-M07,Q3,T2,FELLES,Særkostnader & Fellesutgifter (FELLES),Fellesutgifter,6800,"IKT, Rekvisita & Utstyr",6xxx Drift,"IKT, Rekvisita & Utstyr - 2026-M07 (FELLES)",539656.01,EMP-109,EMP-129,True,OK,2026_UiA_Full_Oct
TX-21850,2026-07-18,2026-M07,Q3,T2,FELLES,Særkostnader & Fellesutgifter (FELLES),Fellesutgifter,6800,"IKT, Rekvisita & Utstyr",6xxx Drift,"IKT, Rekvisita & Utstyr - 2026-M07 (FELLES)",201132.62,EMP-109,EMP-129,True,OK,2026_UiA_Full_Oct
TX-21851,2026-07-27,2026-M07,Q3,T2,FELLES,Særkostnader & Fellesutgifter (FELLES),Fellesutgifter,6800,"IKT, Rekvisita & Utstyr",6xxx Drift,"IKT, Rekvisita & Utstyr - 2026-M07 (FELLES)",2590263.47,EMP-109,EMP-129,True,OK,2026_UiA_Full_Oct
TX-21852,2026-08-09,2026-M08,Q3,T2,FELLES,Særkostnader & Fellesutgifter (FELLES),Fellesutgifter,6800,"IKT, Rekvisita & Utstyr",6xxx Drift,"IKT, Rekvisita & Utstyr - 2026-M08 (FELLES)",155015.22,EMP-109,EMP-129,True,OK,2026_UiA_Full_Oct
TX-21853,2026-08-18,2026-M08,Q3,T2,FELLES,Særkostnader & Fellesutgifter (FELLES),Fellesutgifter,6800,"IKT, Rekvisita & Utstyr",6xxx Drift,"IKT, Rekvisita & Utstyr - 2026-M08 (FELLES)",2306685.19,EMP-109,EMP-129,True,OK,2026_UiA_Full_Oct
TX-21854,2026-08-27,2026-M08,Q3,T2,FELLES,Særkostnader & Fellesutgifter (FELLES),Fellesutgifter,6800,"IKT, Rekvisita & Utstyr",6xxx Drift,"IKT, Rekvisita & Utstyr - 2026-M08 (FELLES)",822701.2,EMP-109,EMP-129,True,OK,2026_UiA_Full_Oct
TX-21855,2026-09-09,2026-M09,Q3,T3,FELLES,Særkostnader & Fellesutgifter (FELLES),Fellesutgifter,6800,"IKT, Rekvisita & Utstyr",6xxx Drift,"IKT, Rekvisita & Utstyr - 2026-M09 (FELLES)",2996688.87,EMP-109,EMP-129,True,OK,2026_UiA_Full_Oct
TX-21856,2026-09-18,2026-M09,Q3,T3,FELLES,Særkostnader & Fellesutgifter (FELLES),Fellesutgifter,6800,"IKT, Rekvisita & Utstyr",6xxx Drift,"IKT, Rekvisita & Utstyr - 2026-M09 (FELLES)",119012.96,EMP-109,EMP-129,True,OK,2026_UiA_Full_Oct
TX-21857,2026-09-27,2026-M09,Q3,T3,FELLES,Særkostnader & Fellesutgifter (FELLES),Fellesutgifter,6800,"IKT, Rekvisita & Utstyr",6xxx Drift,"IKT, Rekvisita & Utstyr - 2026-M09 (FELLES)",162416.48,EMP-109,EMP-129,True,OK,2026_UiA_Full_Oct
TX-21858,2026-10-09,2026-M10,Q4,T3,FELLES,Særkostnader & Fellesutgifter (FELLES),Fellesutgifter,6800,"IKT, Rekvisita & Utstyr",6xxx Drift,"IKT, Rekvisita & Utstyr - 2026-M10 (FELLES)",251850.64,EMP-109,EMP-129,False,BRUDD: Mangler kvittering (>100 NOK),2026_UiA_Full_Oct
TX-21859,2026-10-18,2026-M10,Q4,T3,FELLES,Særkostnader & Fellesutgifter (FELLES),Fellesutgifter,6800,"IKT, Rekvisita & Utstyr",6xxx Drift,"IKT, Rekvisita & Utstyr - 2026-M10 (FELLES)",2738092.43,EMP-109,EMP-129,True,OK,2026_UiA_Full_Oct
TX-21860,2026-10-27,2026-M10,Q4,T3,FELLES,Særkostnader & Fellesutgifter (FELLES),Fellesutgifter,6800,"IKT, Rekvisita & Utstyr",6xxx Drift,"IKT, Rekvisita & Utstyr - 2026-M10 (FELLES)",338757.5,EMP-109,EMP-129,True,OK,2026_UiA_Full_Oct
TX-21861,2026-01-09,2026-M01,Q1,T1,FELLES,Særkostnader & Fellesutgifter (FELLES),Fellesutgifter,7100,Reise & Representasjon,7xxx Reiser,Reise & Representasjon - 2026-M01 (FELLES),1213077.45,EMP-109,EMP-129,True,OK,2026_UiA_Full_Oct
TX-21862,2026-01-18,2026-M01,Q1,T1,FELLES,Særkostnader & Fellesutgifter (FELLES),Fellesutgifter,7100,Reise & Representasjon,7xxx Reiser,Reise & Representasjon - 2026-M01 (FELLES),161228.96,EMP-109,EMP-129,True,OK,2026_UiA_Full_Oct
TX-21863,2026-01-27,2026-M01,Q1,T1,FELLES,Særkostnader & Fellesutgifter (FELLES),Fellesutgifter,7100,Reise & Representasjon,7xxx Reiser,Reise & Representasjon - 2026-M01 (FELLES),687257.74,EMP-109,EMP-129,True,OK,2026_UiA_Full_Oct
TX-21864,2026-02-09,2026-M02,Q1,T1,FELLES,Særkostnader & Fellesutgifter (FELLES),Fellesutgifter,7100,Reise & Representasjon,7xxx Reiser,Reise & Representasjon - 2026-M02 (FELLES),1209956.62,EMP-109,EMP-129,True,OK,2026_UiA_Full_Oct
TX-21865,2026-02-18,2026-M02,Q1,T1,FELLES,Særkostnader & Fellesutgifter (FELLES),Fellesutgifter,7100,Reise & Representasjon,7xxx Reiser,Reise & Representasjon - 2026-M02 (FELLES),218446.72,EMP-109,EMP-129,True,OK,2026_UiA_Full_Oct
TX-21866,2026-02-27,2026-M02,Q1,T1,FELLES,Særkostnader & Fellesutgifter (FELLES),Fellesutgifter,7100,Reise & Representasjon,7xxx Reiser,Reise & Representasjon - 2026-M02 (FELLES),634042.71,EMP-109,EMP-129,True,OK,2026_UiA_Full_Oct
TX-21867,2026-03-09,2026-M03,Q1,T1,FELLES,Særkostnader & Fellesutgifter (FELLES),Fellesutgifter,7100,Reise & Representasjon,7xxx Reiser,Reise & Representasjon - 2026-M03 (FELLES),1306350.65,EMP-109,EMP-129,True,OK,2026_UiA_Full_Oct
TX-21868,2026-03-18,2026-M03,Q1,T1,FELLES,Særkostnader & Fellesutgifter (FELLES),Fellesutgifter,7100,Reise & Representasjon,7xxx Reiser,Reise & Representasjon - 2026-M03 (FELLES),315915.26,EMP-109,EMP-129,True,OK,2026_UiA_Full_Oct
TX-21869,2026-03-27,2026-M03,Q1,T1,FELLES,Særkostnader & Fellesutgifter (FELLES),Fellesutgifter,7100,Reise & Representasjon,7xxx Reiser,Reise & Representasjon - 2026-M03 (FELLES),422890.38,EMP-109,EMP-129,True,OK,2026_UiA_Full_Oct
TX-21870,2026-04-09,2026-M04,Q2,T1,FELLES,Særkostnader & Fellesutgifter (FELLES),Fellesutgifter,7100,Reise & Representasjon,7xxx Reiser,Reise & Representasjon - 2026-M04 (FELLES),838352.43,EMP-109,EMP-129,True,OK,2026_UiA_Full_Oct
TX-21871,2026-04-18,2026-M04,Q2,T1,FELLES,Særkostnader & Fellesutgifter (FELLES),Fellesutgifter,7100,Reise & Representasjon,7xxx Reiser,Reise & Representasjon - 2026-M04 (FELLES),1182065.64,EMP-109,EMP-129,True,OK,2026_UiA_Full_Oct
TX-21872,2026-04-27,2026-M04,Q2,T1,FELLES,Særkostnader & Fellesutgifter (FELLES),Fellesutgifter,7100,Reise & Representasjon,7xxx Reiser,Reise & Representasjon - 2026-M04 (FELLES),47016.37,EMP-109,EMP-129,True,OK,2026_UiA_Full_Oct
TX-21873,2026-05-09,2026-M05,Q2,T2,FELLES,Særkostnader & Fellesutgifter (FELLES),Fellesutgifter,7100,Reise & Representasjon,7xxx Reiser,Reise & Representasjon - 2026-M05 (FELLES),440343.91,EMP-109,EMP-129,True,OK,2026_UiA_Full_Oct
TX-21874,2026-05-18,2026-M05,Q2,T2,FELLES,Særkostnader & Fellesutgifter (FELLES),Fellesutgifter,7100,Reise & Representasjon,7xxx Reiser,Reise & Representasjon - 2026-M05 (FELLES),1143012.43,EMP-109,EMP-129,True,OK,2026_UiA_Full_Oct
TX-21875,2026-05-27,2026-M05,Q2,T2,FELLES,Særkostnader & Fellesutgifter (FELLES),Fellesutgifter,7100,Reise & Representasjon,7xxx Reiser,Reise & Representasjon - 2026-M05 (FELLES),500027.25,EMP-109,EMP-129,True,OK,2026_UiA_Full_Oct
TX-21876,2026-06-09,2026-M06,Q2,T2,FELLES,Særkostnader & Fellesutgifter (FELLES),Fellesutgifter,7100,Reise & Representasjon,7xxx Reiser,Reise & Representasjon - 2026-M06 (FELLES),377396.78,EMP-109,EMP-129,True,OK,2026_UiA_Full_Oct
TX-21877,2026-06-18,2026-M06,Q2,T2,FELLES,Særkostnader & Fellesutgifter (FELLES),Fellesutgifter,7100,Reise & Representasjon,7xxx Reiser,Reise & Representasjon - 2026-M06 (FELLES),60636.29,EMP-109,EMP-129,True,OK,2026_UiA_Full_Oct
TX-21878,2026-06-27,2026-M06,Q2,T2,FELLES,Særkostnader & Fellesutgifter (FELLES),Fellesutgifter,7100,Reise & Representasjon,7xxx Reiser,Reise & Representasjon - 2026-M06 (FELLES),1589941.91,EMP-109,EMP-129,True,OK,2026_UiA_Full_Oct
TX-21879,2026-07-09,2026-M07,Q3,T2,FELLES,Særkostnader & Fellesutgifter (FELLES),Fellesutgifter,7100,Reise & Representasjon,7xxx Reiser,Reise & Representasjon - 2026-M07 (FELLES),1088666.9,EMP-109,EMP-129,True,OK,2026_UiA_Full_Oct
TX-21880,2026-07-18,2026-M07,Q3,T2,FELLES,Særkostnader & Fellesutgifter (FELLES),Fellesutgifter,7100,Reise & Representasjon,7xxx Reiser,Reise & Representasjon - 2026-M07 (FELLES),268394.34,EMP-109,EMP-129,True,OK,2026_UiA_Full_Oct
TX-21881,2026-07-27,2026-M07,Q3,T2,FELLES,Særkostnader & Fellesutgifter (FELLES),Fellesutgifter,7100,Reise & Representasjon,7xxx Reiser,Reise & Representasjon - 2026-M07 (FELLES),691852.12,EMP-109,EMP-129,True,OK,2026_UiA_Full_Oct
TX-21882,2026-08-09,2026-M08,Q3,T2,FELLES,Særkostnader & Fellesutgifter (FELLES),Fellesutgifter,7100,Reise & Representasjon,7xxx Reiser,Reise & Representasjon - 2026-M08 (FELLES),931699.63,EMP-109,EMP-129,True,OK,2026_UiA_Full_Oct
TX-21883,2026-08-18,2026-M08,Q3,T2,FELLES,Særkostnader & Fellesutgifter (FELLES),Fellesutgifter,7100,Reise & Representasjon,7xxx Reiser,Reise & Representasjon - 2026-M08 (FELLES),972848.77,EMP-109,EMP-129,True,OK,2026_UiA_Full_Oct
TX-21884,2026-08-27,2026-M08,Q3,T2,FELLES,Særkostnader & Fellesutgifter (FELLES),Fellesutgifter,7100,Reise & Representasjon,7xxx Reiser,Reise & Representasjon - 2026-M08 (FELLES),171809.08,EMP-109,EMP-129,True,OK,2026_UiA_Full_Oct
TX-21885,2026-09-09,2026-M09,Q3,T3,FELLES,Særkostnader & Fellesutgifter (FELLES),Fellesutgifter,7100,Reise & Representasjon,7xxx Reiser,Reise & Representasjon - 2026-M09 (FELLES),547329.37,EMP-109,EMP-129,True,OK,2026_UiA_Full_Oct
TX-21886,2026-09-18,2026-M09,Q3,T3,FELLES,Særkostnader & Fellesutgifter (FELLES),Fellesutgifter,7100,Reise & Representasjon,7xxx Reiser,Reise & Representasjon - 2026-M09 (FELLES),1460847.77,EMP-109,EMP-129,True,OK,2026_UiA_Full_Oct
TX-21887,2026-09-27,2026-M09,Q3,T3,FELLES,Særkostnader & Fellesutgifter (FELLES),Fellesutgifter,7100,Reise & Representasjon,7xxx Reiser,Reise & Representasjon - 2026-M09 (FELLES),37559.75,EMP-109,EMP-129,False,BRUDD: Mangler kvittering (>100 NOK),2026_UiA_Full_Oct
TX-21888,2026-10-09,2026-M10,Q4,T3,FELLES,Særkostnader & Fellesutgifter (FELLES),Fellesutgifter,7100,Reise & Representasjon,7xxx Reiser,Reise & Representasjon - 2026-M10 (FELLES),810658.77,EMP-109,EMP-129,True,OK,2026_UiA_Full_Oct
TX-21889,2026-10-18,2026-M10,Q4,T3,FELLES,Særkostnader & Fellesutgifter (FELLES),Fellesutgifter,7100,Reise & Representasjon,7xxx Reiser,Reise & Representasjon - 2026-M10 (FELLES),572336.77,EMP-109,EMP-129,False,BRUDD: Mangler kvittering (>100 NOK),2026_UiA_Full_Oct
TX-21890,2026-10-27,2026-M10,Q4,T3,FELLES,Særkostnader & Fellesutgifter (FELLES),Fellesutgifter,7100,Reise & Representasjon,7xxx Reiser,Reise & Representasjon - 2026-M10 (FELLES),669170.66,EMP-109,EMP-129,True,OK,2026_UiA_Full_Oct
TX-21891,2026-01-09,2026-M01,Q1,T1,FELLES,Særkostnader & Fellesutgifter (FELLES),Fellesutgifter,7800,Andre Driftskostnader & Konsulenter,7xxx Reiser,Andre Driftskostnader & Konsulenter - 2026-M01 (FELLES),291319.73,EMP-109,EMP-129,True,OK,2026_UiA_Full_Oct
TX-21892,2026-01-18,2026-M01,Q1,T1,FELLES,Særkostnader & Fellesutgifter (FELLES),Fellesutgifter,7800,Andre Driftskostnader & Konsulenter,7xxx Reiser,Andre Driftskostnader & Konsulenter - 2026-M01 (FELLES),707098.04,EMP-109,EMP-129,True,OK,2026_UiA_Full_Oct
TX-21893,2026-01-27,2026-M01,Q1,T1,FELLES,Særkostnader & Fellesutgifter (FELLES),Fellesutgifter,7800,Andre Driftskostnader & Konsulenter,7xxx Reiser,Andre Driftskostnader & Konsulenter - 2026-M01 (FELLES),237680.96,EMP-109,EMP-129,True,OK,2026_UiA_Full_Oct
TX-21894,2026-02-09,2026-M02,Q1,T1,FELLES,Særkostnader & Fellesutgifter (FELLES),Fellesutgifter,7800,Andre Driftskostnader & Konsulenter,7xxx Reiser,Andre Driftskostnader & Konsulenter - 2026-M02 (FELLES),791124.78,EMP-109,EMP-129,True,OK,2026_UiA_Full_Oct
TX-21895,2026-02-18,2026-M02,Q1,T1,FELLES,Særkostnader & Fellesutgifter (FELLES),Fellesutgifter,7800,Andre Driftskostnader & Konsulenter,7xxx Reiser,Andre Driftskostnader & Konsulenter - 2026-M02 (FELLES),54331.19,EMP-109,EMP-129,True,OK,2026_UiA_Full_Oct
TX-21896,2026-02-27,2026-M02,Q1,T1,FELLES,Særkostnader & Fellesutgifter (FELLES),Fellesutgifter,7800,Andre Driftskostnader & Konsulenter,7xxx Reiser,Andre Driftskostnader & Konsulenter - 2026-M02 (FELLES),379207.01,EMP-109,EMP-129,True,OK,2026_UiA_Full_Oct
TX-21897,2026-03-09,2026-M03,Q1,T1,FELLES,Særkostnader & Fellesutgifter (FELLES),Fellesutgifter,7800,Andre Driftskostnader & Konsulenter,7xxx Reiser,Andre Driftskostnader & Konsulenter - 2026-M03 (FELLES),955869.48,EMP-109,EMP-129,True,OK,2026_UiA_Full_Oct
TX-21898,2026-03-18,2026-M03,Q1,T1,FELLES,Særkostnader & Fellesutgifter (FELLES),Fellesutgifter,7800,Andre Driftskostnader & Konsulenter,7xxx Reiser,Andre Driftskostnader & Konsulenter - 2026-M03 (FELLES),116129.17,EMP-109,EMP-129,True,OK,2026_UiA_Full_Oct
TX-21899,2026-03-27,2026-M03,Q1,T1,FELLES,Særkostnader & Fellesutgifter (FELLES),Fellesutgifter,7800,Andre Driftskostnader & Konsulenter,7xxx Reiser,Andre Driftskostnader & Konsulenter - 2026-M03 (FELLES),143306.09,EMP-109,EMP-129,True,OK,2026_UiA_Full_Oct
TX-21900,2026-04-09,2026-M04,Q2,T1,FELLES,Særkostnader & Fellesutgifter (FELLES),Fellesutgifter,7800,Andre Driftskostnader & Konsulenter,7xxx Reiser,Andre Driftskostnader & Konsulenter - 2026-M04 (FELLES),493462.03,EMP-109,EMP-129,True,OK,2026_UiA_Full_Oct
TX-21901,2026-04-18,2026-M04,Q2,T1,FELLES,Særkostnader & Fellesutgifter (FELLES),Fellesutgifter,7800,Andre Driftskostnader & Konsulenter,7xxx Reiser,Andre Driftskostnader & Konsulenter - 2026-M04 (FELLES),658638.64,EMP-109,EMP-129,True,OK,2026_UiA_Full_Oct
TX-21902,2026-04-27,2026-M04,Q2,T1,FELLES,Særkostnader & Fellesutgifter (FELLES),Fellesutgifter,7800,Andre Driftskostnader & Konsulenter,7xxx Reiser,Andre Driftskostnader & Konsulenter - 2026-M04 (FELLES),64018.54,EMP-109,EMP-129,True,OK,2026_UiA_Full_Oct
TX-21903,2026-05-09,2026-M05,Q2,T2,FELLES,Særkostnader & Fellesutgifter (FELLES),Fellesutgifter,7800,Andre Driftskostnader & Konsulenter,7xxx Reiser,Andre Driftskostnader & Konsulenter - 2026-M05 (FELLES),336547.76,EMP-109,EMP-129,True,OK,2026_UiA_Full_Oct
TX-21904,2026-05-18,2026-M05,Q2,T2,FELLES,Særkostnader & Fellesutgifter (FELLES),Fellesutgifter,7800,Andre Driftskostnader & Konsulenter,7xxx Reiser,Andre Driftskostnader & Konsulenter - 2026-M05 (FELLES),397100.38,EMP-109,EMP-129,True,OK,2026_UiA_Full_Oct
TX-21905,2026-05-27,2026-M05,Q2,T2,FELLES,Særkostnader & Fellesutgifter (FELLES),Fellesutgifter,7800,Andre Driftskostnader & Konsulenter,7xxx Reiser,Andre Driftskostnader & Konsulenter - 2026-M05 (FELLES),511919.1,EMP-109,EMP-129,True,OK,2026_UiA_Full_Oct
TX-21906,2026-06-09,2026-M06,Q2,T2,FELLES,Særkostnader & Fellesutgifter (FELLES),Fellesutgifter,7800,Andre Driftskostnader & Konsulenter,7xxx Reiser,Andre Driftskostnader & Konsulenter - 2026-M06 (FELLES),468802.9,EMP-109,EMP-129,True,OK,2026_UiA_Full_Oct
TX-21907,2026-06-18,2026-M06,Q2,T2,FELLES,Særkostnader & Fellesutgifter (FELLES),Fellesutgifter,7800,Andre Driftskostnader & Konsulenter,7xxx Reiser,Andre Driftskostnader & Konsulenter - 2026-M06 (FELLES),610521.55,EMP-109,EMP-129,True,OK,2026_UiA_Full_Oct
TX-21908,2026-06-27,2026-M06,Q2,T2,FELLES,Særkostnader & Fellesutgifter (FELLES),Fellesutgifter,7800,Andre Driftskostnader & Konsulenter,7xxx Reiser,Andre Driftskostnader & Konsulenter - 2026-M06 (FELLES),147913.41,EMP-109,EMP-129,True,OK,2026_UiA_Full_Oct
TX-21909,2026-07-09,2026-M07,Q3,T2,FELLES,Særkostnader & Fellesutgifter (FELLES),Fellesutgifter,7800,Andre Driftskostnader & Konsulenter,7xxx Reiser,Andre Driftskostnader & Konsulenter - 2026-M07 (FELLES),502723.18,EMP-109,EMP-129,True,OK,2026_UiA_Full_Oct
TX-21910,2026-07-18,2026-M07,Q3,T2,FELLES,Særkostnader & Fellesutgifter (FELLES),Fellesutgifter,7800,Andre Driftskostnader & Konsulenter,7xxx Reiser,Andre Driftskostnader & Konsulenter - 2026-M07 (FELLES),213063.27,EMP-109,EMP-129,True,OK,2026_UiA_Full_Oct
TX-21911,2026-07-27,2026-M07,Q3,T2,FELLES,Særkostnader & Fellesutgifter (FELLES),Fellesutgifter,7800,Andre Driftskostnader & Konsulenter,7xxx Reiser,Andre Driftskostnader & Konsulenter - 2026-M07 (FELLES),508060.77,EMP-109,EMP-129,True,OK,2026_UiA_Full_Oct
TX-21912,2026-08-09,2026-M08,Q3,T2,FELLES,Særkostnader & Fellesutgifter (FELLES),Fellesutgifter,7800,Andre Driftskostnader & Konsulenter,7xxx Reiser,Andre Driftskostnader & Konsulenter - 2026-M08 (FELLES),217127.5,EMP-109,EMP-129,True,OK,2026_UiA_Full_Oct
TX-21913,2026-08-18,2026-M08,Q3,T2,FELLES,Særkostnader & Fellesutgifter (FELLES),Fellesutgifter,7800,Andre Driftskostnader & Konsulenter,7xxx Reiser,Andre Driftskostnader & Konsulenter - 2026-M08 (FELLES),147226.87,EMP-109,EMP-129,True,OK,2026_UiA_Full_Oct
TX-21914,2026-08-27,2026-M08,Q3,T2,FELLES,Særkostnader & Fellesutgifter (FELLES),Fellesutgifter,7800,Andre Driftskostnader & Konsulenter,7xxx Reiser,Andre Driftskostnader & Konsulenter - 2026-M08 (FELLES),880886.01,EMP-109,EMP-129,True,OK,2026_UiA_Full_Oct
TX-21915,2026-09-09,2026-M09,Q3,T3,FELLES,Særkostnader & Fellesutgifter (FELLES),Fellesutgifter,7800,Andre Driftskostnader & Konsulenter,7xxx Reiser,Andre Driftskostnader & Konsulenter - 2026-M09 (FELLES),63149.68,EMP-109,EMP-129,True,OK,2026_UiA_Full_Oct
TX-21916,2026-09-18,2026-M09,Q3,T3,FELLES,Særkostnader & Fellesutgifter (FELLES),Fellesutgifter,7800,Andre Driftskostnader & Konsulenter,7xxx Reiser,Andre Driftskostnader & Konsulenter - 2026-M09 (FELLES),982619.78,EMP-109,EMP-129,True,OK,2026_UiA_Full_Oct
TX-21917,2026-09-27,2026-M09,Q3,T3,FELLES,Særkostnader & Fellesutgifter (FELLES),Fellesutgifter,7800,Andre Driftskostnader & Konsulenter,7xxx Reiser,Andre Driftskostnader & Konsulenter - 2026-M09 (FELLES),183184.39,EMP-109,EMP-129,True,OK,2026_UiA_Full_Oct
TX-21918,2026-10-09,2026-M10,Q4,T3,FELLES,Særkostnader & Fellesutgifter (FELLES),Fellesutgifter,7800,Andre Driftskostnader & Konsulenter,7xxx Reiser,Andre Driftskostnader & Konsulenter - 2026-M10 (FELLES),6995.39,EMP-109,EMP-129,True,OK,2026_UiA_Full_Oct
TX-21919,2026-10-18,2026-M10,Q4,T3,FELLES,Særkostnader & Fellesutgifter (FELLES),Fellesutgifter,7800,Andre Driftskostnader & Konsulenter,7xxx Reiser,Andre Driftskostnader & Konsulenter - 2026-M10 (FELLES),1130908.4,EMP-109,EMP-129,True,OK,2026_UiA_Full_Oct
TX-21920,2026-10-27,2026-M10,Q4,T3,FELLES,Særkostnader & Fellesutgifter (FELLES),Fellesutgifter,7800,Andre Driftskostnader & Konsulenter,7xxx Reiser,Andre Driftskostnader & Konsulenter - 2026-M10 (FELLES),113199.21,EMP-109,EMP-129,True,OK,2026_UiA_Full_Oct
