Transaksjon_ID,Dato,Maaned,Kvartal,Tertial,Avdeling_Kode,Avdeling,Enhet_Type,Konto,Kontonavn,Kategori,Beskrivelse,Belop_NOK,BDM_ID,Attestant_ID,Kvittering_Vedlagt,Kontrollflagg,Tag
TX-20001,2026-01-09,2026-M01,Q1,T1,HH,Handelshøyskolen (HH),Fakultet,3000,Statlig Rammebevilgning (Kap 260.50),3xxx Inntekter,Statlig Rammebevilgning (Kap 260.50) - 2026-M01 (HH),-2498901.11,EMP-103,EMP-123,True,OK,2026_UiA_Full_Oct
TX-20002,2026-01-18,2026-M01,Q1,T1,HH,Handelshøyskolen (HH),Fakultet,3000,Statlig Rammebevilgning (Kap 260.50),3xxx Inntekter,Statlig Rammebevilgning (Kap 260.50) - 2026-M01 (HH),-4757125.2,EMP-103,EMP-123,True,OK,2026_UiA_Full_Oct
TX-20003,2026-01-27,2026-M01,Q1,T1,HH,Handelshøyskolen (HH),Fakultet,3000,Statlig Rammebevilgning (Kap 260.50),3xxx Inntekter,Statlig Rammebevilgning (Kap 260.50) - 2026-M01 (HH),-1805801.53,EMP-103,EMP-123,True,OK,2026_UiA_Full_Oct
TX-20004,2026-02-09,2026-M02,Q1,T1,HH,Handelshøyskolen (HH),Fakultet,3000,Statlig Rammebevilgning (Kap 260.50),3xxx Inntekter,Statlig Rammebevilgning (Kap 260.50) - 2026-M02 (HH),-3176220.99,EMP-103,EMP-123,True,OK,2026_UiA_Full_Oct
TX-20005,2026-02-18,2026-M02,Q1,T1,HH,Handelshøyskolen (HH),Fakultet,3000,Statlig Rammebevilgning (Kap 260.50),3xxx Inntekter,Statlig Rammebevilgning (Kap 260.50) - 2026-M02 (HH),-3595785.2,EMP-103,EMP-123,True,OK,2026_UiA_Full_Oct
TX-20006,2026-02-27,2026-M02,Q1,T1,HH,Handelshøyskolen (HH),Fakultet,3000,Statlig Rammebevilgning (Kap 260.50),3xxx Inntekter,Statlig Rammebevilgning (Kap 260.50) - 2026-M02 (HH),-2408330.57,EMP-103,EMP-123,True,OK,2026_UiA_Full_Oct
TX-20007,2026-03-09,2026-M03,Q1,T1,HH,Handelshøyskolen (HH),Fakultet,3000,Statlig Rammebevilgning (Kap 260.50),3xxx Inntekter,Statlig Rammebevilgning (Kap 260.50) - 2026-M03 (HH),-3578696.75,EMP-103,EMP-123,True,OK,2026_UiA_Full_Oct
TX-20008,2026-03-18,2026-M03,Q1,T1,HH,Handelshøyskolen (HH),Fakultet,3000,Statlig Rammebevilgning (Kap 260.50),3xxx Inntekter,Statlig Rammebevilgning (Kap 260.50) - 2026-M03 (HH),-3362569.13,EMP-103,EMP-123,True,OK,2026_UiA_Full_Oct
TX-20009,2026-03-27,2026-M03,Q1,T1,HH,Handelshøyskolen (HH),Fakultet,3000,Statlig Rammebevilgning (Kap 260.50),3xxx Inntekter,Statlig Rammebevilgning (Kap 260.50) - 2026-M03 (HH),-2184791.92,EMP-103,EMP-123,True,OK,2026_UiA_Full_Oct
TX-20010,2026-04-09,2026-M04,Q2,T1,HH,Handelshøyskolen (HH),Fakultet,3000,Statlig Rammebevilgning (Kap 260.50),3xxx Inntekter,Statlig Rammebevilgning (Kap 260.50) - 2026-M04 (HH),-2958620.51,EMP-103,EMP-123,True,OK,2026_UiA_Full_Oct
TX-20011,2026-04-18,2026-M04,Q2,T1,HH,Handelshøyskolen (HH),Fakultet,3000,Statlig Rammebevilgning (Kap 260.50),3xxx Inntekter,Statlig Rammebevilgning (Kap 260.50) - 2026-M04 (HH),-5527629.25,EMP-103,EMP-123,True,OK,2026_UiA_Full_Oct
TX-20012,2026-04-27,2026-M04,Q2,T1,HH,Handelshøyskolen (HH),Fakultet,3000,Statlig Rammebevilgning (Kap 260.50),3xxx Inntekter,Statlig Rammebevilgning (Kap 260.50) - 2026-M04 (HH),-659503.79,EMP-103,EMP-123,True,OK,2026_UiA_Full_Oct
TX-20013,2026-05-09,2026-M05,Q2,T2,HH,Handelshøyskolen (HH),Fakultet,3000,Statlig Rammebevilgning (Kap 260.50),3xxx Inntekter,Statlig Rammebevilgning (Kap 260.50) - 2026-M05 (HH),-5626377.51,EMP-103,EMP-123,True,OK,2026_UiA_Full_Oct
TX-20014,2026-05-18,2026-M05,Q2,T2,HH,Handelshøyskolen (HH),Fakultet,3000,Statlig Rammebevilgning (Kap 260.50),3xxx Inntekter,Statlig Rammebevilgning (Kap 260.50) - 2026-M05 (HH),-2326635.76,EMP-103,EMP-123,True,OK,2026_UiA_Full_Oct
TX-20015,2026-05-27,2026-M05,Q2,T2,HH,Handelshøyskolen (HH),Fakultet,3000,Statlig Rammebevilgning (Kap 260.50),3xxx Inntekter,Statlig Rammebevilgning (Kap 260.50) - 2026-M05 (HH),-992396.02,EMP-103,EMP-123,True,OK,2026_UiA_Full_Oct
TX-20016,2026-06-09,2026-M06,Q2,T2,HH,Handelshøyskolen (HH),Fakultet,3000,Statlig Rammebevilgning (Kap 260.50),3xxx Inntekter,Statlig Rammebevilgning (Kap 260.50) - 2026-M06 (HH),-4101110.74,EMP-103,EMP-123,True,OK,2026_UiA_Full_Oct
TX-20017,2026-06-18,2026-M06,Q2,T2,HH,Handelshøyskolen (HH),Fakultet,3000,Statlig Rammebevilgning (Kap 260.50),3xxx Inntekter,Statlig Rammebevilgning (Kap 260.50) - 2026-M06 (HH),-4696907.21,EMP-103,EMP-123,True,OK,2026_UiA_Full_Oct
TX-20018,2026-06-27,2026-M06,Q2,T2,HH,Handelshøyskolen (HH),Fakultet,3000,Statlig Rammebevilgning (Kap 260.50),3xxx Inntekter,Statlig Rammebevilgning (Kap 260.50) - 2026-M06 (HH),-386708.37,EMP-103,EMP-123,True,OK,2026_UiA_Full_Oct
TX-20019,2026-07-09,2026-M07,Q3,T2,HH,Handelshøyskolen (HH),Fakultet,3000,Statlig Rammebevilgning (Kap 260.50),3xxx Inntekter,Statlig Rammebevilgning (Kap 260.50) - 2026-M07 (HH),-100212.11,EMP-103,EMP-123,True,OK,2026_UiA_Full_Oct
TX-20020,2026-07-18,2026-M07,Q3,T2,HH,Handelshøyskolen (HH),Fakultet,3000,Statlig Rammebevilgning (Kap 260.50),3xxx Inntekter,Statlig Rammebevilgning (Kap 260.50) - 2026-M07 (HH),-6342828.36,EMP-103,EMP-123,True,OK,2026_UiA_Full_Oct
TX-20021,2026-07-27,2026-M07,Q3,T2,HH,Handelshøyskolen (HH),Fakultet,3000,Statlig Rammebevilgning (Kap 260.50),3xxx Inntekter,Statlig Rammebevilgning (Kap 260.50) - 2026-M07 (HH),-2612396.71,EMP-103,EMP-123,True,OK,2026_UiA_Full_Oct
TX-20022,2026-08-09,2026-M08,Q3,T2,HH,Handelshøyskolen (HH),Fakultet,3000,Statlig Rammebevilgning (Kap 260.50),3xxx Inntekter,Statlig Rammebevilgning (Kap 260.50) - 2026-M08 (HH),-3265770.9,EMP-103,EMP-123,True,OK,2026_UiA_Full_Oct
TX-20023,2026-08-18,2026-M08,Q3,T2,HH,Handelshøyskolen (HH),Fakultet,3000,Statlig Rammebevilgning (Kap 260.50),3xxx Inntekter,Statlig Rammebevilgning (Kap 260.50) - 2026-M08 (HH),-2415237.35,EMP-103,EMP-123,True,OK,2026_UiA_Full_Oct
TX-20024,2026-08-27,2026-M08,Q3,T2,HH,Handelshøyskolen (HH),Fakultet,3000,Statlig Rammebevilgning (Kap 260.50),3xxx Inntekter,Statlig Rammebevilgning (Kap 260.50) - 2026-M08 (HH),-3296666.42,EMP-103,EMP-123,True,OK,2026_UiA_Full_Oct
TX-20025,2026-09-09,2026-M09,Q3,T3,HH,Handelshøyskolen (HH),Fakultet,3000,Statlig Rammebevilgning (Kap 260.50),3xxx Inntekter,Statlig Rammebevilgning (Kap 260.50) - 2026-M09 (HH),-1477322.53,EMP-103,EMP-123,True,OK,2026_UiA_Full_Oct
TX-20026,2026-09-18,2026-M09,Q3,T3,HH,Handelshøyskolen (HH),Fakultet,3000,Statlig Rammebevilgning (Kap 260.50),3xxx Inntekter,Statlig Rammebevilgning (Kap 260.50) - 2026-M09 (HH),-7141535.82,EMP-103,EMP-123,True,OK,2026_UiA_Full_Oct
TX-20027,2026-09-27,2026-M09,Q3,T3,HH,Handelshøyskolen (HH),Fakultet,3000,Statlig Rammebevilgning (Kap 260.50),3xxx Inntekter,Statlig Rammebevilgning (Kap 260.50) - 2026-M09 (HH),-386209.23,EMP-103,EMP-123,True,OK,2026_UiA_Full_Oct
TX-20028,2026-10-09,2026-M10,Q4,T3,HH,Handelshøyskolen (HH),Fakultet,3000,Statlig Rammebevilgning (Kap 260.50),3xxx Inntekter,Statlig Rammebevilgning (Kap 260.50) - 2026-M10 (HH),-1127925.15,EMP-103,EMP-123,True,OK,2026_UiA_Full_Oct
TX-20029,2026-10-18,2026-M10,Q4,T3,HH,Handelshøyskolen (HH),Fakultet,3000,Statlig Rammebevilgning (Kap 260.50),3xxx Inntekter,Statlig Rammebevilgning (Kap 260.50) - 2026-M10 (HH),-3578931.78,EMP-103,EMP-123,True,OK,2026_UiA_Full_Oct
TX-20030,2026-10-27,2026-M10,Q4,T3,HH,Handelshøyskolen (HH),Fakultet,3000,Statlig Rammebevilgning (Kap 260.50),3xxx Inntekter,Statlig Rammebevilgning (Kap 260.50) - 2026-M10 (HH),-4382323.14,EMP-103,EMP-123,True,OK,2026_UiA_Full_Oct
TX-20031,2026-01-09,2026-M01,Q1,T1,HH,Handelshøyskolen (HH),Fakultet,3400,BOA Ekstern Prosjektstøtte (NFR/EU),3xxx Inntekter,BOA Ekstern Prosjektstøtte (NFR/EU) - 2026-M01 (HH),-950248.48,EMP-103,EMP-123,True,OK,2026_UiA_Full_Oct
TX-20032,2026-01-18,2026-M01,Q1,T1,HH,Handelshøyskolen (HH),Fakultet,3400,BOA Ekstern Prosjektstøtte (NFR/EU),3xxx Inntekter,BOA Ekstern Prosjektstøtte (NFR/EU) - 2026-M01 (HH),-286770.63,EMP-103,EMP-123,True,OK,2026_UiA_Full_Oct
TX-20033,2026-01-27,2026-M01,Q1,T1,HH,Handelshøyskolen (HH),Fakultet,3400,BOA Ekstern Prosjektstøtte (NFR/EU),3xxx Inntekter,BOA Ekstern Prosjektstøtte (NFR/EU) - 2026-M01 (HH),-773556.62,EMP-103,EMP-123,True,OK,2026_UiA_Full_Oct
TX-20034,2026-02-09,2026-M02,Q1,T1,HH,Handelshøyskolen (HH),Fakultet,3400,BOA Ekstern Prosjektstøtte (NFR/EU),3xxx Inntekter,BOA Ekstern Prosjektstøtte (NFR/EU) - 2026-M02 (HH),-183809.05,EMP-103,EMP-123,True,OK,2026_UiA_Full_Oct
TX-20035,2026-02-18,2026-M02,Q1,T1,HH,Handelshøyskolen (HH),Fakultet,3400,BOA Ekstern Prosjektstøtte (NFR/EU),3xxx Inntekter,BOA Ekstern Prosjektstøtte (NFR/EU) - 2026-M02 (HH),-1249592.91,EMP-103,EMP-123,True,OK,2026_UiA_Full_Oct
TX-20036,2026-02-27,2026-M02,Q1,T1,HH,Handelshøyskolen (HH),Fakultet,3400,BOA Ekstern Prosjektstøtte (NFR/EU),3xxx Inntekter,BOA Ekstern Prosjektstøtte (NFR/EU) - 2026-M02 (HH),-554576.06,EMP-103,EMP-123,True,OK,2026_UiA_Full_Oct
TX-20037,2026-03-09,2026-M03,Q1,T1,HH,Handelshøyskolen (HH),Fakultet,3400,BOA Ekstern Prosjektstøtte (NFR/EU),3xxx Inntekter,BOA Ekstern Prosjektstøtte (NFR/EU) - 2026-M03 (HH),-299682.31,EMP-103,EMP-123,True,OK,2026_UiA_Full_Oct
TX-20038,2026-03-18,2026-M03,Q1,T1,HH,Handelshøyskolen (HH),Fakultet,3400,BOA Ekstern Prosjektstøtte (NFR/EU),3xxx Inntekter,BOA Ekstern Prosjektstøtte (NFR/EU) - 2026-M03 (HH),-1268108.54,EMP-103,EMP-123,True,OK,2026_UiA_Full_Oct
TX-20039,2026-03-27,2026-M03,Q1,T1,HH,Handelshøyskolen (HH),Fakultet,3400,BOA Ekstern Prosjektstøtte (NFR/EU),3xxx Inntekter,BOA Ekstern Prosjektstøtte (NFR/EU) - 2026-M03 (HH),-438966.72,EMP-103,EMP-123,True,OK,2026_UiA_Full_Oct
TX-20040,2026-04-09,2026-M04,Q2,T1,HH,Handelshøyskolen (HH),Fakultet,3400,BOA Ekstern Prosjektstøtte (NFR/EU),3xxx Inntekter,BOA Ekstern Prosjektstøtte (NFR/EU) - 2026-M04 (HH),-157679.38,EMP-103,EMP-123,True,OK,2026_UiA_Full_Oct
TX-20041,2026-04-18,2026-M04,Q2,T1,HH,Handelshøyskolen (HH),Fakultet,3400,BOA Ekstern Prosjektstøtte (NFR/EU),3xxx Inntekter,BOA Ekstern Prosjektstøtte (NFR/EU) - 2026-M04 (HH),-1075237.32,EMP-103,EMP-123,True,OK,2026_UiA_Full_Oct
TX-20042,2026-04-27,2026-M04,Q2,T1,HH,Handelshøyskolen (HH),Fakultet,3400,BOA Ekstern Prosjektstøtte (NFR/EU),3xxx Inntekter,BOA Ekstern Prosjektstøtte (NFR/EU) - 2026-M04 (HH),-752973.95,EMP-103,EMP-123,True,OK,2026_UiA_Full_Oct
TX-20043,2026-05-09,2026-M05,Q2,T2,HH,Handelshøyskolen (HH),Fakultet,3400,BOA Ekstern Prosjektstøtte (NFR/EU),3xxx Inntekter,BOA Ekstern Prosjektstøtte (NFR/EU) - 2026-M05 (HH),-713414.78,EMP-103,EMP-123,True,OK,2026_UiA_Full_Oct
TX-20044,2026-05-18,2026-M05,Q2,T2,HH,Handelshøyskolen (HH),Fakultet,3400,BOA Ekstern Prosjektstøtte (NFR/EU),3xxx Inntekter,BOA Ekstern Prosjektstøtte (NFR/EU) - 2026-M05 (HH),-901982.9,EMP-103,EMP-123,True,OK,2026_UiA_Full_Oct
TX-20045,2026-05-27,2026-M05,Q2,T2,HH,Handelshøyskolen (HH),Fakultet,3400,BOA Ekstern Prosjektstøtte (NFR/EU),3xxx Inntekter,BOA Ekstern Prosjektstøtte (NFR/EU) - 2026-M05 (HH),-383125.72,EMP-103,EMP-123,True,OK,2026_UiA_Full_Oct
TX-20046,2026-06-09,2026-M06,Q2,T2,HH,Handelshøyskolen (HH),Fakultet,3400,BOA Ekstern Prosjektstøtte (NFR/EU),3xxx Inntekter,BOA Ekstern Prosjektstøtte (NFR/EU) - 2026-M06 (HH),-527488.3,EMP-103,EMP-123,True,OK,2026_UiA_Full_Oct
TX-20047,2026-06-18,2026-M06,Q2,T2,HH,Handelshøyskolen (HH),Fakultet,3400,BOA Ekstern Prosjektstøtte (NFR/EU),3xxx Inntekter,BOA Ekstern Prosjektstøtte (NFR/EU) - 2026-M06 (HH),-306780.59,EMP-103,EMP-123,True,OK,2026_UiA_Full_Oct
TX-20048,2026-06-27,2026-M06,Q2,T2,HH,Handelshøyskolen (HH),Fakultet,3400,BOA Ekstern Prosjektstøtte (NFR/EU),3xxx Inntekter,BOA Ekstern Prosjektstøtte (NFR/EU) - 2026-M06 (HH),-1174404.95,EMP-103,EMP-123,True,OK,2026_UiA_Full_Oct
TX-20049,2026-07-09,2026-M07,Q3,T2,HH,Handelshøyskolen (HH),Fakultet,3400,BOA Ekstern Prosjektstøtte (NFR/EU),3xxx Inntekter,BOA Ekstern Prosjektstøtte (NFR/EU) - 2026-M07 (HH),-993010.42,EMP-103,EMP-123,True,OK,2026_UiA_Full_Oct
TX-20050,2026-07-18,2026-M07,Q3,T2,HH,Handelshøyskolen (HH),Fakultet,3400,BOA Ekstern Prosjektstøtte (NFR/EU),3xxx Inntekter,BOA Ekstern Prosjektstøtte (NFR/EU) - 2026-M07 (HH),-339318.0,EMP-103,EMP-123,True,OK,2026_UiA_Full_Oct
TX-20051,2026-07-27,2026-M07,Q3,T2,HH,Handelshøyskolen (HH),Fakultet,3400,BOA Ekstern Prosjektstøtte (NFR/EU),3xxx Inntekter,BOA Ekstern Prosjektstøtte (NFR/EU) - 2026-M07 (HH),-684903.55,EMP-103,EMP-123,True,OK,2026_UiA_Full_Oct
TX-20052,2026-08-09,2026-M08,Q3,T2,HH,Handelshøyskolen (HH),Fakultet,3400,BOA Ekstern Prosjektstøtte (NFR/EU),3xxx Inntekter,BOA Ekstern Prosjektstøtte (NFR/EU) - 2026-M08 (HH),-668532.38,EMP-103,EMP-123,True,OK,2026_UiA_Full_Oct
TX-20053,2026-08-18,2026-M08,Q3,T2,HH,Handelshøyskolen (HH),Fakultet,3400,BOA Ekstern Prosjektstøtte (NFR/EU),3xxx Inntekter,BOA Ekstern Prosjektstøtte (NFR/EU) - 2026-M08 (HH),-745487.06,EMP-103,EMP-123,True,OK,2026_UiA_Full_Oct
TX-20054,2026-08-27,2026-M08,Q3,T2,HH,Handelshøyskolen (HH),Fakultet,3400,BOA Ekstern Prosjektstøtte (NFR/EU),3xxx Inntekter,BOA Ekstern Prosjektstøtte (NFR/EU) - 2026-M08 (HH),-581717.87,EMP-103,EMP-123,True,OK,2026_UiA_Full_Oct
TX-20055,2026-09-09,2026-M09,Q3,T3,HH,Handelshøyskolen (HH),Fakultet,3400,BOA Ekstern Prosjektstøtte (NFR/EU),3xxx Inntekter,BOA Ekstern Prosjektstøtte (NFR/EU) - 2026-M09 (HH),-808613.91,EMP-103,EMP-123,True,OK,2026_UiA_Full_Oct
TX-20056,2026-09-18,2026-M09,Q3,T3,HH,Handelshøyskolen (HH),Fakultet,3400,BOA Ekstern Prosjektstøtte (NFR/EU),3xxx Inntekter,BOA Ekstern Prosjektstøtte (NFR/EU) - 2026-M09 (HH),-558043.4,EMP-103,EMP-123,True,OK,2026_UiA_Full_Oct
TX-20057,2026-09-27,2026-M09,Q3,T3,HH,Handelshøyskolen (HH),Fakultet,3400,BOA Ekstern Prosjektstøtte (NFR/EU),3xxx Inntekter,BOA Ekstern Prosjektstøtte (NFR/EU) - 2026-M09 (HH),-602081.31,EMP-103,EMP-123,True,OK,2026_UiA_Full_Oct
TX-20058,2026-10-09,2026-M10,Q4,T3,HH,Handelshøyskolen (HH),Fakultet,3400,BOA Ekstern Prosjektstøtte (NFR/EU),3xxx Inntekter,BOA Ekstern Prosjektstøtte (NFR/EU) - 2026-M10 (HH),-1086300.18,EMP-103,EMP-123,True,OK,2026_UiA_Full_Oct
TX-20059,2026-10-18,2026-M10,Q4,T3,HH,Handelshøyskolen (HH),Fakultet,3400,BOA Ekstern Prosjektstøtte (NFR/EU),3xxx Inntekter,BOA Ekstern Prosjektstøtte (NFR/EU) - 2026-M10 (HH),-651342.72,EMP-103,EMP-123,True,OK,2026_UiA_Full_Oct
TX-20060,2026-10-27,2026-M10,Q4,T3,HH,Handelshøyskolen (HH),Fakultet,3400,BOA Ekstern Prosjektstøtte (NFR/EU),3xxx Inntekter,BOA Ekstern Prosjektstøtte (NFR/EU) - 2026-M10 (HH),-234221.07,EMP-103,EMP-123,True,OK,2026_UiA_Full_Oct
TX-20061,2026-01-09,2026-M01,Q1,T1,HH,Handelshøyskolen (HH),Fakultet,5000,Fast Lønn & Sosiale Kostnader,5xxx Lønn,Fast Lønn & Sosiale Kostnader - 2026-M01 (HH),5718113.45,EMP-103,EMP-123,True,OK,2026_UiA_Full_Oct
TX-20062,2026-01-18,2026-M01,Q1,T1,HH,Handelshøyskolen (HH),Fakultet,5000,Fast Lønn & Sosiale Kostnader,5xxx Lønn,Fast Lønn & Sosiale Kostnader - 2026-M01 (HH),380442.66,EMP-103,EMP-123,True,OK,2026_UiA_Full_Oct
TX-20063,2026-01-27,2026-M01,Q1,T1,HH,Handelshøyskolen (HH),Fakultet,5000,Fast Lønn & Sosiale Kostnader,5xxx Lønn,Fast Lønn & Sosiale Kostnader - 2026-M01 (HH),963016.88,EMP-103,EMP-123,True,OK,2026_UiA_Full_Oct
TX-20064,2026-02-09,2026-M02,Q1,T1,HH,Handelshøyskolen (HH),Fakultet,5000,Fast Lønn & Sosiale Kostnader,5xxx Lønn,Fast Lønn & Sosiale Kostnader - 2026-M02 (HH),1471243.04,EMP-103,EMP-123,True,OK,2026_UiA_Full_Oct
TX-20065,2026-02-18,2026-M02,Q1,T1,HH,Handelshøyskolen (HH),Fakultet,5000,Fast Lønn & Sosiale Kostnader,5xxx Lønn,Fast Lønn & Sosiale Kostnader - 2026-M02 (HH),4074111.27,EMP-103,EMP-123,True,OK,2026_UiA_Full_Oct
TX-20066,2026-02-27,2026-M02,Q1,T1,HH,Handelshøyskolen (HH),Fakultet,5000,Fast Lønn & Sosiale Kostnader,5xxx Lønn,Fast Lønn & Sosiale Kostnader - 2026-M02 (HH),1608421.13,EMP-103,EMP-123,True,OK,2026_UiA_Full_Oct
TX-20067,2026-03-09,2026-M03,Q1,T1,HH,Handelshøyskolen (HH),Fakultet,5000,Fast Lønn & Sosiale Kostnader,5xxx Lønn,Fast Lønn & Sosiale Kostnader - 2026-M03 (HH),1593537.78,EMP-103,EMP-123,True,OK,2026_UiA_Full_Oct
TX-20068,2026-03-18,2026-M03,Q1,T1,HH,Handelshøyskolen (HH),Fakultet,5000,Fast Lønn & Sosiale Kostnader,5xxx Lønn,Fast Lønn & Sosiale Kostnader - 2026-M03 (HH),5181918.91,EMP-103,EMP-123,True,OK,2026_UiA_Full_Oct
TX-20069,2026-03-27,2026-M03,Q1,T1,HH,Handelshøyskolen (HH),Fakultet,5000,Fast Lønn & Sosiale Kostnader,5xxx Lønn,Fast Lønn & Sosiale Kostnader - 2026-M03 (HH),208941.67,EMP-103,EMP-123,True,OK,2026_UiA_Full_Oct
TX-20070,2026-04-09,2026-M04,Q2,T1,HH,Handelshøyskolen (HH),Fakultet,5000,Fast Lønn & Sosiale Kostnader,5xxx Lønn,Fast Lønn & Sosiale Kostnader - 2026-M04 (HH),603278.56,EMP-103,EMP-123,True,OK,2026_UiA_Full_Oct
TX-20071,2026-04-18,2026-M04,Q2,T1,HH,Handelshøyskolen (HH),Fakultet,5000,Fast Lønn & Sosiale Kostnader,5xxx Lønn,Fast Lønn & Sosiale Kostnader - 2026-M04 (HH),4684460.92,EMP-103,EMP-123,True,OK,2026_UiA_Full_Oct
TX-20072,2026-04-27,2026-M04,Q2,T1,HH,Handelshøyskolen (HH),Fakultet,5000,Fast Lønn & Sosiale Kostnader,5xxx Lønn,Fast Lønn & Sosiale Kostnader - 2026-M04 (HH),1766574.3,EMP-103,EMP-123,True,OK,2026_UiA_Full_Oct
TX-20073,2026-05-09,2026-M05,Q2,T2,HH,Handelshøyskolen (HH),Fakultet,5000,Fast Lønn & Sosiale Kostnader,5xxx Lønn,Fast Lønn & Sosiale Kostnader - 2026-M05 (HH),752404.9,EMP-103,EMP-123,True,OK,2026_UiA_Full_Oct
TX-20074,2026-05-18,2026-M05,Q2,T2,HH,Handelshøyskolen (HH),Fakultet,5000,Fast Lønn & Sosiale Kostnader,5xxx Lønn,Fast Lønn & Sosiale Kostnader - 2026-M05 (HH),5046964.78,EMP-103,EMP-123,True,OK,2026_UiA_Full_Oct
TX-20075,2026-05-27,2026-M05,Q2,T2,HH,Handelshøyskolen (HH),Fakultet,5000,Fast Lønn & Sosiale Kostnader,5xxx Lønn,Fast Lønn & Sosiale Kostnader - 2026-M05 (HH),1281355.01,EMP-103,EMP-123,True,OK,2026_UiA_Full_Oct
TX-20076,2026-06-09,2026-M06,Q2,T2,HH,Handelshøyskolen (HH),Fakultet,5000,Fast Lønn & Sosiale Kostnader,5xxx Lønn,Fast Lønn & Sosiale Kostnader - 2026-M06 (HH),381335.25,EMP-103,EMP-123,True,OK,2026_UiA_Full_Oct
TX-20077,2026-06-18,2026-M06,Q2,T2,HH,Handelshøyskolen (HH),Fakultet,5000,Fast Lønn & Sosiale Kostnader,5xxx Lønn,Fast Lønn & Sosiale Kostnader - 2026-M06 (HH),4060275.94,EMP-103,EMP-123,True,OK,2026_UiA_Full_Oct
TX-20078,2026-06-27,2026-M06,Q2,T2,HH,Handelshøyskolen (HH),Fakultet,5000,Fast Lønn & Sosiale Kostnader,5xxx Lønn,Fast Lønn & Sosiale Kostnader - 2026-M06 (HH),2630129.66,EMP-103,EMP-123,True,OK,2026_UiA_Full_Oct
TX-20079,2026-07-09,2026-M07,Q3,T2,HH,Handelshøyskolen (HH),Fakultet,5000,Fast Lønn & Sosiale Kostnader,5xxx Lønn,Fast Lønn & Sosiale Kostnader - 2026-M07 (HH),1466560.64,EMP-103,EMP-123,True,OK,2026_UiA_Full_Oct
TX-20080,2026-07-18,2026-M07,Q3,T2,HH,Handelshøyskolen (HH),Fakultet,5000,Fast Lønn & Sosiale Kostnader,5xxx Lønn,Fast Lønn & Sosiale Kostnader - 2026-M07 (HH),3835485.03,EMP-103,EMP-123,True,OK,2026_UiA_Full_Oct
TX-20081,2026-07-27,2026-M07,Q3,T2,HH,Handelshøyskolen (HH),Fakultet,5000,Fast Lønn & Sosiale Kostnader,5xxx Lønn,Fast Lønn & Sosiale Kostnader - 2026-M07 (HH),1793002.58,EMP-103,EMP-123,True,OK,2026_UiA_Full_Oct
TX-20082,2026-08-09,2026-M08,Q3,T2,HH,Handelshøyskolen (HH),Fakultet,5000,Fast Lønn & Sosiale Kostnader,5xxx Lønn,Fast Lønn & Sosiale Kostnader - 2026-M08 (HH),2303034.54,EMP-103,EMP-123,True,OK,2026_UiA_Full_Oct
TX-20083,2026-08-18,2026-M08,Q3,T2,HH,Handelshøyskolen (HH),Fakultet,5000,Fast Lønn & Sosiale Kostnader,5xxx Lønn,Fast Lønn & Sosiale Kostnader - 2026-M08 (HH),75170.83,EMP-103,EMP-123,True,OK,2026_UiA_Full_Oct
TX-20084,2026-08-27,2026-M08,Q3,T2,HH,Handelshøyskolen (HH),Fakultet,5000,Fast Lønn & Sosiale Kostnader,5xxx Lønn,Fast Lønn & Sosiale Kostnader - 2026-M08 (HH),4634000.04,EMP-103,EMP-123,True,OK,2026_UiA_Full_Oct
TX-20085,2026-09-09,2026-M09,Q3,T3,HH,Handelshøyskolen (HH),Fakultet,5000,Fast Lønn & Sosiale Kostnader,5xxx Lønn,Fast Lønn & Sosiale Kostnader - 2026-M09 (HH),2625138.4,EMP-103,EMP-123,True,OK,2026_UiA_Full_Oct
TX-20086,2026-09-18,2026-M09,Q3,T3,HH,Handelshøyskolen (HH),Fakultet,5000,Fast Lønn & Sosiale Kostnader,5xxx Lønn,Fast Lønn & Sosiale Kostnader - 2026-M09 (HH),585381.77,EMP-103,EMP-123,True,OK,2026_UiA_Full_Oct
TX-20087,2026-09-27,2026-M09,Q3,T3,HH,Handelshøyskolen (HH),Fakultet,5000,Fast Lønn & Sosiale Kostnader,5xxx Lønn,Fast Lønn & Sosiale Kostnader - 2026-M09 (HH),3931305.82,EMP-103,EMP-123,True,OK,2026_UiA_Full_Oct
TX-20088,2026-10-09,2026-M10,Q4,T3,HH,Handelshøyskolen (HH),Fakultet,5000,Fast Lønn & Sosiale Kostnader,5xxx Lønn,Fast Lønn & Sosiale Kostnader - 2026-M10 (HH),3361127.05,EMP-103,EMP-123,True,OK,2026_UiA_Full_Oct
TX-20089,2026-10-18,2026-M10,Q4,T3,HH,Handelshøyskolen (HH),Fakultet,5000,Fast Lønn & Sosiale Kostnader,5xxx Lønn,Fast Lønn & Sosiale Kostnader - 2026-M10 (HH),251927.95,EMP-103,EMP-123,True,OK,2026_UiA_Full_Oct
TX-20090,2026-10-27,2026-M10,Q4,T3,HH,Handelshøyskolen (HH),Fakultet,5000,Fast Lønn & Sosiale Kostnader,5xxx Lønn,Fast Lønn & Sosiale Kostnader - 2026-M10 (HH),3447019.12,EMP-103,EMP-123,True,OK,2026_UiA_Full_Oct
TX-20091,2026-01-09,2026-M01,Q1,T1,HH,Handelshøyskolen (HH),Fakultet,5330,Sensorhonorar & Timelønnede,5xxx Lønn,Sensorhonorar & Timelønnede - 2026-M01 (HH),439244.39,EMP-103,EMP-123,True,OK,2026_UiA_Full_Oct
TX-20092,2026-01-18,2026-M01,Q1,T1,HH,Handelshøyskolen (HH),Fakultet,5330,Sensorhonorar & Timelønnede,5xxx Lønn,Sensorhonorar & Timelønnede - 2026-M01 (HH),229735.54,EMP-103,EMP-123,True,OK,2026_UiA_Full_Oct
TX-20093,2026-01-27,2026-M01,Q1,T1,HH,Handelshøyskolen (HH),Fakultet,5330,Sensorhonorar & Timelønnede,5xxx Lønn,Sensorhonorar & Timelønnede - 2026-M01 (HH),2311.4,EMP-103,EMP-123,True,OK,2026_UiA_Full_Oct
TX-20094,2026-02-09,2026-M02,Q1,T1,HH,Handelshøyskolen (HH),Fakultet,5330,Sensorhonorar & Timelønnede,5xxx Lønn,Sensorhonorar & Timelønnede - 2026-M02 (HH),479571.53,EMP-103,EMP-123,True,OK,2026_UiA_Full_Oct
TX-20095,2026-02-18,2026-M02,Q1,T1,HH,Handelshøyskolen (HH),Fakultet,5330,Sensorhonorar & Timelønnede,5xxx Lønn,Sensorhonorar & Timelønnede - 2026-M02 (HH),11704.08,EMP-103,EMP-123,True,OK,2026_UiA_Full_Oct
TX-20096,2026-02-27,2026-M02,Q1,T1,HH,Handelshøyskolen (HH),Fakultet,5330,Sensorhonorar & Timelønnede,5xxx Lønn,Sensorhonorar & Timelønnede - 2026-M02 (HH),171323.61,EMP-103,EMP-123,True,OK,2026_UiA_Full_Oct
TX-20097,2026-03-09,2026-M03,Q1,T1,HH,Handelshøyskolen (HH),Fakultet,5330,Sensorhonorar & Timelønnede,5xxx Lønn,Sensorhonorar & Timelønnede - 2026-M03 (HH),60424.54,EMP-103,EMP-123,True,OK,2026_UiA_Full_Oct
TX-20098,2026-03-18,2026-M03,Q1,T1,HH,Handelshøyskolen (HH),Fakultet,5330,Sensorhonorar & Timelønnede,5xxx Lønn,Sensorhonorar & Timelønnede - 2026-M03 (HH),162619.97,EMP-103,EMP-123,True,OK,2026_UiA_Full_Oct
TX-20099,2026-03-27,2026-M03,Q1,T1,HH,Handelshøyskolen (HH),Fakultet,5330,Sensorhonorar & Timelønnede,5xxx Lønn,Sensorhonorar & Timelønnede - 2026-M03 (HH),447610.03,EMP-103,EMP-123,True,OK,2026_UiA_Full_Oct
TX-20100,2026-04-09,2026-M04,Q2,T1,HH,Handelshøyskolen (HH),Fakultet,5330,Sensorhonorar & Timelønnede,5xxx Lønn,Sensorhonorar & Timelønnede - 2026-M04 (HH),212057.63,EMP-103,EMP-123,True,OK,2026_UiA_Full_Oct
TX-20101,2026-04-18,2026-M04,Q2,T1,HH,Handelshøyskolen (HH),Fakultet,5330,Sensorhonorar & Timelønnede,5xxx Lønn,Sensorhonorar & Timelønnede - 2026-M04 (HH),3456.47,EMP-103,EMP-123,True,OK,2026_UiA_Full_Oct
TX-20102,2026-04-27,2026-M04,Q2,T1,HH,Handelshøyskolen (HH),Fakultet,5330,Sensorhonorar & Timelønnede,5xxx Lønn,Sensorhonorar & Timelønnede - 2026-M04 (HH),442189.81,EMP-103,EMP-123,True,OK,2026_UiA_Full_Oct
TX-20103,2026-05-09,2026-M05,Q2,T2,HH,Handelshøyskolen (HH),Fakultet,5330,Sensorhonorar & Timelønnede,5xxx Lønn,Sensorhonorar & Timelønnede - 2026-M05 (HH),275820.15,EMP-103,EMP-123,True,OK,2026_UiA_Full_Oct
TX-20104,2026-05-18,2026-M05,Q2,T2,HH,Handelshøyskolen (HH),Fakultet,5330,Sensorhonorar & Timelønnede,5xxx Lønn,Sensorhonorar & Timelønnede - 2026-M05 (HH),68463.34,EMP-103,EMP-123,True,OK,2026_UiA_Full_Oct
TX-20105,2026-05-27,2026-M05,Q2,T2,HH,Handelshøyskolen (HH),Fakultet,5330,Sensorhonorar & Timelønnede,5xxx Lønn,Sensorhonorar & Timelønnede - 2026-M05 (HH),324620.0,EMP-103,EMP-123,True,OK,2026_UiA_Full_Oct
TX-20106,2026-06-09,2026-M06,Q2,T2,HH,Handelshøyskolen (HH),Fakultet,5330,Sensorhonorar & Timelønnede,5xxx Lønn,Sensorhonorar & Timelønnede - 2026-M06 (HH),319663.36,EMP-103,EMP-123,True,OK,2026_UiA_Full_Oct
TX-20107,2026-06-18,2026-M06,Q2,T2,HH,Handelshøyskolen (HH),Fakultet,5330,Sensorhonorar & Timelønnede,5xxx Lønn,Sensorhonorar & Timelønnede - 2026-M06 (HH),16875.95,EMP-103,EMP-123,True,OK,2026_UiA_Full_Oct
TX-20108,2026-06-27,2026-M06,Q2,T2,HH,Handelshøyskolen (HH),Fakultet,5330,Sensorhonorar & Timelønnede,5xxx Lønn,Sensorhonorar & Timelønnede - 2026-M06 (HH),322852.29,EMP-103,EMP-123,True,OK,2026_UiA_Full_Oct
TX-20109,2026-07-09,2026-M07,Q3,T2,HH,Handelshøyskolen (HH),Fakultet,5330,Sensorhonorar & Timelønnede,5xxx Lønn,Sensorhonorar & Timelønnede - 2026-M07 (HH),341706.0,EMP-103,EMP-123,True,OK,2026_UiA_Full_Oct
TX-20110,2026-07-18,2026-M07,Q3,T2,HH,Handelshøyskolen (HH),Fakultet,5330,Sensorhonorar & Timelønnede,5xxx Lønn,Sensorhonorar & Timelønnede - 2026-M07 (HH),212661.59,EMP-103,EMP-123,True,OK,2026_UiA_Full_Oct
TX-20111,2026-07-27,2026-M07,Q3,T2,HH,Handelshøyskolen (HH),Fakultet,5330,Sensorhonorar & Timelønnede,5xxx Lønn,Sensorhonorar & Timelønnede - 2026-M07 (HH),99953.77,EMP-103,EMP-123,True,OK,2026_UiA_Full_Oct
TX-20112,2026-08-09,2026-M08,Q3,T2,HH,Handelshøyskolen (HH),Fakultet,5330,Sensorhonorar & Timelønnede,5xxx Lønn,Sensorhonorar & Timelønnede - 2026-M08 (HH),45594.98,EMP-103,EMP-123,True,OK,2026_UiA_Full_Oct
TX-20113,2026-08-18,2026-M08,Q3,T2,HH,Handelshøyskolen (HH),Fakultet,5330,Sensorhonorar & Timelønnede,5xxx Lønn,Sensorhonorar & Timelønnede - 2026-M08 (HH),45672.11,EMP-103,EMP-123,True,OK,2026_UiA_Full_Oct
TX-20114,2026-08-27,2026-M08,Q3,T2,HH,Handelshøyskolen (HH),Fakultet,5330,Sensorhonorar & Timelønnede,5xxx Lønn,Sensorhonorar & Timelønnede - 2026-M08 (HH),573664.04,EMP-103,EMP-123,True,OK,2026_UiA_Full_Oct
TX-20115,2026-09-09,2026-M09,Q3,T3,HH,Handelshøyskolen (HH),Fakultet,5330,Sensorhonorar & Timelønnede,5xxx Lønn,Sensorhonorar & Timelønnede - 2026-M09 (HH),370988.13,EMP-103,EMP-123,True,OK,2026_UiA_Full_Oct
TX-20116,2026-09-18,2026-M09,Q3,T3,HH,Handelshøyskolen (HH),Fakultet,5330,Sensorhonorar & Timelønnede,5xxx Lønn,Sensorhonorar & Timelønnede - 2026-M09 (HH),248973.49,EMP-103,EMP-123,True,OK,2026_UiA_Full_Oct
TX-20117,2026-09-27,2026-M09,Q3,T3,HH,Handelshøyskolen (HH),Fakultet,5330,Sensorhonorar & Timelønnede,5xxx Lønn,Sensorhonorar & Timelønnede - 2026-M09 (HH),44273.84,EMP-103,EMP-123,True,OK,2026_UiA_Full_Oct
TX-20118,2026-10-09,2026-M10,Q4,T3,HH,Handelshøyskolen (HH),Fakultet,5330,Sensorhonorar & Timelønnede,5xxx Lønn,Sensorhonorar & Timelønnede - 2026-M10 (HH),105854.58,EMP-103,EMP-123,True,OK,2026_UiA_Full_Oct
TX-20119,2026-10-18,2026-M10,Q4,T3,HH,Handelshøyskolen (HH),Fakultet,5330,Sensorhonorar & Timelønnede,5xxx Lønn,Sensorhonorar & Timelønnede - 2026-M10 (HH),154817.22,EMP-103,EMP-123,True,OK,2026_UiA_Full_Oct
TX-20120,2026-10-27,2026-M10,Q4,T3,HH,Handelshøyskolen (HH),Fakultet,5330,Sensorhonorar & Timelønnede,5xxx Lønn,Sensorhonorar & Timelønnede - 2026-M10 (HH),403097.37,EMP-103,EMP-123,True,OK,2026_UiA_Full_Oct
TX-20121,2026-01-09,2026-M01,Q1,T1,HH,Handelshøyskolen (HH),Fakultet,6000,Husleie & Eiendomsdrift,6xxx Drift,Husleie & Eiendomsdrift - 2026-M01 (HH),34218.94,EMP-103,EMP-123,True,OK,2026_UiA_Full_Oct
TX-20122,2026-01-18,2026-M01,Q1,T1,HH,Handelshøyskolen (HH),Fakultet,6000,Husleie & Eiendomsdrift,6xxx Drift,Husleie & Eiendomsdrift - 2026-M01 (HH),3738.58,EMP-103,EMP-123,True,OK,2026_UiA_Full_Oct
TX-20123,2026-01-27,2026-M01,Q1,T1,HH,Handelshøyskolen (HH),Fakultet,6000,Husleie & Eiendomsdrift,6xxx Drift,Husleie & Eiendomsdrift - 2026-M01 (HH),1513530.95,EMP-103,EMP-123,True,OK,2026_UiA_Full_Oct
TX-20124,2026-02-09,2026-M02,Q1,T1,HH,Handelshøyskolen (HH),Fakultet,6000,Husleie & Eiendomsdrift,6xxx Drift,Husleie & Eiendomsdrift - 2026-M02 (HH),100647.45,EMP-103,EMP-123,True,OK,2026_UiA_Full_Oct
TX-20125,2026-02-18,2026-M02,Q1,T1,HH,Handelshøyskolen (HH),Fakultet,6000,Husleie & Eiendomsdrift,6xxx Drift,Husleie & Eiendomsdrift - 2026-M02 (HH),315350.83,EMP-103,EMP-123,True,OK,2026_UiA_Full_Oct
TX-20126,2026-02-27,2026-M02,Q1,T1,HH,Handelshøyskolen (HH),Fakultet,6000,Husleie & Eiendomsdrift,6xxx Drift,Husleie & Eiendomsdrift - 2026-M02 (HH),1111497.11,EMP-103,EMP-123,True,OK,2026_UiA_Full_Oct
TX-20127,2026-03-09,2026-M03,Q1,T1,HH,Handelshøyskolen (HH),Fakultet,6000,Husleie & Eiendomsdrift,6xxx Drift,Husleie & Eiendomsdrift - 2026-M03 (HH),326628.78,EMP-103,EMP-123,True,OK,2026_UiA_Full_Oct
TX-20128,2026-03-18,2026-M03,Q1,T1,HH,Handelshøyskolen (HH),Fakultet,6000,Husleie & Eiendomsdrift,6xxx Drift,Husleie & Eiendomsdrift - 2026-M03 (HH),85405.64,EMP-103,EMP-123,True,OK,2026_UiA_Full_Oct
TX-20129,2026-03-27,2026-M03,Q1,T1,HH,Handelshøyskolen (HH),Fakultet,6000,Husleie & Eiendomsdrift,6xxx Drift,Husleie & Eiendomsdrift - 2026-M03 (HH),1150185.56,EMP-103,EMP-123,True,OK,2026_UiA_Full_Oct
TX-20130,2026-04-09,2026-M04,Q2,T1,HH,Handelshøyskolen (HH),Fakultet,6000,Husleie & Eiendomsdrift,6xxx Drift,Husleie & Eiendomsdrift - 2026-M04 (HH),222131.05,EMP-103,EMP-123,True,OK,2026_UiA_Full_Oct
TX-20131,2026-04-18,2026-M04,Q2,T1,HH,Handelshøyskolen (HH),Fakultet,6000,Husleie & Eiendomsdrift,6xxx Drift,Husleie & Eiendomsdrift - 2026-M04 (HH),380805.54,EMP-103,EMP-123,True,OK,2026_UiA_Full_Oct
TX-20132,2026-04-27,2026-M04,Q2,T1,HH,Handelshøyskolen (HH),Fakultet,6000,Husleie & Eiendomsdrift,6xxx Drift,Husleie & Eiendomsdrift - 2026-M04 (HH),940540.2,EMP-103,EMP-123,True,OK,2026_UiA_Full_Oct
TX-20133,2026-05-09,2026-M05,Q2,T2,HH,Handelshøyskolen (HH),Fakultet,6000,Husleie & Eiendomsdrift,6xxx Drift,Husleie & Eiendomsdrift - 2026-M05 (HH),273052.88,EMP-103,EMP-123,True,OK,2026_UiA_Full_Oct
TX-20134,2026-05-18,2026-M05,Q2,T2,HH,Handelshøyskolen (HH),Fakultet,6000,Husleie & Eiendomsdrift,6xxx Drift,Husleie & Eiendomsdrift - 2026-M05 (HH),377918.8,EMP-103,EMP-123,True,OK,2026_UiA_Full_Oct
TX-20135,2026-05-27,2026-M05,Q2,T2,HH,Handelshøyskolen (HH),Fakultet,6000,Husleie & Eiendomsdrift,6xxx Drift,Husleie & Eiendomsdrift - 2026-M05 (HH),907184.53,EMP-103,EMP-123,True,OK,2026_UiA_Full_Oct
TX-20136,2026-06-09,2026-M06,Q2,T2,HH,Handelshøyskolen (HH),Fakultet,6000,Husleie & Eiendomsdrift,6xxx Drift,Husleie & Eiendomsdrift - 2026-M06 (HH),430768.37,EMP-103,EMP-123,True,OK,2026_UiA_Full_Oct
TX-20137,2026-06-18,2026-M06,Q2,T2,HH,Handelshøyskolen (HH),Fakultet,6000,Husleie & Eiendomsdrift,6xxx Drift,Husleie & Eiendomsdrift - 2026-M06 (HH),1009014.62,EMP-103,EMP-123,True,OK,2026_UiA_Full_Oct
TX-20138,2026-06-27,2026-M06,Q2,T2,HH,Handelshøyskolen (HH),Fakultet,6000,Husleie & Eiendomsdrift,6xxx Drift,Husleie & Eiendomsdrift - 2026-M06 (HH),109137.08,EMP-103,EMP-123,True,OK,2026_UiA_Full_Oct
TX-20139,2026-07-09,2026-M07,Q3,T2,HH,Handelshøyskolen (HH),Fakultet,6000,Husleie & Eiendomsdrift,6xxx Drift,Husleie & Eiendomsdrift - 2026-M07 (HH),88417.58,EMP-103,EMP-123,True,OK,2026_UiA_Full_Oct
TX-20140,2026-07-18,2026-M07,Q3,T2,HH,Handelshøyskolen (HH),Fakultet,6000,Husleie & Eiendomsdrift,6xxx Drift,Husleie & Eiendomsdrift - 2026-M07 (HH),478959.94,EMP-103,EMP-123,True,OK,2026_UiA_Full_Oct
TX-20141,2026-07-27,2026-M07,Q3,T2,HH,Handelshøyskolen (HH),Fakultet,6000,Husleie & Eiendomsdrift,6xxx Drift,Husleie & Eiendomsdrift - 2026-M07 (HH),995589.39,EMP-103,EMP-123,True,OK,2026_UiA_Full_Oct
TX-20142,2026-08-09,2026-M08,Q3,T2,HH,Handelshøyskolen (HH),Fakultet,6000,Husleie & Eiendomsdrift,6xxx Drift,Husleie & Eiendomsdrift - 2026-M08 (HH),773380.28,EMP-103,EMP-123,True,OK,2026_UiA_Full_Oct
TX-20143,2026-08-18,2026-M08,Q3,T2,HH,Handelshøyskolen (HH),Fakultet,6000,Husleie & Eiendomsdrift,6xxx Drift,Husleie & Eiendomsdrift - 2026-M08 (HH),602281.22,EMP-103,EMP-123,True,OK,2026_UiA_Full_Oct
TX-20144,2026-08-27,2026-M08,Q3,T2,HH,Handelshøyskolen (HH),Fakultet,6000,Husleie & Eiendomsdrift,6xxx Drift,Husleie & Eiendomsdrift - 2026-M08 (HH),166786.23,EMP-103,EMP-123,True,OK,2026_UiA_Full_Oct
TX-20145,2026-09-09,2026-M09,Q3,T3,HH,Handelshøyskolen (HH),Fakultet,6000,Husleie & Eiendomsdrift,6xxx Drift,Husleie & Eiendomsdrift - 2026-M09 (HH),7638.65,EMP-103,EMP-123,True,OK,2026_UiA_Full_Oct
TX-20146,2026-09-18,2026-M09,Q3,T3,HH,Handelshøyskolen (HH),Fakultet,6000,Husleie & Eiendomsdrift,6xxx Drift,Husleie & Eiendomsdrift - 2026-M09 (HH),224607.59,EMP-103,EMP-123,True,OK,2026_UiA_Full_Oct
TX-20147,2026-09-27,2026-M09,Q3,T3,HH,Handelshøyskolen (HH),Fakultet,6000,Husleie & Eiendomsdrift,6xxx Drift,Husleie & Eiendomsdrift - 2026-M09 (HH),1321016.26,EMP-103,EMP-123,True,OK,2026_UiA_Full_Oct
TX-20148,2026-10-09,2026-M10,Q4,T3,HH,Handelshøyskolen (HH),Fakultet,6000,Husleie & Eiendomsdrift,6xxx Drift,Husleie & Eiendomsdrift - 2026-M10 (HH),1032875.09,EMP-103,EMP-123,True,OK,2026_UiA_Full_Oct
TX-20149,2026-10-18,2026-M10,Q4,T3,HH,Handelshøyskolen (HH),Fakultet,6000,Husleie & Eiendomsdrift,6xxx Drift,Husleie & Eiendomsdrift - 2026-M10 (HH),9676.8,EMP-103,EMP-123,True,OK,2026_UiA_Full_Oct
TX-20150,2026-10-27,2026-M10,Q4,T3,HH,Handelshøyskolen (HH),Fakultet,6000,Husleie & Eiendomsdrift,6xxx Drift,Husleie & Eiendomsdrift - 2026-M10 (HH),505486.25,EMP-103,EMP-123,True,OK,2026_UiA_Full_Oct
TX-20151,2026-01-09,2026-M01,Q1,T1,HH,Handelshøyskolen (HH),Fakultet,6800,"IKT, Rekvisita & Utstyr",6xxx Drift,"IKT, Rekvisita & Utstyr - 2026-M01 (HH)",645799.62,EMP-103,EMP-123,True,OK,2026_UiA_Full_Oct
TX-20152,2026-01-18,2026-M01,Q1,T1,HH,Handelshøyskolen (HH),Fakultet,6800,"IKT, Rekvisita & Utstyr",6xxx Drift,"IKT, Rekvisita & Utstyr - 2026-M01 (HH)",180658.39,EMP-103,EMP-123,True,OK,2026_UiA_Full_Oct
TX-20153,2026-01-27,2026-M01,Q1,T1,HH,Handelshøyskolen (HH),Fakultet,6800,"IKT, Rekvisita & Utstyr",6xxx Drift,"IKT, Rekvisita & Utstyr - 2026-M01 (HH)",49807.45,EMP-103,EMP-123,True,OK,2026_UiA_Full_Oct
TX-20154,2026-02-09,2026-M02,Q1,T1,HH,Handelshøyskolen (HH),Fakultet,6800,"IKT, Rekvisita & Utstyr",6xxx Drift,"IKT, Rekvisita & Utstyr - 2026-M02 (HH)",32176.59,EMP-103,EMP-123,True,OK,2026_UiA_Full_Oct
TX-20155,2026-02-18,2026-M02,Q1,T1,HH,Handelshøyskolen (HH),Fakultet,6800,"IKT, Rekvisita & Utstyr",6xxx Drift,"IKT, Rekvisita & Utstyr - 2026-M02 (HH)",436152.41,EMP-103,EMP-123,True,OK,2026_UiA_Full_Oct
TX-20156,2026-02-27,2026-M02,Q1,T1,HH,Handelshøyskolen (HH),Fakultet,6800,"IKT, Rekvisita & Utstyr",6xxx Drift,"IKT, Rekvisita & Utstyr - 2026-M02 (HH)",415840.71,EMP-103,EMP-123,True,OK,2026_UiA_Full_Oct
TX-20157,2026-03-09,2026-M03,Q1,T1,HH,Handelshøyskolen (HH),Fakultet,6800,"IKT, Rekvisita & Utstyr",6xxx Drift,"IKT, Rekvisita & Utstyr - 2026-M03 (HH)",589518.85,EMP-103,EMP-123,True,OK,2026_UiA_Full_Oct
TX-20158,2026-03-18,2026-M03,Q1,T1,HH,Handelshøyskolen (HH),Fakultet,6800,"IKT, Rekvisita & Utstyr",6xxx Drift,"IKT, Rekvisita & Utstyr - 2026-M03 (HH)",104335.54,EMP-103,EMP-123,True,OK,2026_UiA_Full_Oct
TX-20159,2026-03-27,2026-M03,Q1,T1,HH,Handelshøyskolen (HH),Fakultet,6800,"IKT, Rekvisita & Utstyr",6xxx Drift,"IKT, Rekvisita & Utstyr - 2026-M03 (HH)",184395.61,EMP-103,EMP-103,True,BRUDD: Egengodkjent (BDM == Attestant),2026_UiA_Full_Oct
TX-20160,2026-04-09,2026-M04,Q2,T1,HH,Handelshøyskolen (HH),Fakultet,6800,"IKT, Rekvisita & Utstyr",6xxx Drift,"IKT, Rekvisita & Utstyr - 2026-M04 (HH)",129988.26,EMP-103,EMP-123,True,OK,2026_UiA_Full_Oct
TX-20161,2026-04-18,2026-M04,Q2,T1,HH,Handelshøyskolen (HH),Fakultet,6800,"IKT, Rekvisita & Utstyr",6xxx Drift,"IKT, Rekvisita & Utstyr - 2026-M04 (HH)",732725.18,EMP-103,EMP-123,True,OK,2026_UiA_Full_Oct
TX-20162,2026-04-27,2026-M04,Q2,T1,HH,Handelshøyskolen (HH),Fakultet,6800,"IKT, Rekvisita & Utstyr",6xxx Drift,"IKT, Rekvisita & Utstyr - 2026-M04 (HH)",25264.98,EMP-103,EMP-123,True,OK,2026_UiA_Full_Oct
TX-20163,2026-05-09,2026-M05,Q2,T2,HH,Handelshøyskolen (HH),Fakultet,6800,"IKT, Rekvisita & Utstyr",6xxx Drift,"IKT, Rekvisita & Utstyr - 2026-M05 (HH)",297787.87,EMP-103,EMP-123,True,OK,2026_UiA_Full_Oct
TX-20164,2026-05-18,2026-M05,Q2,T2,HH,Handelshøyskolen (HH),Fakultet,6800,"IKT, Rekvisita & Utstyr",6xxx Drift,"IKT, Rekvisita & Utstyr - 2026-M05 (HH)",244423.25,EMP-103,EMP-123,True,OK,2026_UiA_Full_Oct
TX-20165,2026-05-27,2026-M05,Q2,T2,HH,Handelshøyskolen (HH),Fakultet,6800,"IKT, Rekvisita & Utstyr",6xxx Drift,"IKT, Rekvisita & Utstyr - 2026-M05 (HH)",346556.9,EMP-103,EMP-123,True,OK,2026_UiA_Full_Oct
TX-20166,2026-06-09,2026-M06,Q2,T2,HH,Handelshøyskolen (HH),Fakultet,6800,"IKT, Rekvisita & Utstyr",6xxx Drift,"IKT, Rekvisita & Utstyr - 2026-M06 (HH)",181647.23,EMP-103,EMP-123,True,OK,2026_UiA_Full_Oct
TX-20167,2026-06-18,2026-M06,Q2,T2,HH,Handelshøyskolen (HH),Fakultet,6800,"IKT, Rekvisita & Utstyr",6xxx Drift,"IKT, Rekvisita & Utstyr - 2026-M06 (HH)",11586.9,EMP-103,EMP-103,True,BRUDD: Egengodkjent (BDM == Attestant),2026_UiA_Full_Oct
TX-20168,2026-06-27,2026-M06,Q2,T2,HH,Handelshøyskolen (HH),Fakultet,6800,"IKT, Rekvisita & Utstyr",6xxx Drift,"IKT, Rekvisita & Utstyr - 2026-M06 (HH)",695779.37,EMP-103,EMP-123,True,OK,2026_UiA_Full_Oct
TX-20169,2026-07-09,2026-M07,Q3,T2,HH,Handelshøyskolen (HH),Fakultet,6800,"IKT, Rekvisita & Utstyr",6xxx Drift,"IKT, Rekvisita & Utstyr - 2026-M07 (HH)",51276.04,EMP-103,EMP-123,True,OK,2026_UiA_Full_Oct
TX-20170,2026-07-18,2026-M07,Q3,T2,HH,Handelshøyskolen (HH),Fakultet,6800,"IKT, Rekvisita & Utstyr",6xxx Drift,"IKT, Rekvisita & Utstyr - 2026-M07 (HH)",156907.22,EMP-103,EMP-123,True,OK,2026_UiA_Full_Oct
TX-20171,2026-07-27,2026-M07,Q3,T2,HH,Handelshøyskolen (HH),Fakultet,6800,"IKT, Rekvisita & Utstyr",6xxx Drift,"IKT, Rekvisita & Utstyr - 2026-M07 (HH)",670051.68,EMP-103,EMP-123,True,OK,2026_UiA_Full_Oct
TX-20172,2026-08-09,2026-M08,Q3,T2,HH,Handelshøyskolen (HH),Fakultet,6800,"IKT, Rekvisita & Utstyr",6xxx Drift,"IKT, Rekvisita & Utstyr - 2026-M08 (HH)",580513.03,EMP-103,EMP-123,True,OK,2026_UiA_Full_Oct
TX-20173,2026-08-18,2026-M08,Q3,T2,HH,Handelshøyskolen (HH),Fakultet,6800,"IKT, Rekvisita & Utstyr",6xxx Drift,"IKT, Rekvisita & Utstyr - 2026-M08 (HH)",93195.49,EMP-103,EMP-123,True,OK,2026_UiA_Full_Oct
TX-20174,2026-08-27,2026-M08,Q3,T2,HH,Handelshøyskolen (HH),Fakultet,6800,"IKT, Rekvisita & Utstyr",6xxx Drift,"IKT, Rekvisita & Utstyr - 2026-M08 (HH)",199013.97,EMP-103,EMP-123,True,OK,2026_UiA_Full_Oct
TX-20175,2026-09-09,2026-M09,Q3,T3,HH,Handelshøyskolen (HH),Fakultet,6800,"IKT, Rekvisita & Utstyr",6xxx Drift,"IKT, Rekvisita & Utstyr - 2026-M09 (HH)",394363.12,EMP-103,EMP-123,True,OK,2026_UiA_Full_Oct
TX-20176,2026-09-18,2026-M09,Q3,T3,HH,Handelshøyskolen (HH),Fakultet,6800,"IKT, Rekvisita & Utstyr",6xxx Drift,"IKT, Rekvisita & Utstyr - 2026-M09 (HH)",248393.41,EMP-103,EMP-103,True,BRUDD: Egengodkjent (BDM == Attestant),2026_UiA_Full_Oct
TX-20177,2026-09-27,2026-M09,Q3,T3,HH,Handelshøyskolen (HH),Fakultet,6800,"IKT, Rekvisita & Utstyr",6xxx Drift,"IKT, Rekvisita & Utstyr - 2026-M09 (HH)",249462.18,EMP-103,EMP-123,True,OK,2026_UiA_Full_Oct
TX-20178,2026-10-09,2026-M10,Q4,T3,HH,Handelshøyskolen (HH),Fakultet,6800,"IKT, Rekvisita & Utstyr",6xxx Drift,"IKT, Rekvisita & Utstyr - 2026-M10 (HH)",499232.89,EMP-103,EMP-123,True,OK,2026_UiA_Full_Oct
TX-20179,2026-10-18,2026-M10,Q4,T3,HH,Handelshøyskolen (HH),Fakultet,6800,"IKT, Rekvisita & Utstyr",6xxx Drift,"IKT, Rekvisita & Utstyr - 2026-M10 (HH)",92837.59,EMP-103,EMP-123,True,OK,2026_UiA_Full_Oct
TX-20180,2026-10-27,2026-M10,Q4,T3,HH,Handelshøyskolen (HH),Fakultet,6800,"IKT, Rekvisita & Utstyr",6xxx Drift,"IKT, Rekvisita & Utstyr - 2026-M10 (HH)",286317.7,EMP-103,EMP-123,True,OK,2026_UiA_Full_Oct
TX-20181,2026-01-09,2026-M01,Q1,T1,HH,Handelshøyskolen (HH),Fakultet,7100,Reise & Representasjon,7xxx Reiser,Reise & Representasjon - 2026-M01 (HH),17084.17,EMP-103,EMP-123,False,BRUDD: Mangler kvittering (>100 NOK),2026_UiA_Full_Oct
TX-20182,2026-01-18,2026-M01,Q1,T1,HH,Handelshøyskolen (HH),Fakultet,7100,Reise & Representasjon,7xxx Reiser,Reise & Representasjon - 2026-M01 (HH),132421.43,EMP-103,EMP-123,True,OK,2026_UiA_Full_Oct
TX-20183,2026-01-27,2026-M01,Q1,T1,HH,Handelshøyskolen (HH),Fakultet,7100,Reise & Representasjon,7xxx Reiser,Reise & Representasjon - 2026-M01 (HH),397698.2,EMP-103,EMP-123,True,OK,2026_UiA_Full_Oct
TX-20184,2026-02-09,2026-M02,Q1,T1,HH,Handelshøyskolen (HH),Fakultet,7100,Reise & Representasjon,7xxx Reiser,Reise & Representasjon - 2026-M02 (HH),20873.3,EMP-103,EMP-123,True,OK,2026_UiA_Full_Oct
TX-20185,2026-02-18,2026-M02,Q1,T1,HH,Handelshøyskolen (HH),Fakultet,7100,Reise & Representasjon,7xxx Reiser,Reise & Representasjon - 2026-M02 (HH),111414.61,EMP-103,EMP-123,True,OK,2026_UiA_Full_Oct
TX-20186,2026-02-27,2026-M02,Q1,T1,HH,Handelshøyskolen (HH),Fakultet,7100,Reise & Representasjon,7xxx Reiser,Reise & Representasjon - 2026-M02 (HH),415709.12,EMP-103,EMP-123,True,OK,2026_UiA_Full_Oct
TX-20187,2026-03-09,2026-M03,Q1,T1,HH,Handelshøyskolen (HH),Fakultet,7100,Reise & Representasjon,7xxx Reiser,Reise & Representasjon - 2026-M03 (HH),238102.36,EMP-103,EMP-123,True,OK,2026_UiA_Full_Oct
TX-20188,2026-03-18,2026-M03,Q1,T1,HH,Handelshøyskolen (HH),Fakultet,7100,Reise & Representasjon,7xxx Reiser,Reise & Representasjon - 2026-M03 (HH),199800.8,EMP-103,EMP-123,True,OK,2026_UiA_Full_Oct
TX-20189,2026-03-27,2026-M03,Q1,T1,HH,Handelshøyskolen (HH),Fakultet,7100,Reise & Representasjon,7xxx Reiser,Reise & Representasjon - 2026-M03 (HH),123573.38,EMP-103,EMP-123,True,OK,2026_UiA_Full_Oct
TX-20190,2026-04-09,2026-M04,Q2,T1,HH,Handelshøyskolen (HH),Fakultet,7100,Reise & Representasjon,7xxx Reiser,Reise & Representasjon - 2026-M04 (HH),26589.29,EMP-103,EMP-103,True,BRUDD: Egengodkjent (BDM == Attestant),2026_UiA_Full_Oct
TX-20191,2026-04-18,2026-M04,Q2,T1,HH,Handelshøyskolen (HH),Fakultet,7100,Reise & Representasjon,7xxx Reiser,Reise & Representasjon - 2026-M04 (HH),509813.58,EMP-103,EMP-123,True,OK,2026_UiA_Full_Oct
TX-20192,2026-04-27,2026-M04,Q2,T1,HH,Handelshøyskolen (HH),Fakultet,7100,Reise & Representasjon,7xxx Reiser,Reise & Representasjon - 2026-M04 (HH),20995.07,EMP-103,EMP-123,True,OK,2026_UiA_Full_Oct
TX-20193,2026-05-09,2026-M05,Q2,T2,HH,Handelshøyskolen (HH),Fakultet,7100,Reise & Representasjon,7xxx Reiser,Reise & Representasjon - 2026-M05 (HH),423728.38,EMP-103,EMP-123,True,OK,2026_UiA_Full_Oct
TX-20194,2026-05-18,2026-M05,Q2,T2,HH,Handelshøyskolen (HH),Fakultet,7100,Reise & Representasjon,7xxx Reiser,Reise & Representasjon - 2026-M05 (HH),31405.31,EMP-103,EMP-103,True,BRUDD: Egengodkjent (BDM == Attestant),2026_UiA_Full_Oct
TX-20195,2026-05-27,2026-M05,Q2,T2,HH,Handelshøyskolen (HH),Fakultet,7100,Reise & Representasjon,7xxx Reiser,Reise & Representasjon - 2026-M05 (HH),91787.55,EMP-103,EMP-123,True,OK,2026_UiA_Full_Oct
TX-20196,2026-06-09,2026-M06,Q2,T2,HH,Handelshøyskolen (HH),Fakultet,7100,Reise & Representasjon,7xxx Reiser,Reise & Representasjon - 2026-M06 (HH),94771.04,EMP-103,EMP-123,True,OK,2026_UiA_Full_Oct
TX-20197,2026-06-18,2026-M06,Q2,T2,HH,Handelshøyskolen (HH),Fakultet,7100,Reise & Representasjon,7xxx Reiser,Reise & Representasjon - 2026-M06 (HH),446349.59,EMP-103,EMP-123,True,OK,2026_UiA_Full_Oct
TX-20198,2026-06-27,2026-M06,Q2,T2,HH,Handelshøyskolen (HH),Fakultet,7100,Reise & Representasjon,7xxx Reiser,Reise & Representasjon - 2026-M06 (HH),10574.87,EMP-103,EMP-123,True,OK,2026_UiA_Full_Oct
TX-20199,2026-07-09,2026-M07,Q3,T2,HH,Handelshøyskolen (HH),Fakultet,7100,Reise & Representasjon,7xxx Reiser,Reise & Representasjon - 2026-M07 (HH),465300.11,EMP-103,EMP-123,True,OK,2026_UiA_Full_Oct
TX-20200,2026-07-18,2026-M07,Q3,T2,HH,Handelshøyskolen (HH),Fakultet,7100,Reise & Representasjon,7xxx Reiser,Reise & Representasjon - 2026-M07 (HH),19736.87,EMP-103,EMP-123,True,OK,2026_UiA_Full_Oct
TX-20201,2026-07-27,2026-M07,Q3,T2,HH,Handelshøyskolen (HH),Fakultet,7100,Reise & Representasjon,7xxx Reiser,Reise & Representasjon - 2026-M07 (HH),66539.1,EMP-103,EMP-123,True,OK,2026_UiA_Full_Oct
TX-20202,2026-08-09,2026-M08,Q3,T2,HH,Handelshøyskolen (HH),Fakultet,7100,Reise & Representasjon,7xxx Reiser,Reise & Representasjon - 2026-M08 (HH),52790.68,EMP-103,EMP-123,True,OK,2026_UiA_Full_Oct
TX-20203,2026-08-18,2026-M08,Q3,T2,HH,Handelshøyskolen (HH),Fakultet,7100,Reise & Representasjon,7xxx Reiser,Reise & Representasjon - 2026-M08 (HH),79808.66,EMP-103,EMP-123,True,OK,2026_UiA_Full_Oct
TX-20204,2026-08-27,2026-M08,Q3,T2,HH,Handelshøyskolen (HH),Fakultet,7100,Reise & Representasjon,7xxx Reiser,Reise & Representasjon - 2026-M08 (HH),428655.26,EMP-103,EMP-123,False,BRUDD: Mangler kvittering (>100 NOK),2026_UiA_Full_Oct
TX-20205,2026-09-09,2026-M09,Q3,T3,HH,Handelshøyskolen (HH),Fakultet,7100,Reise & Representasjon,7xxx Reiser,Reise & Representasjon - 2026-M09 (HH),76938.91,EMP-103,EMP-123,True,OK,2026_UiA_Full_Oct
TX-20206,2026-09-18,2026-M09,Q3,T3,HH,Handelshøyskolen (HH),Fakultet,7100,Reise & Representasjon,7xxx Reiser,Reise & Representasjon - 2026-M09 (HH),175295.26,EMP-103,EMP-123,True,OK,2026_UiA_Full_Oct
TX-20207,2026-09-27,2026-M09,Q3,T3,HH,Handelshøyskolen (HH),Fakultet,7100,Reise & Representasjon,7xxx Reiser,Reise & Representasjon - 2026-M09 (HH),305986.8,EMP-103,EMP-123,True,OK,2026_UiA_Full_Oct
TX-20208,2026-10-09,2026-M10,Q4,T3,HH,Handelshøyskolen (HH),Fakultet,7100,Reise & Representasjon,7xxx Reiser,Reise & Representasjon - 2026-M10 (HH),16929.4,EMP-103,EMP-123,True,OK,2026_UiA_Full_Oct
TX-20209,2026-10-18,2026-M10,Q4,T3,HH,Handelshøyskolen (HH),Fakultet,7100,Reise & Representasjon,7xxx Reiser,Reise & Representasjon - 2026-M10 (HH),217150.72,EMP-103,EMP-123,True,OK,2026_UiA_Full_Oct
TX-20210,2026-10-27,2026-M10,Q4,T3,HH,Handelshøyskolen (HH),Fakultet,7100,Reise & Representasjon,7xxx Reiser,Reise & Representasjon - 2026-M10 (HH),317963.75,EMP-103,EMP-123,True,OK,2026_UiA_Full_Oct
TX-20211,2026-01-09,2026-M01,Q1,T1,HH,Handelshøyskolen (HH),Fakultet,7800,Andre Driftskostnader & Konsulenter,7xxx Reiser,Andre Driftskostnader & Konsulenter - 2026-M01 (HH),32367.15,EMP-103,EMP-123,True,OK,2026_UiA_Full_Oct
TX-20212,2026-01-18,2026-M01,Q1,T1,HH,Handelshøyskolen (HH),Fakultet,7800,Andre Driftskostnader & Konsulenter,7xxx Reiser,Andre Driftskostnader & Konsulenter - 2026-M01 (HH),213896.85,EMP-103,EMP-123,True,OK,2026_UiA_Full_Oct
TX-20213,2026-01-27,2026-M01,Q1,T1,HH,Handelshøyskolen (HH),Fakultet,7800,Andre Driftskostnader & Konsulenter,7xxx Reiser,Andre Driftskostnader & Konsulenter - 2026-M01 (HH),90459.51,EMP-103,EMP-123,True,OK,2026_UiA_Full_Oct
TX-20214,2026-02-09,2026-M02,Q1,T1,HH,Handelshøyskolen (HH),Fakultet,7800,Andre Driftskostnader & Konsulenter,7xxx Reiser,Andre Driftskostnader & Konsulenter - 2026-M02 (HH),258206.91,EMP-103,EMP-123,True,OK,2026_UiA_Full_Oct
TX-20215,2026-02-18,2026-M02,Q1,T1,HH,Handelshøyskolen (HH),Fakultet,7800,Andre Driftskostnader & Konsulenter,7xxx Reiser,Andre Driftskostnader & Konsulenter - 2026-M02 (HH),6816.81,EMP-103,EMP-123,True,OK,2026_UiA_Full_Oct
TX-20216,2026-02-27,2026-M02,Q1,T1,HH,Handelshøyskolen (HH),Fakultet,7800,Andre Driftskostnader & Konsulenter,7xxx Reiser,Andre Driftskostnader & Konsulenter - 2026-M02 (HH),70980.88,EMP-103,EMP-123,True,OK,2026_UiA_Full_Oct
TX-20217,2026-03-09,2026-M03,Q1,T1,HH,Handelshøyskolen (HH),Fakultet,7800,Andre Driftskostnader & Konsulenter,7xxx Reiser,Andre Driftskostnader & Konsulenter - 2026-M03 (HH),183029.37,EMP-103,EMP-123,True,OK,2026_UiA_Full_Oct
TX-20218,2026-03-18,2026-M03,Q1,T1,HH,Handelshøyskolen (HH),Fakultet,7800,Andre Driftskostnader & Konsulenter,7xxx Reiser,Andre Driftskostnader & Konsulenter - 2026-M03 (HH),99315.62,EMP-103,EMP-123,True,OK,2026_UiA_Full_Oct
TX-20219,2026-03-27,2026-M03,Q1,T1,HH,Handelshøyskolen (HH),Fakultet,7800,Andre Driftskostnader & Konsulenter,7xxx Reiser,Andre Driftskostnader & Konsulenter - 2026-M03 (HH),46565.05,EMP-103,EMP-123,True,OK,2026_UiA_Full_Oct
TX-20220,2026-04-09,2026-M04,Q2,T1,HH,Handelshøyskolen (HH),Fakultet,7800,Andre Driftskostnader & Konsulenter,7xxx Reiser,Andre Driftskostnader & Konsulenter - 2026-M04 (HH),20465.87,EMP-103,EMP-123,True,OK,2026_UiA_Full_Oct
TX-20221,2026-04-18,2026-M04,Q2,T1,HH,Handelshøyskolen (HH),Fakultet,7800,Andre Driftskostnader & Konsulenter,7xxx Reiser,Andre Driftskostnader & Konsulenter - 2026-M04 (HH),144607.58,EMP-103,EMP-123,True,OK,2026_UiA_Full_Oct
TX-20222,2026-04-27,2026-M04,Q2,T1,HH,Handelshøyskolen (HH),Fakultet,7800,Andre Driftskostnader & Konsulenter,7xxx Reiser,Andre Driftskostnader & Konsulenter - 2026-M04 (HH),166459.01,EMP-103,EMP-123,True,OK,2026_UiA_Full_Oct
TX-20223,2026-05-09,2026-M05,Q2,T2,HH,Handelshøyskolen (HH),Fakultet,7800,Andre Driftskostnader & Konsulenter,7xxx Reiser,Andre Driftskostnader & Konsulenter - 2026-M05 (HH),96521.69,EMP-103,EMP-123,True,OK,2026_UiA_Full_Oct
TX-20224,2026-05-18,2026-M05,Q2,T2,HH,Handelshøyskolen (HH),Fakultet,7800,Andre Driftskostnader & Konsulenter,7xxx Reiser,Andre Driftskostnader & Konsulenter - 2026-M05 (HH),61808.15,EMP-103,EMP-123,True,OK,2026_UiA_Full_Oct
TX-20225,2026-05-27,2026-M05,Q2,T2,HH,Handelshøyskolen (HH),Fakultet,7800,Andre Driftskostnader & Konsulenter,7xxx Reiser,Andre Driftskostnader & Konsulenter - 2026-M05 (HH),170488.84,EMP-103,EMP-123,True,OK,2026_UiA_Full_Oct
TX-20226,2026-06-09,2026-M06,Q2,T2,HH,Handelshøyskolen (HH),Fakultet,7800,Andre Driftskostnader & Konsulenter,7xxx Reiser,Andre Driftskostnader & Konsulenter - 2026-M06 (HH),101900.99,EMP-103,EMP-123,True,OK,2026_UiA_Full_Oct
TX-20227,2026-06-18,2026-M06,Q2,T2,HH,Handelshøyskolen (HH),Fakultet,7800,Andre Driftskostnader & Konsulenter,7xxx Reiser,Andre Driftskostnader & Konsulenter - 2026-M06 (HH),173249.2,EMP-103,EMP-123,True,OK,2026_UiA_Full_Oct
TX-20228,2026-06-27,2026-M06,Q2,T2,HH,Handelshøyskolen (HH),Fakultet,7800,Andre Driftskostnader & Konsulenter,7xxx Reiser,Andre Driftskostnader & Konsulenter - 2026-M06 (HH),58629.71,EMP-103,EMP-123,True,OK,2026_UiA_Full_Oct
TX-20229,2026-07-09,2026-M07,Q3,T2,HH,Handelshøyskolen (HH),Fakultet,7800,Andre Driftskostnader & Konsulenter,7xxx Reiser,Andre Driftskostnader & Konsulenter - 2026-M07 (HH),11902.23,EMP-103,EMP-123,True,OK,2026_UiA_Full_Oct
TX-20230,2026-07-18,2026-M07,Q3,T2,HH,Handelshøyskolen (HH),Fakultet,7800,Andre Driftskostnader & Konsulenter,7xxx Reiser,Andre Driftskostnader & Konsulenter - 2026-M07 (HH),57892.55,EMP-103,EMP-123,True,OK,2026_UiA_Full_Oct
TX-20231,2026-07-27,2026-M07,Q3,T2,HH,Handelshøyskolen (HH),Fakultet,7800,Andre Driftskostnader & Konsulenter,7xxx Reiser,Andre Driftskostnader & Konsulenter - 2026-M07 (HH),260004.06,EMP-103,EMP-123,True,OK,2026_UiA_Full_Oct
TX-20232,2026-08-09,2026-M08,Q3,T2,HH,Handelshøyskolen (HH),Fakultet,7800,Andre Driftskostnader & Konsulenter,7xxx Reiser,Andre Driftskostnader & Konsulenter - 2026-M08 (HH),57982.82,EMP-103,EMP-123,True,OK,2026_UiA_Full_Oct
TX-20233,2026-08-18,2026-M08,Q3,T2,HH,Handelshøyskolen (HH),Fakultet,7800,Andre Driftskostnader & Konsulenter,7xxx Reiser,Andre Driftskostnader & Konsulenter - 2026-M08 (HH),79721.18,EMP-103,EMP-123,True,OK,2026_UiA_Full_Oct
TX-20234,2026-08-27,2026-M08,Q3,T2,HH,Handelshøyskolen (HH),Fakultet,7800,Andre Driftskostnader & Konsulenter,7xxx Reiser,Andre Driftskostnader & Konsulenter - 2026-M08 (HH),190219.56,EMP-103,EMP-123,True,OK,2026_UiA_Full_Oct
TX-20235,2026-09-09,2026-M09,Q3,T3,HH,Handelshøyskolen (HH),Fakultet,7800,Andre Driftskostnader & Konsulenter,7xxx Reiser,Andre Driftskostnader & Konsulenter - 2026-M09 (HH),53757.47,EMP-103,EMP-123,True,OK,2026_UiA_Full_Oct
TX-20236,2026-09-18,2026-M09,Q3,T3,HH,Handelshøyskolen (HH),Fakultet,7800,Andre Driftskostnader & Konsulenter,7xxx Reiser,Andre Driftskostnader & Konsulenter - 2026-M09 (HH),134471.13,EMP-103,EMP-123,True,OK,2026_UiA_Full_Oct
TX-20237,2026-09-27,2026-M09,Q3,T3,HH,Handelshøyskolen (HH),Fakultet,7800,Andre Driftskostnader & Konsulenter,7xxx Reiser,Andre Driftskostnader & Konsulenter - 2026-M09 (HH),144835.52,EMP-103,EMP-123,True,OK,2026_UiA_Full_Oct
TX-20238,2026-10-09,2026-M10,Q4,T3,HH,Handelshøyskolen (HH),Fakultet,7800,Andre Driftskostnader & Konsulenter,7xxx Reiser,Andre Driftskostnader & Konsulenter - 2026-M10 (HH),163034.22,EMP-103,EMP-123,True,OK,2026_UiA_Full_Oct
TX-20239,2026-10-18,2026-M10,Q4,T3,HH,Handelshøyskolen (HH),Fakultet,7800,Andre Driftskostnader & Konsulenter,7xxx Reiser,Andre Driftskostnader & Konsulenter - 2026-M10 (HH),22129.29,EMP-103,EMP-123,True,OK,2026_UiA_Full_Oct
TX-20240,2026-10-27,2026-M10,Q4,T3,HH,Handelshøyskolen (HH),Fakultet,7800,Andre Driftskostnader & Konsulenter,7xxx Reiser,Andre Driftskostnader & Konsulenter - 2026-M10 (HH),143065.72,EMP-103,EMP-123,True,OK,2026_UiA_Full_Oct
TX-20241,2026-01-09,2026-M01,Q1,T1,HELS,Fakultet for helse- og idrettsvitenskap (HELS),Fakultet,3000,Statlig Rammebevilgning (Kap 260.50),3xxx Inntekter,Statlig Rammebevilgning (Kap 260.50) - 2026-M01 (HELS),-8857032.13,EMP-116,EMP-136,True,OK,2026_UiA_Full_Oct
TX-20242,2026-01-18,2026-M01,Q1,T1,HELS,Fakultet for helse- og idrettsvitenskap (HELS),Fakultet,3000,Statlig Rammebevilgning (Kap 260.50),3xxx Inntekter,Statlig Rammebevilgning (Kap 260.50) - 2026-M01 (HELS),-3075774.81,EMP-116,EMP-136,True,OK,2026_UiA_Full_Oct
TX-20243,2026-01-27,2026-M01,Q1,T1,HELS,Fakultet for helse- og idrettsvitenskap (HELS),Fakultet,3000,Statlig Rammebevilgning (Kap 260.50),3xxx Inntekter,Statlig Rammebevilgning (Kap 260.50) - 2026-M01 (HELS),-1904662.66,EMP-116,EMP-136,True,OK,2026_UiA_Full_Oct
TX-20244,2026-02-09,2026-M02,Q1,T1,HELS,Fakultet for helse- og idrettsvitenskap (HELS),Fakultet,3000,Statlig Rammebevilgning (Kap 260.50),3xxx Inntekter,Statlig Rammebevilgning (Kap 260.50) - 2026-M02 (HELS),-3688248.95,EMP-116,EMP-136,True,OK,2026_UiA_Full_Oct
TX-20245,2026-02-18,2026-M02,Q1,T1,HELS,Fakultet for helse- og idrettsvitenskap (HELS),Fakultet,3000,Statlig Rammebevilgning (Kap 260.50),3xxx Inntekter,Statlig Rammebevilgning (Kap 260.50) - 2026-M02 (HELS),-8460379.23,EMP-116,EMP-136,True,OK,2026_UiA_Full_Oct
TX-20246,2026-02-27,2026-M02,Q1,T1,HELS,Fakultet for helse- og idrettsvitenskap (HELS),Fakultet,3000,Statlig Rammebevilgning (Kap 260.50),3xxx Inntekter,Statlig Rammebevilgning (Kap 260.50) - 2026-M02 (HELS),-1509917.79,EMP-116,EMP-136,True,OK,2026_UiA_Full_Oct
TX-20247,2026-03-09,2026-M03,Q1,T1,HELS,Fakultet for helse- og idrettsvitenskap (HELS),Fakultet,3000,Statlig Rammebevilgning (Kap 260.50),3xxx Inntekter,Statlig Rammebevilgning (Kap 260.50) - 2026-M03 (HELS),-1649650.93,EMP-116,EMP-136,True,OK,2026_UiA_Full_Oct
TX-20248,2026-03-18,2026-M03,Q1,T1,HELS,Fakultet for helse- og idrettsvitenskap (HELS),Fakultet,3000,Statlig Rammebevilgning (Kap 260.50),3xxx Inntekter,Statlig Rammebevilgning (Kap 260.50) - 2026-M03 (HELS),-9137933.24,EMP-116,EMP-136,True,OK,2026_UiA_Full_Oct
TX-20249,2026-03-27,2026-M03,Q1,T1,HELS,Fakultet for helse- og idrettsvitenskap (HELS),Fakultet,3000,Statlig Rammebevilgning (Kap 260.50),3xxx Inntekter,Statlig Rammebevilgning (Kap 260.50) - 2026-M03 (HELS),-2989234.14,EMP-116,EMP-136,True,OK,2026_UiA_Full_Oct
TX-20250,2026-04-09,2026-M04,Q2,T1,HELS,Fakultet for helse- og idrettsvitenskap (HELS),Fakultet,3000,Statlig Rammebevilgning (Kap 260.50),3xxx Inntekter,Statlig Rammebevilgning (Kap 260.50) - 2026-M04 (HELS),-12371716.37,EMP-116,EMP-136,True,OK,2026_UiA_Full_Oct
TX-20251,2026-04-18,2026-M04,Q2,T1,HELS,Fakultet for helse- og idrettsvitenskap (HELS),Fakultet,3000,Statlig Rammebevilgning (Kap 260.50),3xxx Inntekter,Statlig Rammebevilgning (Kap 260.50) - 2026-M04 (HELS),-785657.52,EMP-116,EMP-136,True,OK,2026_UiA_Full_Oct
TX-20252,2026-04-27,2026-M04,Q2,T1,HELS,Fakultet for helse- og idrettsvitenskap (HELS),Fakultet,3000,Statlig Rammebevilgning (Kap 260.50),3xxx Inntekter,Statlig Rammebevilgning (Kap 260.50) - 2026-M04 (HELS),-783415.5,EMP-116,EMP-136,True,OK,2026_UiA_Full_Oct
TX-20253,2026-05-09,2026-M05,Q2,T2,HELS,Fakultet for helse- og idrettsvitenskap (HELS),Fakultet,3000,Statlig Rammebevilgning (Kap 260.50),3xxx Inntekter,Statlig Rammebevilgning (Kap 260.50) - 2026-M05 (HELS),-3320176.61,EMP-116,EMP-136,True,OK,2026_UiA_Full_Oct
TX-20254,2026-05-18,2026-M05,Q2,T2,HELS,Fakultet for helse- og idrettsvitenskap (HELS),Fakultet,3000,Statlig Rammebevilgning (Kap 260.50),3xxx Inntekter,Statlig Rammebevilgning (Kap 260.50) - 2026-M05 (HELS),-7496096.18,EMP-116,EMP-136,True,OK,2026_UiA_Full_Oct
TX-20255,2026-05-27,2026-M05,Q2,T2,HELS,Fakultet for helse- og idrettsvitenskap (HELS),Fakultet,3000,Statlig Rammebevilgning (Kap 260.50),3xxx Inntekter,Statlig Rammebevilgning (Kap 260.50) - 2026-M05 (HELS),-2954654.15,EMP-116,EMP-136,True,OK,2026_UiA_Full_Oct
TX-20256,2026-06-09,2026-M06,Q2,T2,HELS,Fakultet for helse- og idrettsvitenskap (HELS),Fakultet,3000,Statlig Rammebevilgning (Kap 260.50),3xxx Inntekter,Statlig Rammebevilgning (Kap 260.50) - 2026-M06 (HELS),-3341378.44,EMP-116,EMP-136,True,OK,2026_UiA_Full_Oct
TX-20257,2026-06-18,2026-M06,Q2,T2,HELS,Fakultet for helse- og idrettsvitenskap (HELS),Fakultet,3000,Statlig Rammebevilgning (Kap 260.50),3xxx Inntekter,Statlig Rammebevilgning (Kap 260.50) - 2026-M06 (HELS),-2929206.24,EMP-116,EMP-136,True,OK,2026_UiA_Full_Oct
TX-20258,2026-06-27,2026-M06,Q2,T2,HELS,Fakultet for helse- og idrettsvitenskap (HELS),Fakultet,3000,Statlig Rammebevilgning (Kap 260.50),3xxx Inntekter,Statlig Rammebevilgning (Kap 260.50) - 2026-M06 (HELS),-7603221.57,EMP-116,EMP-136,True,OK,2026_UiA_Full_Oct
TX-20259,2026-07-09,2026-M07,Q3,T2,HELS,Fakultet for helse- og idrettsvitenskap (HELS),Fakultet,3000,Statlig Rammebevilgning (Kap 260.50),3xxx Inntekter,Statlig Rammebevilgning (Kap 260.50) - 2026-M07 (HELS),-519980.1,EMP-116,EMP-136,True,OK,2026_UiA_Full_Oct
TX-20260,2026-07-18,2026-M07,Q3,T2,HELS,Fakultet for helse- og idrettsvitenskap (HELS),Fakultet,3000,Statlig Rammebevilgning (Kap 260.50),3xxx Inntekter,Statlig Rammebevilgning (Kap 260.50) - 2026-M07 (HELS),-1050927.83,EMP-116,EMP-136,True,OK,2026_UiA_Full_Oct
TX-20261,2026-07-27,2026-M07,Q3,T2,HELS,Fakultet for helse- og idrettsvitenskap (HELS),Fakultet,3000,Statlig Rammebevilgning (Kap 260.50),3xxx Inntekter,Statlig Rammebevilgning (Kap 260.50) - 2026-M07 (HELS),-12096099.01,EMP-116,EMP-136,True,OK,2026_UiA_Full_Oct
TX-20262,2026-08-09,2026-M08,Q3,T2,HELS,Fakultet for helse- og idrettsvitenskap (HELS),Fakultet,3000,Statlig Rammebevilgning (Kap 260.50),3xxx Inntekter,Statlig Rammebevilgning (Kap 260.50) - 2026-M08 (HELS),-7190655.77,EMP-116,EMP-136,True,OK,2026_UiA_Full_Oct
TX-20263,2026-08-18,2026-M08,Q3,T2,HELS,Fakultet for helse- og idrettsvitenskap (HELS),Fakultet,3000,Statlig Rammebevilgning (Kap 260.50),3xxx Inntekter,Statlig Rammebevilgning (Kap 260.50) - 2026-M08 (HELS),-4788146.11,EMP-116,EMP-136,True,OK,2026_UiA_Full_Oct
TX-20264,2026-08-27,2026-M08,Q3,T2,HELS,Fakultet for helse- og idrettsvitenskap (HELS),Fakultet,3000,Statlig Rammebevilgning (Kap 260.50),3xxx Inntekter,Statlig Rammebevilgning (Kap 260.50) - 2026-M08 (HELS),-1579708.64,EMP-116,EMP-136,True,OK,2026_UiA_Full_Oct
TX-20265,2026-09-09,2026-M09,Q3,T3,HELS,Fakultet for helse- og idrettsvitenskap (HELS),Fakultet,3000,Statlig Rammebevilgning (Kap 260.50),3xxx Inntekter,Statlig Rammebevilgning (Kap 260.50) - 2026-M09 (HELS),-10879163.01,EMP-116,EMP-136,True,OK,2026_UiA_Full_Oct
TX-20266,2026-09-18,2026-M09,Q3,T3,HELS,Fakultet for helse- og idrettsvitenskap (HELS),Fakultet,3000,Statlig Rammebevilgning (Kap 260.50),3xxx Inntekter,Statlig Rammebevilgning (Kap 260.50) - 2026-M09 (HELS),-1867769.93,EMP-116,EMP-136,True,OK,2026_UiA_Full_Oct
TX-20267,2026-09-27,2026-M09,Q3,T3,HELS,Fakultet for helse- og idrettsvitenskap (HELS),Fakultet,3000,Statlig Rammebevilgning (Kap 260.50),3xxx Inntekter,Statlig Rammebevilgning (Kap 260.50) - 2026-M09 (HELS),-1019831.9,EMP-116,EMP-136,True,OK,2026_UiA_Full_Oct
TX-20268,2026-10-09,2026-M10,Q4,T3,HELS,Fakultet for helse- og idrettsvitenskap (HELS),Fakultet,3000,Statlig Rammebevilgning (Kap 260.50),3xxx Inntekter,Statlig Rammebevilgning (Kap 260.50) - 2026-M10 (HELS),-4006785.38,EMP-116,EMP-136,True,OK,2026_UiA_Full_Oct
TX-20269,2026-10-18,2026-M10,Q4,T3,HELS,Fakultet for helse- og idrettsvitenskap (HELS),Fakultet,3000,Statlig Rammebevilgning (Kap 260.50),3xxx Inntekter,Statlig Rammebevilgning (Kap 260.50) - 2026-M10 (HELS),-2851526.27,EMP-116,EMP-136,True,OK,2026_UiA_Full_Oct
TX-20270,2026-10-27,2026-M10,Q4,T3,HELS,Fakultet for helse- og idrettsvitenskap (HELS),Fakultet,3000,Statlig Rammebevilgning (Kap 260.50),3xxx Inntekter,Statlig Rammebevilgning (Kap 260.50) - 2026-M10 (HELS),-6691806.84,EMP-116,EMP-136,True,OK,2026_UiA_Full_Oct
TX-20271,2026-01-09,2026-M01,Q1,T1,HELS,Fakultet for helse- og idrettsvitenskap (HELS),Fakultet,3400,BOA Ekstern Prosjektstøtte (NFR/EU),3xxx Inntekter,BOA Ekstern Prosjektstøtte (NFR/EU) - 2026-M01 (HELS),-73898.22,EMP-116,EMP-136,True,OK,2026_UiA_Full_Oct
TX-20272,2026-01-18,2026-M01,Q1,T1,HELS,Fakultet for helse- og idrettsvitenskap (HELS),Fakultet,3400,BOA Ekstern Prosjektstøtte (NFR/EU),3xxx Inntekter,BOA Ekstern Prosjektstøtte (NFR/EU) - 2026-M01 (HELS),-748578.68,EMP-116,EMP-136,True,OK,2026_UiA_Full_Oct
TX-20273,2026-01-27,2026-M01,Q1,T1,HELS,Fakultet for helse- og idrettsvitenskap (HELS),Fakultet,3400,BOA Ekstern Prosjektstøtte (NFR/EU),3xxx Inntekter,BOA Ekstern Prosjektstøtte (NFR/EU) - 2026-M01 (HELS),-2229001.99,EMP-116,EMP-136,True,OK,2026_UiA_Full_Oct
TX-20274,2026-02-09,2026-M02,Q1,T1,HELS,Fakultet for helse- og idrettsvitenskap (HELS),Fakultet,3400,BOA Ekstern Prosjektstøtte (NFR/EU),3xxx Inntekter,BOA Ekstern Prosjektstøtte (NFR/EU) - 2026-M02 (HELS),-2541885.28,EMP-116,EMP-136,True,OK,2026_UiA_Full_Oct
TX-20275,2026-02-18,2026-M02,Q1,T1,HELS,Fakultet for helse- og idrettsvitenskap (HELS),Fakultet,3400,BOA Ekstern Prosjektstøtte (NFR/EU),3xxx Inntekter,BOA Ekstern Prosjektstøtte (NFR/EU) - 2026-M02 (HELS),-335990.45,EMP-116,EMP-136,True,OK,2026_UiA_Full_Oct
TX-20276,2026-02-27,2026-M02,Q1,T1,HELS,Fakultet for helse- og idrettsvitenskap (HELS),Fakultet,3400,BOA Ekstern Prosjektstøtte (NFR/EU),3xxx Inntekter,BOA Ekstern Prosjektstøtte (NFR/EU) - 2026-M02 (HELS),-129860.86,EMP-116,EMP-136,True,OK,2026_UiA_Full_Oct
TX-20277,2026-03-09,2026-M03,Q1,T1,HELS,Fakultet for helse- og idrettsvitenskap (HELS),Fakultet,3400,BOA Ekstern Prosjektstøtte (NFR/EU),3xxx Inntekter,BOA Ekstern Prosjektstøtte (NFR/EU) - 2026-M03 (HELS),-1815234.22,EMP-116,EMP-136,True,OK,2026_UiA_Full_Oct
TX-20278,2026-03-18,2026-M03,Q1,T1,HELS,Fakultet for helse- og idrettsvitenskap (HELS),Fakultet,3400,BOA Ekstern Prosjektstøtte (NFR/EU),3xxx Inntekter,BOA Ekstern Prosjektstøtte (NFR/EU) - 2026-M03 (HELS),-733603.65,EMP-116,EMP-136,True,OK,2026_UiA_Full_Oct
TX-20279,2026-03-27,2026-M03,Q1,T1,HELS,Fakultet for helse- og idrettsvitenskap (HELS),Fakultet,3400,BOA Ekstern Prosjektstøtte (NFR/EU),3xxx Inntekter,BOA Ekstern Prosjektstøtte (NFR/EU) - 2026-M03 (HELS),-441981.26,EMP-116,EMP-136,True,OK,2026_UiA_Full_Oct
TX-20280,2026-04-09,2026-M04,Q2,T1,HELS,Fakultet for helse- og idrettsvitenskap (HELS),Fakultet,3400,BOA Ekstern Prosjektstøtte (NFR/EU),3xxx Inntekter,BOA Ekstern Prosjektstøtte (NFR/EU) - 2026-M04 (HELS),-110303.5,EMP-116,EMP-136,True,OK,2026_UiA_Full_Oct
TX-20281,2026-04-18,2026-M04,Q2,T1,HELS,Fakultet for helse- og idrettsvitenskap (HELS),Fakultet,3400,BOA Ekstern Prosjektstøtte (NFR/EU),3xxx Inntekter,BOA Ekstern Prosjektstøtte (NFR/EU) - 2026-M04 (HELS),-2477383.38,EMP-116,EMP-136,True,OK,2026_UiA_Full_Oct
TX-20282,2026-04-27,2026-M04,Q2,T1,HELS,Fakultet for helse- og idrettsvitenskap (HELS),Fakultet,3400,BOA Ekstern Prosjektstøtte (NFR/EU),3xxx Inntekter,BOA Ekstern Prosjektstøtte (NFR/EU) - 2026-M04 (HELS),-446439.1,EMP-116,EMP-136,True,OK,2026_UiA_Full_Oct
TX-20283,2026-05-09,2026-M05,Q2,T2,HELS,Fakultet for helse- og idrettsvitenskap (HELS),Fakultet,3400,BOA Ekstern Prosjektstøtte (NFR/EU),3xxx Inntekter,BOA Ekstern Prosjektstøtte (NFR/EU) - 2026-M05 (HELS),-86527.13,EMP-116,EMP-136,True,OK,2026_UiA_Full_Oct
TX-20284,2026-05-18,2026-M05,Q2,T2,HELS,Fakultet for helse- og idrettsvitenskap (HELS),Fakultet,3400,BOA Ekstern Prosjektstøtte (NFR/EU),3xxx Inntekter,BOA Ekstern Prosjektstøtte (NFR/EU) - 2026-M05 (HELS),-441028.54,EMP-116,EMP-136,True,OK,2026_UiA_Full_Oct
TX-20285,2026-05-27,2026-M05,Q2,T2,HELS,Fakultet for helse- og idrettsvitenskap (HELS),Fakultet,3400,BOA Ekstern Prosjektstøtte (NFR/EU),3xxx Inntekter,BOA Ekstern Prosjektstøtte (NFR/EU) - 2026-M05 (HELS),-2461772.53,EMP-116,EMP-136,True,OK,2026_UiA_Full_Oct
TX-20286,2026-06-09,2026-M06,Q2,T2,HELS,Fakultet for helse- og idrettsvitenskap (HELS),Fakultet,3400,BOA Ekstern Prosjektstøtte (NFR/EU),3xxx Inntekter,BOA Ekstern Prosjektstøtte (NFR/EU) - 2026-M06 (HELS),-2075541.18,EMP-116,EMP-136,True,OK,2026_UiA_Full_Oct
TX-20287,2026-06-18,2026-M06,Q2,T2,HELS,Fakultet for helse- og idrettsvitenskap (HELS),Fakultet,3400,BOA Ekstern Prosjektstøtte (NFR/EU),3xxx Inntekter,BOA Ekstern Prosjektstøtte (NFR/EU) - 2026-M06 (HELS),-725860.14,EMP-116,EMP-136,True,OK,2026_UiA_Full_Oct
TX-20288,2026-06-27,2026-M06,Q2,T2,HELS,Fakultet for helse- og idrettsvitenskap (HELS),Fakultet,3400,BOA Ekstern Prosjektstøtte (NFR/EU),3xxx Inntekter,BOA Ekstern Prosjektstøtte (NFR/EU) - 2026-M06 (HELS),-205593.3,EMP-116,EMP-136,True,OK,2026_UiA_Full_Oct
TX-20289,2026-07-09,2026-M07,Q3,T2,HELS,Fakultet for helse- og idrettsvitenskap (HELS),Fakultet,3400,BOA Ekstern Prosjektstøtte (NFR/EU),3xxx Inntekter,BOA Ekstern Prosjektstøtte (NFR/EU) - 2026-M07 (HELS),-816009.49,EMP-116,EMP-136,True,OK,2026_UiA_Full_Oct
TX-20290,2026-07-18,2026-M07,Q3,T2,HELS,Fakultet for helse- og idrettsvitenskap (HELS),Fakultet,3400,BOA Ekstern Prosjektstøtte (NFR/EU),3xxx Inntekter,BOA Ekstern Prosjektstøtte (NFR/EU) - 2026-M07 (HELS),-1501924.91,EMP-116,EMP-136,True,OK,2026_UiA_Full_Oct
TX-20291,2026-07-27,2026-M07,Q3,T2,HELS,Fakultet for helse- og idrettsvitenskap (HELS),Fakultet,3400,BOA Ekstern Prosjektstøtte (NFR/EU),3xxx Inntekter,BOA Ekstern Prosjektstøtte (NFR/EU) - 2026-M07 (HELS),-743584.9,EMP-116,EMP-136,True,OK,2026_UiA_Full_Oct
TX-20292,2026-08-09,2026-M08,Q3,T2,HELS,Fakultet for helse- og idrettsvitenskap (HELS),Fakultet,3400,BOA Ekstern Prosjektstøtte (NFR/EU),3xxx Inntekter,BOA Ekstern Prosjektstøtte (NFR/EU) - 2026-M08 (HELS),-712163.9,EMP-116,EMP-136,True,OK,2026_UiA_Full_Oct
TX-20293,2026-08-18,2026-M08,Q3,T2,HELS,Fakultet for helse- og idrettsvitenskap (HELS),Fakultet,3400,BOA Ekstern Prosjektstøtte (NFR/EU),3xxx Inntekter,BOA Ekstern Prosjektstøtte (NFR/EU) - 2026-M08 (HELS),-1816992.71,EMP-116,EMP-136,True,OK,2026_UiA_Full_Oct
TX-20294,2026-08-27,2026-M08,Q3,T2,HELS,Fakultet for helse- og idrettsvitenskap (HELS),Fakultet,3400,BOA Ekstern Prosjektstøtte (NFR/EU),3xxx Inntekter,BOA Ekstern Prosjektstøtte (NFR/EU) - 2026-M08 (HELS),-460258.42,EMP-116,EMP-136,True,OK,2026_UiA_Full_Oct
TX-20295,2026-09-09,2026-M09,Q3,T3,HELS,Fakultet for helse- og idrettsvitenskap (HELS),Fakultet,3400,BOA Ekstern Prosjektstøtte (NFR/EU),3xxx Inntekter,BOA Ekstern Prosjektstøtte (NFR/EU) - 2026-M09 (HELS),-21117.08,EMP-116,EMP-136,True,OK,2026_UiA_Full_Oct
TX-20296,2026-09-18,2026-M09,Q3,T3,HELS,Fakultet for helse- og idrettsvitenskap (HELS),Fakultet,3400,BOA Ekstern Prosjektstøtte (NFR/EU),3xxx Inntekter,BOA Ekstern Prosjektstøtte (NFR/EU) - 2026-M09 (HELS),-410884.03,EMP-116,EMP-136,True,OK,2026_UiA_Full_Oct
TX-20297,2026-09-27,2026-M09,Q3,T3,HELS,Fakultet for helse- og idrettsvitenskap (HELS),Fakultet,3400,BOA Ekstern Prosjektstøtte (NFR/EU),3xxx Inntekter,BOA Ekstern Prosjektstøtte (NFR/EU) - 2026-M09 (HELS),-2582306.97,EMP-116,EMP-136,True,OK,2026_UiA_Full_Oct
TX-20298,2026-10-09,2026-M10,Q4,T3,HELS,Fakultet for helse- og idrettsvitenskap (HELS),Fakultet,3400,BOA Ekstern Prosjektstøtte (NFR/EU),3xxx Inntekter,BOA Ekstern Prosjektstøtte (NFR/EU) - 2026-M10 (HELS),-553984.81,EMP-116,EMP-136,True,OK,2026_UiA_Full_Oct
TX-20299,2026-10-18,2026-M10,Q4,T3,HELS,Fakultet for helse- og idrettsvitenskap (HELS),Fakultet,3400,BOA Ekstern Prosjektstøtte (NFR/EU),3xxx Inntekter,BOA Ekstern Prosjektstøtte (NFR/EU) - 2026-M10 (HELS),-528305.68,EMP-116,EMP-136,True,OK,2026_UiA_Full_Oct
TX-20300,2026-10-27,2026-M10,Q4,T3,HELS,Fakultet for helse- og idrettsvitenskap (HELS),Fakultet,3400,BOA Ekstern Prosjektstøtte (NFR/EU),3xxx Inntekter,BOA Ekstern Prosjektstøtte (NFR/EU) - 2026-M10 (HELS),-1944038.26,EMP-116,EMP-136,True,OK,2026_UiA_Full_Oct
TX-20301,2026-01-09,2026-M01,Q1,T1,HELS,Fakultet for helse- og idrettsvitenskap (HELS),Fakultet,5000,Fast Lønn & Sosiale Kostnader,5xxx Lønn,Fast Lønn & Sosiale Kostnader - 2026-M01 (HELS),1686735.81,EMP-116,EMP-136,True,OK,2026_UiA_Full_Oct
TX-20302,2026-01-18,2026-M01,Q1,T1,HELS,Fakultet for helse- og idrettsvitenskap (HELS),Fakultet,5000,Fast Lønn & Sosiale Kostnader,5xxx Lønn,Fast Lønn & Sosiale Kostnader - 2026-M01 (HELS),98037.08,EMP-116,EMP-136,True,OK,2026_UiA_Full_Oct
TX-20303,2026-01-27,2026-M01,Q1,T1,HELS,Fakultet for helse- og idrettsvitenskap (HELS),Fakultet,5000,Fast Lønn & Sosiale Kostnader,5xxx Lønn,Fast Lønn & Sosiale Kostnader - 2026-M01 (HELS),8936978.37,EMP-116,EMP-136,True,OK,2026_UiA_Full_Oct
TX-20304,2026-02-09,2026-M02,Q1,T1,HELS,Fakultet for helse- og idrettsvitenskap (HELS),Fakultet,5000,Fast Lønn & Sosiale Kostnader,5xxx Lønn,Fast Lønn & Sosiale Kostnader - 2026-M02 (HELS),572895.18,EMP-116,EMP-136,True,OK,2026_UiA_Full_Oct
TX-20305,2026-02-18,2026-M02,Q1,T1,HELS,Fakultet for helse- og idrettsvitenskap (HELS),Fakultet,5000,Fast Lønn & Sosiale Kostnader,5xxx Lønn,Fast Lønn & Sosiale Kostnader - 2026-M02 (HELS),52052.66,EMP-116,EMP-136,True,OK,2026_UiA_Full_Oct
TX-20306,2026-02-27,2026-M02,Q1,T1,HELS,Fakultet for helse- og idrettsvitenskap (HELS),Fakultet,5000,Fast Lønn & Sosiale Kostnader,5xxx Lønn,Fast Lønn & Sosiale Kostnader - 2026-M02 (HELS),10127661.69,EMP-116,EMP-136,True,OK,2026_UiA_Full_Oct
TX-20307,2026-03-09,2026-M03,Q1,T1,HELS,Fakultet for helse- og idrettsvitenskap (HELS),Fakultet,5000,Fast Lønn & Sosiale Kostnader,5xxx Lønn,Fast Lønn & Sosiale Kostnader - 2026-M03 (HELS),1279802.46,EMP-116,EMP-136,True,OK,2026_UiA_Full_Oct
TX-20308,2026-03-18,2026-M03,Q1,T1,HELS,Fakultet for helse- og idrettsvitenskap (HELS),Fakultet,5000,Fast Lønn & Sosiale Kostnader,5xxx Lønn,Fast Lønn & Sosiale Kostnader - 2026-M03 (HELS),6308085.2,EMP-116,EMP-136,True,OK,2026_UiA_Full_Oct
TX-20309,2026-03-27,2026-M03,Q1,T1,HELS,Fakultet for helse- og idrettsvitenskap (HELS),Fakultet,5000,Fast Lønn & Sosiale Kostnader,5xxx Lønn,Fast Lønn & Sosiale Kostnader - 2026-M03 (HELS),3189820.19,EMP-116,EMP-136,True,OK,2026_UiA_Full_Oct
TX-20310,2026-04-09,2026-M04,Q2,T1,HELS,Fakultet for helse- og idrettsvitenskap (HELS),Fakultet,5000,Fast Lønn & Sosiale Kostnader,5xxx Lønn,Fast Lønn & Sosiale Kostnader - 2026-M04 (HELS),2593594.52,EMP-116,EMP-136,True,OK,2026_UiA_Full_Oct
TX-20311,2026-04-18,2026-M04,Q2,T1,HELS,Fakultet for helse- og idrettsvitenskap (HELS),Fakultet,5000,Fast Lønn & Sosiale Kostnader,5xxx Lønn,Fast Lønn & Sosiale Kostnader - 2026-M04 (HELS),3127075.85,EMP-116,EMP-136,True,OK,2026_UiA_Full_Oct
TX-20312,2026-04-27,2026-M04,Q2,T1,HELS,Fakultet for helse- og idrettsvitenskap (HELS),Fakultet,5000,Fast Lønn & Sosiale Kostnader,5xxx Lønn,Fast Lønn & Sosiale Kostnader - 2026-M04 (HELS),5016202.05,EMP-116,EMP-136,True,OK,2026_UiA_Full_Oct
TX-20313,2026-05-09,2026-M05,Q2,T2,HELS,Fakultet for helse- og idrettsvitenskap (HELS),Fakultet,5000,Fast Lønn & Sosiale Kostnader,5xxx Lønn,Fast Lønn & Sosiale Kostnader - 2026-M05 (HELS),381535.6,EMP-116,EMP-136,True,OK,2026_UiA_Full_Oct
TX-20314,2026-05-18,2026-M05,Q2,T2,HELS,Fakultet for helse- og idrettsvitenskap (HELS),Fakultet,5000,Fast Lønn & Sosiale Kostnader,5xxx Lønn,Fast Lønn & Sosiale Kostnader - 2026-M05 (HELS),5194573.02,EMP-116,EMP-136,True,OK,2026_UiA_Full_Oct
TX-20315,2026-05-27,2026-M05,Q2,T2,HELS,Fakultet for helse- og idrettsvitenskap (HELS),Fakultet,5000,Fast Lønn & Sosiale Kostnader,5xxx Lønn,Fast Lønn & Sosiale Kostnader - 2026-M05 (HELS),5302250.37,EMP-116,EMP-136,True,OK,2026_UiA_Full_Oct
TX-20316,2026-06-09,2026-M06,Q2,T2,HELS,Fakultet for helse- og idrettsvitenskap (HELS),Fakultet,5000,Fast Lønn & Sosiale Kostnader,5xxx Lønn,Fast Lønn & Sosiale Kostnader - 2026-M06 (HELS),1996357.47,EMP-116,EMP-136,True,OK,2026_UiA_Full_Oct
TX-20317,2026-06-18,2026-M06,Q2,T2,HELS,Fakultet for helse- og idrettsvitenskap (HELS),Fakultet,5000,Fast Lønn & Sosiale Kostnader,5xxx Lønn,Fast Lønn & Sosiale Kostnader - 2026-M06 (HELS),2270512.99,EMP-116,EMP-136,True,OK,2026_UiA_Full_Oct
TX-20318,2026-06-27,2026-M06,Q2,T2,HELS,Fakultet for helse- og idrettsvitenskap (HELS),Fakultet,5000,Fast Lønn & Sosiale Kostnader,5xxx Lønn,Fast Lønn & Sosiale Kostnader - 2026-M06 (HELS),6420688.64,EMP-116,EMP-136,True,OK,2026_UiA_Full_Oct
TX-20319,2026-07-09,2026-M07,Q3,T2,HELS,Fakultet for helse- og idrettsvitenskap (HELS),Fakultet,5000,Fast Lønn & Sosiale Kostnader,5xxx Lønn,Fast Lønn & Sosiale Kostnader - 2026-M07 (HELS),3271709.02,EMP-116,EMP-136,True,OK,2026_UiA_Full_Oct
TX-20320,2026-07-18,2026-M07,Q3,T2,HELS,Fakultet for helse- og idrettsvitenskap (HELS),Fakultet,5000,Fast Lønn & Sosiale Kostnader,5xxx Lønn,Fast Lønn & Sosiale Kostnader - 2026-M07 (HELS),1947264.27,EMP-116,EMP-136,True,OK,2026_UiA_Full_Oct
TX-20321,2026-07-27,2026-M07,Q3,T2,HELS,Fakultet for helse- og idrettsvitenskap (HELS),Fakultet,5000,Fast Lønn & Sosiale Kostnader,5xxx Lønn,Fast Lønn & Sosiale Kostnader - 2026-M07 (HELS),5384429.34,EMP-116,EMP-136,True,OK,2026_UiA_Full_Oct
TX-20322,2026-08-09,2026-M08,Q3,T2,HELS,Fakultet for helse- og idrettsvitenskap (HELS),Fakultet,5000,Fast Lønn & Sosiale Kostnader,5xxx Lønn,Fast Lønn & Sosiale Kostnader - 2026-M08 (HELS),210527.61,EMP-116,EMP-136,True,OK,2026_UiA_Full_Oct
TX-20323,2026-08-18,2026-M08,Q3,T2,HELS,Fakultet for helse- og idrettsvitenskap (HELS),Fakultet,5000,Fast Lønn & Sosiale Kostnader,5xxx Lønn,Fast Lønn & Sosiale Kostnader - 2026-M08 (HELS),179058.89,EMP-116,EMP-136,True,OK,2026_UiA_Full_Oct
TX-20324,2026-08-27,2026-M08,Q3,T2,HELS,Fakultet for helse- og idrettsvitenskap (HELS),Fakultet,5000,Fast Lønn & Sosiale Kostnader,5xxx Lønn,Fast Lønn & Sosiale Kostnader - 2026-M08 (HELS),10296057.72,EMP-116,EMP-136,True,OK,2026_UiA_Full_Oct
TX-20325,2026-09-09,2026-M09,Q3,T3,HELS,Fakultet for helse- og idrettsvitenskap (HELS),Fakultet,5000,Fast Lønn & Sosiale Kostnader,5xxx Lønn,Fast Lønn & Sosiale Kostnader - 2026-M09 (HELS),3116921.59,EMP-116,EMP-136,True,OK,2026_UiA_Full_Oct
TX-20326,2026-09-18,2026-M09,Q3,T3,HELS,Fakultet for helse- og idrettsvitenskap (HELS),Fakultet,5000,Fast Lønn & Sosiale Kostnader,5xxx Lønn,Fast Lønn & Sosiale Kostnader - 2026-M09 (HELS),6221794.93,EMP-116,EMP-136,True,OK,2026_UiA_Full_Oct
TX-20327,2026-09-27,2026-M09,Q3,T3,HELS,Fakultet for helse- og idrettsvitenskap (HELS),Fakultet,5000,Fast Lønn & Sosiale Kostnader,5xxx Lønn,Fast Lønn & Sosiale Kostnader - 2026-M09 (HELS),1373881.57,EMP-116,EMP-136,True,OK,2026_UiA_Full_Oct
TX-20328,2026-10-09,2026-M10,Q4,T3,HELS,Fakultet for helse- og idrettsvitenskap (HELS),Fakultet,5000,Fast Lønn & Sosiale Kostnader,5xxx Lønn,Fast Lønn & Sosiale Kostnader - 2026-M10 (HELS),105716.79,EMP-116,EMP-136,True,OK,2026_UiA_Full_Oct
TX-20329,2026-10-18,2026-M10,Q4,T3,HELS,Fakultet for helse- og idrettsvitenskap (HELS),Fakultet,5000,Fast Lønn & Sosiale Kostnader,5xxx Lønn,Fast Lønn & Sosiale Kostnader - 2026-M10 (HELS),9728674.81,EMP-116,EMP-136,True,OK,2026_UiA_Full_Oct
TX-20330,2026-10-27,2026-M10,Q4,T3,HELS,Fakultet for helse- og idrettsvitenskap (HELS),Fakultet,5000,Fast Lønn & Sosiale Kostnader,5xxx Lønn,Fast Lønn & Sosiale Kostnader - 2026-M10 (HELS),768785.39,EMP-116,EMP-136,True,OK,2026_UiA_Full_Oct
TX-20331,2026-01-09,2026-M01,Q1,T1,HELS,Fakultet for helse- og idrettsvitenskap (HELS),Fakultet,5330,Sensorhonorar & Timelønnede,5xxx Lønn,Sensorhonorar & Timelønnede - 2026-M01 (HELS),15914.32,EMP-116,EMP-136,True,OK,2026_UiA_Full_Oct
TX-20332,2026-01-18,2026-M01,Q1,T1,HELS,Fakultet for helse- og idrettsvitenskap (HELS),Fakultet,5330,Sensorhonorar & Timelønnede,5xxx Lønn,Sensorhonorar & Timelønnede - 2026-M01 (HELS),57636.56,EMP-116,EMP-136,True,OK,2026_UiA_Full_Oct
TX-20333,2026-01-27,2026-M01,Q1,T1,HELS,Fakultet for helse- og idrettsvitenskap (HELS),Fakultet,5330,Sensorhonorar & Timelønnede,5xxx Lønn,Sensorhonorar & Timelønnede - 2026-M01 (HELS),935078.59,EMP-116,EMP-136,True,OK,2026_UiA_Full_Oct
TX-20334,2026-02-09,2026-M02,Q1,T1,HELS,Fakultet for helse- og idrettsvitenskap (HELS),Fakultet,5330,Sensorhonorar & Timelønnede,5xxx Lønn,Sensorhonorar & Timelønnede - 2026-M02 (HELS),21046.26,EMP-116,EMP-136,True,OK,2026_UiA_Full_Oct
TX-20335,2026-02-18,2026-M02,Q1,T1,HELS,Fakultet for helse- og idrettsvitenskap (HELS),Fakultet,5330,Sensorhonorar & Timelønnede,5xxx Lønn,Sensorhonorar & Timelønnede - 2026-M02 (HELS),811160.94,EMP-116,EMP-136,True,OK,2026_UiA_Full_Oct
TX-20336,2026-02-27,2026-M02,Q1,T1,HELS,Fakultet for helse- og idrettsvitenskap (HELS),Fakultet,5330,Sensorhonorar & Timelønnede,5xxx Lønn,Sensorhonorar & Timelønnede - 2026-M02 (HELS),183893.74,EMP-116,EMP-136,True,OK,2026_UiA_Full_Oct
TX-20337,2026-03-09,2026-M03,Q1,T1,HELS,Fakultet for helse- og idrettsvitenskap (HELS),Fakultet,5330,Sensorhonorar & Timelønnede,5xxx Lønn,Sensorhonorar & Timelønnede - 2026-M03 (HELS),642563.56,EMP-116,EMP-136,True,OK,2026_UiA_Full_Oct
TX-20338,2026-03-18,2026-M03,Q1,T1,HELS,Fakultet for helse- og idrettsvitenskap (HELS),Fakultet,5330,Sensorhonorar & Timelønnede,5xxx Lønn,Sensorhonorar & Timelønnede - 2026-M03 (HELS),36896.71,EMP-116,EMP-136,True,OK,2026_UiA_Full_Oct
TX-20339,2026-03-27,2026-M03,Q1,T1,HELS,Fakultet for helse- og idrettsvitenskap (HELS),Fakultet,5330,Sensorhonorar & Timelønnede,5xxx Lønn,Sensorhonorar & Timelønnede - 2026-M03 (HELS),335123.34,EMP-116,EMP-136,True,OK,2026_UiA_Full_Oct
TX-20340,2026-04-09,2026-M04,Q2,T1,HELS,Fakultet for helse- og idrettsvitenskap (HELS),Fakultet,5330,Sensorhonorar & Timelønnede,5xxx Lønn,Sensorhonorar & Timelønnede - 2026-M04 (HELS),11349.98,EMP-116,EMP-136,True,OK,2026_UiA_Full_Oct
TX-20341,2026-04-18,2026-M04,Q2,T1,HELS,Fakultet for helse- og idrettsvitenskap (HELS),Fakultet,5330,Sensorhonorar & Timelønnede,5xxx Lønn,Sensorhonorar & Timelønnede - 2026-M04 (HELS),401074.91,EMP-116,EMP-136,True,OK,2026_UiA_Full_Oct
TX-20342,2026-04-27,2026-M04,Q2,T1,HELS,Fakultet for helse- og idrettsvitenskap (HELS),Fakultet,5330,Sensorhonorar & Timelønnede,5xxx Lønn,Sensorhonorar & Timelønnede - 2026-M04 (HELS),604175.53,EMP-116,EMP-136,True,OK,2026_UiA_Full_Oct
TX-20343,2026-05-09,2026-M05,Q2,T2,HELS,Fakultet for helse- og idrettsvitenskap (HELS),Fakultet,5330,Sensorhonorar & Timelønnede,5xxx Lønn,Sensorhonorar & Timelønnede - 2026-M05 (HELS),285178.59,EMP-116,EMP-136,True,OK,2026_UiA_Full_Oct
TX-20344,2026-05-18,2026-M05,Q2,T2,HELS,Fakultet for helse- og idrettsvitenskap (HELS),Fakultet,5330,Sensorhonorar & Timelønnede,5xxx Lønn,Sensorhonorar & Timelønnede - 2026-M05 (HELS),429134.7,EMP-116,EMP-136,True,OK,2026_UiA_Full_Oct
TX-20345,2026-05-27,2026-M05,Q2,T2,HELS,Fakultet for helse- og idrettsvitenskap (HELS),Fakultet,5330,Sensorhonorar & Timelønnede,5xxx Lønn,Sensorhonorar & Timelønnede - 2026-M05 (HELS),287467.88,EMP-116,EMP-136,True,OK,2026_UiA_Full_Oct
TX-20346,2026-06-09,2026-M06,Q2,T2,HELS,Fakultet for helse- og idrettsvitenskap (HELS),Fakultet,5330,Sensorhonorar & Timelønnede,5xxx Lønn,Sensorhonorar & Timelønnede - 2026-M06 (HELS),228017.67,EMP-116,EMP-136,True,OK,2026_UiA_Full_Oct
TX-20347,2026-06-18,2026-M06,Q2,T2,HELS,Fakultet for helse- og idrettsvitenskap (HELS),Fakultet,5330,Sensorhonorar & Timelønnede,5xxx Lønn,Sensorhonorar & Timelønnede - 2026-M06 (HELS),446447.41,EMP-116,EMP-136,True,OK,2026_UiA_Full_Oct
TX-20348,2026-06-27,2026-M06,Q2,T2,HELS,Fakultet for helse- og idrettsvitenskap (HELS),Fakultet,5330,Sensorhonorar & Timelønnede,5xxx Lønn,Sensorhonorar & Timelønnede - 2026-M06 (HELS),334749.32,EMP-116,EMP-136,True,OK,2026_UiA_Full_Oct
TX-20349,2026-07-09,2026-M07,Q3,T2,HELS,Fakultet for helse- og idrettsvitenskap (HELS),Fakultet,5330,Sensorhonorar & Timelønnede,5xxx Lønn,Sensorhonorar & Timelønnede - 2026-M07 (HELS),397651.37,EMP-116,EMP-136,True,OK,2026_UiA_Full_Oct
TX-20350,2026-07-18,2026-M07,Q3,T2,HELS,Fakultet for helse- og idrettsvitenskap (HELS),Fakultet,5330,Sensorhonorar & Timelønnede,5xxx Lønn,Sensorhonorar & Timelønnede - 2026-M07 (HELS),155918.2,EMP-116,EMP-136,True,OK,2026_UiA_Full_Oct
TX-20351,2026-07-27,2026-M07,Q3,T2,HELS,Fakultet for helse- og idrettsvitenskap (HELS),Fakultet,5330,Sensorhonorar & Timelønnede,5xxx Lønn,Sensorhonorar & Timelønnede - 2026-M07 (HELS),439861.85,EMP-116,EMP-136,True,OK,2026_UiA_Full_Oct
TX-20352,2026-08-09,2026-M08,Q3,T2,HELS,Fakultet for helse- og idrettsvitenskap (HELS),Fakultet,5330,Sensorhonorar & Timelønnede,5xxx Lønn,Sensorhonorar & Timelønnede - 2026-M08 (HELS),264804.27,EMP-116,EMP-136,True,OK,2026_UiA_Full_Oct
TX-20353,2026-08-18,2026-M08,Q3,T2,HELS,Fakultet for helse- og idrettsvitenskap (HELS),Fakultet,5330,Sensorhonorar & Timelønnede,5xxx Lønn,Sensorhonorar & Timelønnede - 2026-M08 (HELS),409288.58,EMP-116,EMP-136,True,OK,2026_UiA_Full_Oct
TX-20354,2026-08-27,2026-M08,Q3,T2,HELS,Fakultet for helse- og idrettsvitenskap (HELS),Fakultet,5330,Sensorhonorar & Timelønnede,5xxx Lønn,Sensorhonorar & Timelønnede - 2026-M08 (HELS),328376.35,EMP-116,EMP-136,True,OK,2026_UiA_Full_Oct
TX-20355,2026-09-09,2026-M09,Q3,T3,HELS,Fakultet for helse- og idrettsvitenskap (HELS),Fakultet,5330,Sensorhonorar & Timelønnede,5xxx Lønn,Sensorhonorar & Timelønnede - 2026-M09 (HELS),585248.29,EMP-116,EMP-136,True,OK,2026_UiA_Full_Oct
TX-20356,2026-09-18,2026-M09,Q3,T3,HELS,Fakultet for helse- og idrettsvitenskap (HELS),Fakultet,5330,Sensorhonorar & Timelønnede,5xxx Lønn,Sensorhonorar & Timelønnede - 2026-M09 (HELS),133171.96,EMP-116,EMP-136,True,OK,2026_UiA_Full_Oct
TX-20357,2026-09-27,2026-M09,Q3,T3,HELS,Fakultet for helse- og idrettsvitenskap (HELS),Fakultet,5330,Sensorhonorar & Timelønnede,5xxx Lønn,Sensorhonorar & Timelønnede - 2026-M09 (HELS),277316.91,EMP-116,EMP-136,True,OK,2026_UiA_Full_Oct
TX-20358,2026-10-09,2026-M10,Q4,T3,HELS,Fakultet for helse- og idrettsvitenskap (HELS),Fakultet,5330,Sensorhonorar & Timelønnede,5xxx Lønn,Sensorhonorar & Timelønnede - 2026-M10 (HELS),727091.45,EMP-116,EMP-136,True,OK,2026_UiA_Full_Oct
TX-20359,2026-10-18,2026-M10,Q4,T3,HELS,Fakultet for helse- og idrettsvitenskap (HELS),Fakultet,5330,Sensorhonorar & Timelønnede,5xxx Lønn,Sensorhonorar & Timelønnede - 2026-M10 (HELS),103910.83,EMP-116,EMP-136,True,OK,2026_UiA_Full_Oct
TX-20360,2026-10-27,2026-M10,Q4,T3,HELS,Fakultet for helse- og idrettsvitenskap (HELS),Fakultet,5330,Sensorhonorar & Timelønnede,5xxx Lønn,Sensorhonorar & Timelønnede - 2026-M10 (HELS),163777.99,EMP-116,EMP-136,True,OK,2026_UiA_Full_Oct
TX-20361,2026-01-09,2026-M01,Q1,T1,HELS,Fakultet for helse- og idrettsvitenskap (HELS),Fakultet,6000,Husleie & Eiendomsdrift,6xxx Drift,Husleie & Eiendomsdrift - 2026-M01 (HELS),205175.12,EMP-116,EMP-136,True,OK,2026_UiA_Full_Oct
TX-20362,2026-01-18,2026-M01,Q1,T1,HELS,Fakultet for helse- og idrettsvitenskap (HELS),Fakultet,6000,Husleie & Eiendomsdrift,6xxx Drift,Husleie & Eiendomsdrift - 2026-M01 (HELS),1306344.8,EMP-116,EMP-136,True,OK,2026_UiA_Full_Oct
TX-20363,2026-01-27,2026-M01,Q1,T1,HELS,Fakultet for helse- og idrettsvitenskap (HELS),Fakultet,6000,Husleie & Eiendomsdrift,6xxx Drift,Husleie & Eiendomsdrift - 2026-M01 (HELS),811607.72,EMP-116,EMP-136,True,OK,2026_UiA_Full_Oct
TX-20364,2026-02-09,2026-M02,Q1,T1,HELS,Fakultet for helse- og idrettsvitenskap (HELS),Fakultet,6000,Husleie & Eiendomsdrift,6xxx Drift,Husleie & Eiendomsdrift - 2026-M02 (HELS),1497965.06,EMP-116,EMP-136,True,OK,2026_UiA_Full_Oct
TX-20365,2026-02-18,2026-M02,Q1,T1,HELS,Fakultet for helse- og idrettsvitenskap (HELS),Fakultet,6000,Husleie & Eiendomsdrift,6xxx Drift,Husleie & Eiendomsdrift - 2026-M02 (HELS),242113.78,EMP-116,EMP-136,True,OK,2026_UiA_Full_Oct
TX-20366,2026-02-27,2026-M02,Q1,T1,HELS,Fakultet for helse- og idrettsvitenskap (HELS),Fakultet,6000,Husleie & Eiendomsdrift,6xxx Drift,Husleie & Eiendomsdrift - 2026-M02 (HELS),628878.71,EMP-116,EMP-136,True,OK,2026_UiA_Full_Oct
TX-20367,2026-03-09,2026-M03,Q1,T1,HELS,Fakultet for helse- og idrettsvitenskap (HELS),Fakultet,6000,Husleie & Eiendomsdrift,6xxx Drift,Husleie & Eiendomsdrift - 2026-M03 (HELS),529935.74,EMP-116,EMP-136,True,OK,2026_UiA_Full_Oct
TX-20368,2026-03-18,2026-M03,Q1,T1,HELS,Fakultet for helse- og idrettsvitenskap (HELS),Fakultet,6000,Husleie & Eiendomsdrift,6xxx Drift,Husleie & Eiendomsdrift - 2026-M03 (HELS),814344.25,EMP-116,EMP-136,True,OK,2026_UiA_Full_Oct
TX-20369,2026-03-27,2026-M03,Q1,T1,HELS,Fakultet for helse- og idrettsvitenskap (HELS),Fakultet,6000,Husleie & Eiendomsdrift,6xxx Drift,Husleie & Eiendomsdrift - 2026-M03 (HELS),1031807.42,EMP-116,EMP-136,True,OK,2026_UiA_Full_Oct
TX-20370,2026-04-09,2026-M04,Q2,T1,HELS,Fakultet for helse- og idrettsvitenskap (HELS),Fakultet,6000,Husleie & Eiendomsdrift,6xxx Drift,Husleie & Eiendomsdrift - 2026-M04 (HELS),123214.72,EMP-116,EMP-136,True,OK,2026_UiA_Full_Oct
TX-20371,2026-04-18,2026-M04,Q2,T1,HELS,Fakultet for helse- og idrettsvitenskap (HELS),Fakultet,6000,Husleie & Eiendomsdrift,6xxx Drift,Husleie & Eiendomsdrift - 2026-M04 (HELS),1064739.72,EMP-116,EMP-136,True,OK,2026_UiA_Full_Oct
TX-20372,2026-04-27,2026-M04,Q2,T1,HELS,Fakultet for helse- og idrettsvitenskap (HELS),Fakultet,6000,Husleie & Eiendomsdrift,6xxx Drift,Husleie & Eiendomsdrift - 2026-M04 (HELS),1171882.14,EMP-116,EMP-136,True,OK,2026_UiA_Full_Oct
TX-20373,2026-05-09,2026-M05,Q2,T2,HELS,Fakultet for helse- og idrettsvitenskap (HELS),Fakultet,6000,Husleie & Eiendomsdrift,6xxx Drift,Husleie & Eiendomsdrift - 2026-M05 (HELS),1001608.29,EMP-116,EMP-136,True,OK,2026_UiA_Full_Oct
TX-20374,2026-05-18,2026-M05,Q2,T2,HELS,Fakultet for helse- og idrettsvitenskap (HELS),Fakultet,6000,Husleie & Eiendomsdrift,6xxx Drift,Husleie & Eiendomsdrift - 2026-M05 (HELS),1208207.49,EMP-116,EMP-136,True,OK,2026_UiA_Full_Oct
TX-20375,2026-05-27,2026-M05,Q2,T2,HELS,Fakultet for helse- og idrettsvitenskap (HELS),Fakultet,6000,Husleie & Eiendomsdrift,6xxx Drift,Husleie & Eiendomsdrift - 2026-M05 (HELS),119731.78,EMP-116,EMP-136,True,OK,2026_UiA_Full_Oct
TX-20376,2026-06-09,2026-M06,Q2,T2,HELS,Fakultet for helse- og idrettsvitenskap (HELS),Fakultet,6000,Husleie & Eiendomsdrift,6xxx Drift,Husleie & Eiendomsdrift - 2026-M06 (HELS),632713.62,EMP-116,EMP-136,True,OK,2026_UiA_Full_Oct
TX-20377,2026-06-18,2026-M06,Q2,T2,HELS,Fakultet for helse- og idrettsvitenskap (HELS),Fakultet,6000,Husleie & Eiendomsdrift,6xxx Drift,Husleie & Eiendomsdrift - 2026-M06 (HELS),432183.7,EMP-116,EMP-136,True,OK,2026_UiA_Full_Oct
TX-20378,2026-06-27,2026-M06,Q2,T2,HELS,Fakultet for helse- og idrettsvitenskap (HELS),Fakultet,6000,Husleie & Eiendomsdrift,6xxx Drift,Husleie & Eiendomsdrift - 2026-M06 (HELS),1263203.7,EMP-116,EMP-136,True,OK,2026_UiA_Full_Oct
TX-20379,2026-07-09,2026-M07,Q3,T2,HELS,Fakultet for helse- og idrettsvitenskap (HELS),Fakultet,6000,Husleie & Eiendomsdrift,6xxx Drift,Husleie & Eiendomsdrift - 2026-M07 (HELS),81228.7,EMP-116,EMP-136,True,OK,2026_UiA_Full_Oct
TX-20380,2026-07-18,2026-M07,Q3,T2,HELS,Fakultet for helse- og idrettsvitenskap (HELS),Fakultet,6000,Husleie & Eiendomsdrift,6xxx Drift,Husleie & Eiendomsdrift - 2026-M07 (HELS),1205337.57,EMP-116,EMP-136,True,OK,2026_UiA_Full_Oct
TX-20381,2026-07-27,2026-M07,Q3,T2,HELS,Fakultet for helse- og idrettsvitenskap (HELS),Fakultet,6000,Husleie & Eiendomsdrift,6xxx Drift,Husleie & Eiendomsdrift - 2026-M07 (HELS),1061004.66,EMP-116,EMP-136,True,OK,2026_UiA_Full_Oct
TX-20382,2026-08-09,2026-M08,Q3,T2,HELS,Fakultet for helse- og idrettsvitenskap (HELS),Fakultet,6000,Husleie & Eiendomsdrift,6xxx Drift,Husleie & Eiendomsdrift - 2026-M08 (HELS),210384.16,EMP-116,EMP-136,True,OK,2026_UiA_Full_Oct
TX-20383,2026-08-18,2026-M08,Q3,T2,HELS,Fakultet for helse- og idrettsvitenskap (HELS),Fakultet,6000,Husleie & Eiendomsdrift,6xxx Drift,Husleie & Eiendomsdrift - 2026-M08 (HELS),1024221.38,EMP-116,EMP-136,True,OK,2026_UiA_Full_Oct
TX-20384,2026-08-27,2026-M08,Q3,T2,HELS,Fakultet for helse- og idrettsvitenskap (HELS),Fakultet,6000,Husleie & Eiendomsdrift,6xxx Drift,Husleie & Eiendomsdrift - 2026-M08 (HELS),1089329.87,EMP-116,EMP-136,True,OK,2026_UiA_Full_Oct
TX-20385,2026-09-09,2026-M09,Q3,T3,HELS,Fakultet for helse- og idrettsvitenskap (HELS),Fakultet,6000,Husleie & Eiendomsdrift,6xxx Drift,Husleie & Eiendomsdrift - 2026-M09 (HELS),1212763.68,EMP-116,EMP-136,True,OK,2026_UiA_Full_Oct
TX-20386,2026-09-18,2026-M09,Q3,T3,HELS,Fakultet for helse- og idrettsvitenskap (HELS),Fakultet,6000,Husleie & Eiendomsdrift,6xxx Drift,Husleie & Eiendomsdrift - 2026-M09 (HELS),288714.94,EMP-116,EMP-136,True,OK,2026_UiA_Full_Oct
TX-20387,2026-09-27,2026-M09,Q3,T3,HELS,Fakultet for helse- og idrettsvitenskap (HELS),Fakultet,6000,Husleie & Eiendomsdrift,6xxx Drift,Husleie & Eiendomsdrift - 2026-M09 (HELS),842343.28,EMP-116,EMP-136,True,OK,2026_UiA_Full_Oct
TX-20388,2026-10-09,2026-M10,Q4,T3,HELS,Fakultet for helse- og idrettsvitenskap (HELS),Fakultet,6000,Husleie & Eiendomsdrift,6xxx Drift,Husleie & Eiendomsdrift - 2026-M10 (HELS),574777.86,EMP-116,EMP-136,True,OK,2026_UiA_Full_Oct
TX-20389,2026-10-18,2026-M10,Q4,T3,HELS,Fakultet for helse- og idrettsvitenskap (HELS),Fakultet,6000,Husleie & Eiendomsdrift,6xxx Drift,Husleie & Eiendomsdrift - 2026-M10 (HELS),393308.4,EMP-116,EMP-136,True,OK,2026_UiA_Full_Oct
TX-20390,2026-10-27,2026-M10,Q4,T3,HELS,Fakultet for helse- og idrettsvitenskap (HELS),Fakultet,6000,Husleie & Eiendomsdrift,6xxx Drift,Husleie & Eiendomsdrift - 2026-M10 (HELS),1411833.24,EMP-116,EMP-136,True,OK,2026_UiA_Full_Oct
TX-20391,2026-01-09,2026-M01,Q1,T1,HELS,Fakultet for helse- og idrettsvitenskap (HELS),Fakultet,6800,"IKT, Rekvisita & Utstyr",6xxx Drift,"IKT, Rekvisita & Utstyr - 2026-M01 (HELS)",893992.01,EMP-116,EMP-136,True,OK,2026_UiA_Full_Oct
TX-20392,2026-01-18,2026-M01,Q1,T1,HELS,Fakultet for helse- og idrettsvitenskap (HELS),Fakultet,6800,"IKT, Rekvisita & Utstyr",6xxx Drift,"IKT, Rekvisita & Utstyr - 2026-M01 (HELS)",386700.73,EMP-116,EMP-136,True,OK,2026_UiA_Full_Oct
TX-20393,2026-01-27,2026-M01,Q1,T1,HELS,Fakultet for helse- og idrettsvitenskap (HELS),Fakultet,6800,"IKT, Rekvisita & Utstyr",6xxx Drift,"IKT, Rekvisita & Utstyr - 2026-M01 (HELS)",49085.46,EMP-116,EMP-136,True,OK,2026_UiA_Full_Oct
TX-20394,2026-02-09,2026-M02,Q1,T1,HELS,Fakultet for helse- og idrettsvitenskap (HELS),Fakultet,6800,"IKT, Rekvisita & Utstyr",6xxx Drift,"IKT, Rekvisita & Utstyr - 2026-M02 (HELS)",834574.85,EMP-116,EMP-136,True,OK,2026_UiA_Full_Oct
TX-20395,2026-02-18,2026-M02,Q1,T1,HELS,Fakultet for helse- og idrettsvitenskap (HELS),Fakultet,6800,"IKT, Rekvisita & Utstyr",6xxx Drift,"IKT, Rekvisita & Utstyr - 2026-M02 (HELS)",214037.32,EMP-116,EMP-136,True,OK,2026_UiA_Full_Oct
TX-20396,2026-02-27,2026-M02,Q1,T1,HELS,Fakultet for helse- og idrettsvitenskap (HELS),Fakultet,6800,"IKT, Rekvisita & Utstyr",6xxx Drift,"IKT, Rekvisita & Utstyr - 2026-M02 (HELS)",288583.72,EMP-116,EMP-136,True,OK,2026_UiA_Full_Oct
TX-20397,2026-03-09,2026-M03,Q1,T1,HELS,Fakultet for helse- og idrettsvitenskap (HELS),Fakultet,6800,"IKT, Rekvisita & Utstyr",6xxx Drift,"IKT, Rekvisita & Utstyr - 2026-M03 (HELS)",105520.27,EMP-116,EMP-116,True,BRUDD: Egengodkjent (BDM == Attestant),2026_UiA_Full_Oct
TX-20398,2026-03-18,2026-M03,Q1,T1,HELS,Fakultet for helse- og idrettsvitenskap (HELS),Fakultet,6800,"IKT, Rekvisita & Utstyr",6xxx Drift,"IKT, Rekvisita & Utstyr - 2026-M03 (HELS)",1114256.24,EMP-116,EMP-136,True,OK,2026_UiA_Full_Oct
TX-20399,2026-03-27,2026-M03,Q1,T1,HELS,Fakultet for helse- og idrettsvitenskap (HELS),Fakultet,6800,"IKT, Rekvisita & Utstyr",6xxx Drift,"IKT, Rekvisita & Utstyr - 2026-M03 (HELS)",138289.64,EMP-116,EMP-136,True,OK,2026_UiA_Full_Oct
TX-20400,2026-04-09,2026-M04,Q2,T1,HELS,Fakultet for helse- og idrettsvitenskap (HELS),Fakultet,6800,"IKT, Rekvisita & Utstyr",6xxx Drift,"IKT, Rekvisita & Utstyr - 2026-M04 (HELS)",106624.37,EMP-116,EMP-136,True,OK,2026_UiA_Full_Oct
TX-20401,2026-04-18,2026-M04,Q2,T1,HELS,Fakultet for helse- og idrettsvitenskap (HELS),Fakultet,6800,"IKT, Rekvisita & Utstyr",6xxx Drift,"IKT, Rekvisita & Utstyr - 2026-M04 (HELS)",124400.77,EMP-116,EMP-136,True,OK,2026_UiA_Full_Oct
TX-20402,2026-04-27,2026-M04,Q2,T1,HELS,Fakultet for helse- og idrettsvitenskap (HELS),Fakultet,6800,"IKT, Rekvisita & Utstyr",6xxx Drift,"IKT, Rekvisita & Utstyr - 2026-M04 (HELS)",1114707.05,EMP-116,EMP-136,True,OK,2026_UiA_Full_Oct
TX-20403,2026-05-09,2026-M05,Q2,T2,HELS,Fakultet for helse- og idrettsvitenskap (HELS),Fakultet,6800,"IKT, Rekvisita & Utstyr",6xxx Drift,"IKT, Rekvisita & Utstyr - 2026-M05 (HELS)",535530.37,EMP-116,EMP-136,True,OK,2026_UiA_Full_Oct
TX-20404,2026-05-18,2026-M05,Q2,T2,HELS,Fakultet for helse- og idrettsvitenskap (HELS),Fakultet,6800,"IKT, Rekvisita & Utstyr",6xxx Drift,"IKT, Rekvisita & Utstyr - 2026-M05 (HELS)",214727.34,EMP-116,EMP-136,True,OK,2026_UiA_Full_Oct
TX-20405,2026-05-27,2026-M05,Q2,T2,HELS,Fakultet for helse- og idrettsvitenskap (HELS),Fakultet,6800,"IKT, Rekvisita & Utstyr",6xxx Drift,"IKT, Rekvisita & Utstyr - 2026-M05 (HELS)",590902.53,EMP-116,EMP-136,True,OK,2026_UiA_Full_Oct
TX-20406,2026-06-09,2026-M06,Q2,T2,HELS,Fakultet for helse- og idrettsvitenskap (HELS),Fakultet,6800,"IKT, Rekvisita & Utstyr",6xxx Drift,"IKT, Rekvisita & Utstyr - 2026-M06 (HELS)",406279.95,EMP-116,EMP-136,True,OK,2026_UiA_Full_Oct
TX-20407,2026-06-18,2026-M06,Q2,T2,HELS,Fakultet for helse- og idrettsvitenskap (HELS),Fakultet,6800,"IKT, Rekvisita & Utstyr",6xxx Drift,"IKT, Rekvisita & Utstyr - 2026-M06 (HELS)",224524.81,EMP-116,EMP-136,True,OK,2026_UiA_Full_Oct
TX-20408,2026-06-27,2026-M06,Q2,T2,HELS,Fakultet for helse- og idrettsvitenskap (HELS),Fakultet,6800,"IKT, Rekvisita & Utstyr",6xxx Drift,"IKT, Rekvisita & Utstyr - 2026-M06 (HELS)",693262.41,EMP-116,EMP-116,True,BRUDD: Egengodkjent (BDM == Attestant),2026_UiA_Full_Oct
TX-20409,2026-07-09,2026-M07,Q3,T2,HELS,Fakultet for helse- og idrettsvitenskap (HELS),Fakultet,6800,"IKT, Rekvisita & Utstyr",6xxx Drift,"IKT, Rekvisita & Utstyr - 2026-M07 (HELS)",430606.93,EMP-116,EMP-136,True,OK,2026_UiA_Full_Oct
TX-20410,2026-07-18,2026-M07,Q3,T2,HELS,Fakultet for helse- og idrettsvitenskap (HELS),Fakultet,6800,"IKT, Rekvisita & Utstyr",6xxx Drift,"IKT, Rekvisita & Utstyr - 2026-M07 (HELS)",93838.48,EMP-116,EMP-136,True,OK,2026_UiA_Full_Oct
TX-20411,2026-07-27,2026-M07,Q3,T2,HELS,Fakultet for helse- og idrettsvitenskap (HELS),Fakultet,6800,"IKT, Rekvisita & Utstyr",6xxx Drift,"IKT, Rekvisita & Utstyr - 2026-M07 (HELS)",830810.0,EMP-116,EMP-116,True,BRUDD: Egengodkjent (BDM == Attestant),2026_UiA_Full_Oct
TX-20412,2026-08-09,2026-M08,Q3,T2,HELS,Fakultet for helse- og idrettsvitenskap (HELS),Fakultet,6800,"IKT, Rekvisita & Utstyr",6xxx Drift,"IKT, Rekvisita & Utstyr - 2026-M08 (HELS)",1250970.38,EMP-116,EMP-136,True,OK,2026_UiA_Full_Oct
TX-20413,2026-08-18,2026-M08,Q3,T2,HELS,Fakultet for helse- og idrettsvitenskap (HELS),Fakultet,6800,"IKT, Rekvisita & Utstyr",6xxx Drift,"IKT, Rekvisita & Utstyr - 2026-M08 (HELS)",12020.39,EMP-116,EMP-136,True,OK,2026_UiA_Full_Oct
TX-20414,2026-08-27,2026-M08,Q3,T2,HELS,Fakultet for helse- og idrettsvitenskap (HELS),Fakultet,6800,"IKT, Rekvisita & Utstyr",6xxx Drift,"IKT, Rekvisita & Utstyr - 2026-M08 (HELS)",92378.5,EMP-116,EMP-136,True,OK,2026_UiA_Full_Oct
TX-20415,2026-09-09,2026-M09,Q3,T3,HELS,Fakultet for helse- og idrettsvitenskap (HELS),Fakultet,6800,"IKT, Rekvisita & Utstyr",6xxx Drift,"IKT, Rekvisita & Utstyr - 2026-M09 (HELS)",154921.85,EMP-116,EMP-136,False,BRUDD: Mangler kvittering (>100 NOK),2026_UiA_Full_Oct
TX-20416,2026-09-18,2026-M09,Q3,T3,HELS,Fakultet for helse- og idrettsvitenskap (HELS),Fakultet,6800,"IKT, Rekvisita & Utstyr",6xxx Drift,"IKT, Rekvisita & Utstyr - 2026-M09 (HELS)",422258.21,EMP-116,EMP-136,True,OK,2026_UiA_Full_Oct
TX-20417,2026-09-27,2026-M09,Q3,T3,HELS,Fakultet for helse- og idrettsvitenskap (HELS),Fakultet,6800,"IKT, Rekvisita & Utstyr",6xxx Drift,"IKT, Rekvisita & Utstyr - 2026-M09 (HELS)",762969.77,EMP-116,EMP-116,True,BRUDD: Egengodkjent (BDM == Attestant),2026_UiA_Full_Oct
TX-20418,2026-10-09,2026-M10,Q4,T3,HELS,Fakultet for helse- og idrettsvitenskap (HELS),Fakultet,6800,"IKT, Rekvisita & Utstyr",6xxx Drift,"IKT, Rekvisita & Utstyr - 2026-M10 (HELS)",472790.71,EMP-116,EMP-136,True,OK,2026_UiA_Full_Oct
TX-20419,2026-10-18,2026-M10,Q4,T3,HELS,Fakultet for helse- og idrettsvitenskap (HELS),Fakultet,6800,"IKT, Rekvisita & Utstyr",6xxx Drift,"IKT, Rekvisita & Utstyr - 2026-M10 (HELS)",567853.11,EMP-116,EMP-136,False,BRUDD: Mangler kvittering (>100 NOK),2026_UiA_Full_Oct
TX-20420,2026-10-27,2026-M10,Q4,T3,HELS,Fakultet for helse- og idrettsvitenskap (HELS),Fakultet,6800,"IKT, Rekvisita & Utstyr",6xxx Drift,"IKT, Rekvisita & Utstyr - 2026-M10 (HELS)",284789.34,EMP-116,EMP-136,True,OK,2026_UiA_Full_Oct
TX-20421,2026-01-09,2026-M01,Q1,T1,HELS,Fakultet for helse- og idrettsvitenskap (HELS),Fakultet,7100,Reise & Representasjon,7xxx Reiser,Reise & Representasjon - 2026-M01 (HELS),348165.15,EMP-116,EMP-136,True,OK,2026_UiA_Full_Oct
TX-20422,2026-01-18,2026-M01,Q1,T1,HELS,Fakultet for helse- og idrettsvitenskap (HELS),Fakultet,7100,Reise & Representasjon,7xxx Reiser,Reise & Representasjon - 2026-M01 (HELS),146627.58,EMP-116,EMP-136,True,OK,2026_UiA_Full_Oct
TX-20423,2026-01-27,2026-M01,Q1,T1,HELS,Fakultet for helse- og idrettsvitenskap (HELS),Fakultet,7100,Reise & Representasjon,7xxx Reiser,Reise & Representasjon - 2026-M01 (HELS),334303.28,EMP-116,EMP-136,True,OK,2026_UiA_Full_Oct
TX-20424,2026-02-09,2026-M02,Q1,T1,HELS,Fakultet for helse- og idrettsvitenskap (HELS),Fakultet,7100,Reise & Representasjon,7xxx Reiser,Reise & Representasjon - 2026-M02 (HELS),310728.55,EMP-116,EMP-136,False,BRUDD: Mangler kvittering (>100 NOK),2026_UiA_Full_Oct
TX-20425,2026-02-18,2026-M02,Q1,T1,HELS,Fakultet for helse- og idrettsvitenskap (HELS),Fakultet,7100,Reise & Representasjon,7xxx Reiser,Reise & Representasjon - 2026-M02 (HELS),399924.04,EMP-116,EMP-136,True,OK,2026_UiA_Full_Oct
TX-20426,2026-02-27,2026-M02,Q1,T1,HELS,Fakultet for helse- og idrettsvitenskap (HELS),Fakultet,7100,Reise & Representasjon,7xxx Reiser,Reise & Representasjon - 2026-M02 (HELS),136555.04,EMP-116,EMP-116,True,BRUDD: Egengodkjent (BDM == Attestant),2026_UiA_Full_Oct
TX-20427,2026-03-09,2026-M03,Q1,T1,HELS,Fakultet for helse- og idrettsvitenskap (HELS),Fakultet,7100,Reise & Representasjon,7xxx Reiser,Reise & Representasjon - 2026-M03 (HELS),396558.31,EMP-116,EMP-136,True,OK,2026_UiA_Full_Oct
TX-20428,2026-03-18,2026-M03,Q1,T1,HELS,Fakultet for helse- og idrettsvitenskap (HELS),Fakultet,7100,Reise & Representasjon,7xxx Reiser,Reise & Representasjon - 2026-M03 (HELS),58129.65,EMP-116,EMP-136,False,BRUDD: Mangler kvittering (>100 NOK),2026_UiA_Full_Oct
TX-20429,2026-03-27,2026-M03,Q1,T1,HELS,Fakultet for helse- og idrettsvitenskap (HELS),Fakultet,7100,Reise & Representasjon,7xxx Reiser,Reise & Representasjon - 2026-M03 (HELS),396453.3,EMP-116,EMP-136,True,OK,2026_UiA_Full_Oct
TX-20430,2026-04-09,2026-M04,Q2,T1,HELS,Fakultet for helse- og idrettsvitenskap (HELS),Fakultet,7100,Reise & Representasjon,7xxx Reiser,Reise & Representasjon - 2026-M04 (HELS),131460.63,EMP-116,EMP-136,True,OK,2026_UiA_Full_Oct
TX-20431,2026-04-18,2026-M04,Q2,T1,HELS,Fakultet for helse- og idrettsvitenskap (HELS),Fakultet,7100,Reise & Representasjon,7xxx Reiser,Reise & Representasjon - 2026-M04 (HELS),367593.06,EMP-116,EMP-136,True,OK,2026_UiA_Full_Oct
TX-20432,2026-04-27,2026-M04,Q2,T1,HELS,Fakultet for helse- og idrettsvitenskap (HELS),Fakultet,7100,Reise & Representasjon,7xxx Reiser,Reise & Representasjon - 2026-M04 (HELS),334196.81,EMP-116,EMP-136,True,OK,2026_UiA_Full_Oct
TX-20433,2026-05-09,2026-M05,Q2,T2,HELS,Fakultet for helse- og idrettsvitenskap (HELS),Fakultet,7100,Reise & Representasjon,7xxx Reiser,Reise & Representasjon - 2026-M05 (HELS),327754.01,EMP-116,EMP-136,True,OK,2026_UiA_Full_Oct
TX-20434,2026-05-18,2026-M05,Q2,T2,HELS,Fakultet for helse- og idrettsvitenskap (HELS),Fakultet,7100,Reise & Representasjon,7xxx Reiser,Reise & Representasjon - 2026-M05 (HELS),62185.85,EMP-116,EMP-136,True,OK,2026_UiA_Full_Oct
TX-20435,2026-05-27,2026-M05,Q2,T2,HELS,Fakultet for helse- og idrettsvitenskap (HELS),Fakultet,7100,Reise & Representasjon,7xxx Reiser,Reise & Representasjon - 2026-M05 (HELS),456579.64,EMP-116,EMP-136,True,OK,2026_UiA_Full_Oct
TX-20436,2026-06-09,2026-M06,Q2,T2,HELS,Fakultet for helse- og idrettsvitenskap (HELS),Fakultet,7100,Reise & Representasjon,7xxx Reiser,Reise & Representasjon - 2026-M06 (HELS),331293.99,EMP-116,EMP-136,True,OK,2026_UiA_Full_Oct
TX-20437,2026-06-18,2026-M06,Q2,T2,HELS,Fakultet for helse- og idrettsvitenskap (HELS),Fakultet,7100,Reise & Representasjon,7xxx Reiser,Reise & Representasjon - 2026-M06 (HELS),362383.61,EMP-116,EMP-136,True,OK,2026_UiA_Full_Oct
TX-20438,2026-06-27,2026-M06,Q2,T2,HELS,Fakultet for helse- og idrettsvitenskap (HELS),Fakultet,7100,Reise & Representasjon,7xxx Reiser,Reise & Representasjon - 2026-M06 (HELS),156180.61,EMP-116,EMP-136,True,OK,2026_UiA_Full_Oct
TX-20439,2026-07-09,2026-M07,Q3,T2,HELS,Fakultet for helse- og idrettsvitenskap (HELS),Fakultet,7100,Reise & Representasjon,7xxx Reiser,Reise & Representasjon - 2026-M07 (HELS),187258.83,EMP-116,EMP-136,True,OK,2026_UiA_Full_Oct
TX-20440,2026-07-18,2026-M07,Q3,T2,HELS,Fakultet for helse- og idrettsvitenskap (HELS),Fakultet,7100,Reise & Representasjon,7xxx Reiser,Reise & Representasjon - 2026-M07 (HELS),170453.17,EMP-116,EMP-136,True,OK,2026_UiA_Full_Oct
TX-20441,2026-07-27,2026-M07,Q3,T2,HELS,Fakultet for helse- og idrettsvitenskap (HELS),Fakultet,7100,Reise & Representasjon,7xxx Reiser,Reise & Representasjon - 2026-M07 (HELS),469837.11,EMP-116,EMP-136,True,OK,2026_UiA_Full_Oct
TX-20442,2026-08-09,2026-M08,Q3,T2,HELS,Fakultet for helse- og idrettsvitenskap (HELS),Fakultet,7100,Reise & Representasjon,7xxx Reiser,Reise & Representasjon - 2026-M08 (HELS),132640.31,EMP-116,EMP-136,True,OK,2026_UiA_Full_Oct
TX-20443,2026-08-18,2026-M08,Q3,T2,HELS,Fakultet for helse- og idrettsvitenskap (HELS),Fakultet,7100,Reise & Representasjon,7xxx Reiser,Reise & Representasjon - 2026-M08 (HELS),524263.29,EMP-116,EMP-136,True,OK,2026_UiA_Full_Oct
TX-20444,2026-08-27,2026-M08,Q3,T2,HELS,Fakultet for helse- og idrettsvitenskap (HELS),Fakultet,7100,Reise & Representasjon,7xxx Reiser,Reise & Representasjon - 2026-M08 (HELS),176900.75,EMP-116,EMP-136,True,OK,2026_UiA_Full_Oct
TX-20445,2026-09-09,2026-M09,Q3,T3,HELS,Fakultet for helse- og idrettsvitenskap (HELS),Fakultet,7100,Reise & Representasjon,7xxx Reiser,Reise & Representasjon - 2026-M09 (HELS),296486.57,EMP-116,EMP-136,True,OK,2026_UiA_Full_Oct
TX-20446,2026-09-18,2026-M09,Q3,T3,HELS,Fakultet for helse- og idrettsvitenskap (HELS),Fakultet,7100,Reise & Representasjon,7xxx Reiser,Reise & Representasjon - 2026-M09 (HELS),475948.51,EMP-116,EMP-136,True,OK,2026_UiA_Full_Oct
TX-20447,2026-09-27,2026-M09,Q3,T3,HELS,Fakultet for helse- og idrettsvitenskap (HELS),Fakultet,7100,Reise & Representasjon,7xxx Reiser,Reise & Representasjon - 2026-M09 (HELS),66180.11,EMP-116,EMP-136,True,OK,2026_UiA_Full_Oct
TX-20448,2026-10-09,2026-M10,Q4,T3,HELS,Fakultet for helse- og idrettsvitenskap (HELS),Fakultet,7100,Reise & Representasjon,7xxx Reiser,Reise & Representasjon - 2026-M10 (HELS),34660.76,EMP-116,EMP-136,True,OK,2026_UiA_Full_Oct
TX-20449,2026-10-18,2026-M10,Q4,T3,HELS,Fakultet for helse- og idrettsvitenskap (HELS),Fakultet,7100,Reise & Representasjon,7xxx Reiser,Reise & Representasjon - 2026-M10 (HELS),583182.22,EMP-116,EMP-136,False,BRUDD: Mangler kvittering (>100 NOK),2026_UiA_Full_Oct
TX-20450,2026-10-27,2026-M10,Q4,T3,HELS,Fakultet for helse- og idrettsvitenskap (HELS),Fakultet,7100,Reise & Representasjon,7xxx Reiser,Reise & Representasjon - 2026-M10 (HELS),213835.11,EMP-116,EMP-116,True,BRUDD: Egengodkjent (BDM == Attestant),2026_UiA_Full_Oct
TX-20451,2026-01-09,2026-M01,Q1,T1,HELS,Fakultet for helse- og idrettsvitenskap (HELS),Fakultet,7800,Andre Driftskostnader & Konsulenter,7xxx Reiser,Andre Driftskostnader & Konsulenter - 2026-M01 (HELS),29954.71,EMP-116,EMP-136,True,OK,2026_UiA_Full_Oct
TX-20452,2026-01-18,2026-M01,Q1,T1,HELS,Fakultet for helse- og idrettsvitenskap (HELS),Fakultet,7800,Andre Driftskostnader & Konsulenter,7xxx Reiser,Andre Driftskostnader & Konsulenter - 2026-M01 (HELS),306907.51,EMP-116,EMP-136,True,OK,2026_UiA_Full_Oct
TX-20453,2026-01-27,2026-M01,Q1,T1,HELS,Fakultet for helse- og idrettsvitenskap (HELS),Fakultet,7800,Andre Driftskostnader & Konsulenter,7xxx Reiser,Andre Driftskostnader & Konsulenter - 2026-M01 (HELS),168474.99,EMP-116,EMP-136,True,OK,2026_UiA_Full_Oct
TX-20454,2026-02-09,2026-M02,Q1,T1,HELS,Fakultet for helse- og idrettsvitenskap (HELS),Fakultet,7800,Andre Driftskostnader & Konsulenter,7xxx Reiser,Andre Driftskostnader & Konsulenter - 2026-M02 (HELS),16123.7,EMP-116,EMP-136,True,OK,2026_UiA_Full_Oct
TX-20455,2026-02-18,2026-M02,Q1,T1,HELS,Fakultet for helse- og idrettsvitenskap (HELS),Fakultet,7800,Andre Driftskostnader & Konsulenter,7xxx Reiser,Andre Driftskostnader & Konsulenter - 2026-M02 (HELS),353972.27,EMP-116,EMP-136,True,OK,2026_UiA_Full_Oct
TX-20456,2026-02-27,2026-M02,Q1,T1,HELS,Fakultet for helse- og idrettsvitenskap (HELS),Fakultet,7800,Andre Driftskostnader & Konsulenter,7xxx Reiser,Andre Driftskostnader & Konsulenter - 2026-M02 (HELS),132238.99,EMP-116,EMP-136,True,OK,2026_UiA_Full_Oct
TX-20457,2026-03-09,2026-M03,Q1,T1,HELS,Fakultet for helse- og idrettsvitenskap (HELS),Fakultet,7800,Andre Driftskostnader & Konsulenter,7xxx Reiser,Andre Driftskostnader & Konsulenter - 2026-M03 (HELS),58026.2,EMP-116,EMP-136,True,OK,2026_UiA_Full_Oct
TX-20458,2026-03-18,2026-M03,Q1,T1,HELS,Fakultet for helse- og idrettsvitenskap (HELS),Fakultet,7800,Andre Driftskostnader & Konsulenter,7xxx Reiser,Andre Driftskostnader & Konsulenter - 2026-M03 (HELS),287066.7,EMP-116,EMP-136,True,OK,2026_UiA_Full_Oct
TX-20459,2026-03-27,2026-M03,Q1,T1,HELS,Fakultet for helse- og idrettsvitenskap (HELS),Fakultet,7800,Andre Driftskostnader & Konsulenter,7xxx Reiser,Andre Driftskostnader & Konsulenter - 2026-M03 (HELS),153524.6,EMP-116,EMP-136,True,OK,2026_UiA_Full_Oct
TX-20460,2026-04-09,2026-M04,Q2,T1,HELS,Fakultet for helse- og idrettsvitenskap (HELS),Fakultet,7800,Andre Driftskostnader & Konsulenter,7xxx Reiser,Andre Driftskostnader & Konsulenter - 2026-M04 (HELS),330400.7,EMP-116,EMP-136,True,OK,2026_UiA_Full_Oct
TX-20461,2026-04-18,2026-M04,Q2,T1,HELS,Fakultet for helse- og idrettsvitenskap (HELS),Fakultet,7800,Andre Driftskostnader & Konsulenter,7xxx Reiser,Andre Driftskostnader & Konsulenter - 2026-M04 (HELS),39076.12,EMP-116,EMP-136,True,OK,2026_UiA_Full_Oct
TX-20462,2026-04-27,2026-M04,Q2,T1,HELS,Fakultet for helse- og idrettsvitenskap (HELS),Fakultet,7800,Andre Driftskostnader & Konsulenter,7xxx Reiser,Andre Driftskostnader & Konsulenter - 2026-M04 (HELS),140311.48,EMP-116,EMP-136,True,OK,2026_UiA_Full_Oct
TX-20463,2026-05-09,2026-M05,Q2,T2,HELS,Fakultet for helse- og idrettsvitenskap (HELS),Fakultet,7800,Andre Driftskostnader & Konsulenter,7xxx Reiser,Andre Driftskostnader & Konsulenter - 2026-M05 (HELS),344488.07,EMP-116,EMP-136,True,OK,2026_UiA_Full_Oct
TX-20464,2026-05-18,2026-M05,Q2,T2,HELS,Fakultet for helse- og idrettsvitenskap (HELS),Fakultet,7800,Andre Driftskostnader & Konsulenter,7xxx Reiser,Andre Driftskostnader & Konsulenter - 2026-M05 (HELS),111612.5,EMP-116,EMP-136,True,OK,2026_UiA_Full_Oct
TX-20465,2026-05-27,2026-M05,Q2,T2,HELS,Fakultet for helse- og idrettsvitenskap (HELS),Fakultet,7800,Andre Driftskostnader & Konsulenter,7xxx Reiser,Andre Driftskostnader & Konsulenter - 2026-M05 (HELS),39610.06,EMP-116,EMP-136,True,OK,2026_UiA_Full_Oct
TX-20466,2026-06-09,2026-M06,Q2,T2,HELS,Fakultet for helse- og idrettsvitenskap (HELS),Fakultet,7800,Andre Driftskostnader & Konsulenter,7xxx Reiser,Andre Driftskostnader & Konsulenter - 2026-M06 (HELS),362633.97,EMP-116,EMP-136,True,OK,2026_UiA_Full_Oct
TX-20467,2026-06-18,2026-M06,Q2,T2,HELS,Fakultet for helse- og idrettsvitenskap (HELS),Fakultet,7800,Andre Driftskostnader & Konsulenter,7xxx Reiser,Andre Driftskostnader & Konsulenter - 2026-M06 (HELS),82828.19,EMP-116,EMP-136,True,OK,2026_UiA_Full_Oct
TX-20468,2026-06-27,2026-M06,Q2,T2,HELS,Fakultet for helse- og idrettsvitenskap (HELS),Fakultet,7800,Andre Driftskostnader & Konsulenter,7xxx Reiser,Andre Driftskostnader & Konsulenter - 2026-M06 (HELS),64223.84,EMP-116,EMP-136,True,OK,2026_UiA_Full_Oct
TX-20469,2026-07-09,2026-M07,Q3,T2,HELS,Fakultet for helse- og idrettsvitenskap (HELS),Fakultet,7800,Andre Driftskostnader & Konsulenter,7xxx Reiser,Andre Driftskostnader & Konsulenter - 2026-M07 (HELS),212647.93,EMP-116,EMP-136,True,OK,2026_UiA_Full_Oct
TX-20470,2026-07-18,2026-M07,Q3,T2,HELS,Fakultet for helse- og idrettsvitenskap (HELS),Fakultet,7800,Andre Driftskostnader & Konsulenter,7xxx Reiser,Andre Driftskostnader & Konsulenter - 2026-M07 (HELS),97788.97,EMP-116,EMP-136,True,OK,2026_UiA_Full_Oct
TX-20471,2026-07-27,2026-M07,Q3,T2,HELS,Fakultet for helse- og idrettsvitenskap (HELS),Fakultet,7800,Andre Driftskostnader & Konsulenter,7xxx Reiser,Andre Driftskostnader & Konsulenter - 2026-M07 (HELS),189316.88,EMP-116,EMP-136,True,OK,2026_UiA_Full_Oct
TX-20472,2026-08-09,2026-M08,Q3,T2,HELS,Fakultet for helse- og idrettsvitenskap (HELS),Fakultet,7800,Andre Driftskostnader & Konsulenter,7xxx Reiser,Andre Driftskostnader & Konsulenter - 2026-M08 (HELS),206235.98,EMP-116,EMP-136,True,OK,2026_UiA_Full_Oct
TX-20473,2026-08-18,2026-M08,Q3,T2,HELS,Fakultet for helse- og idrettsvitenskap (HELS),Fakultet,7800,Andre Driftskostnader & Konsulenter,7xxx Reiser,Andre Driftskostnader & Konsulenter - 2026-M08 (HELS),257418.02,EMP-116,EMP-136,True,OK,2026_UiA_Full_Oct
TX-20474,2026-08-27,2026-M08,Q3,T2,HELS,Fakultet for helse- og idrettsvitenskap (HELS),Fakultet,7800,Andre Driftskostnader & Konsulenter,7xxx Reiser,Andre Driftskostnader & Konsulenter - 2026-M08 (HELS),39776.35,EMP-116,EMP-136,True,OK,2026_UiA_Full_Oct
TX-20475,2026-09-09,2026-M09,Q3,T3,HELS,Fakultet for helse- og idrettsvitenskap (HELS),Fakultet,7800,Andre Driftskostnader & Konsulenter,7xxx Reiser,Andre Driftskostnader & Konsulenter - 2026-M09 (HELS),21311.82,EMP-116,EMP-136,True,OK,2026_UiA_Full_Oct
TX-20476,2026-09-18,2026-M09,Q3,T3,HELS,Fakultet for helse- og idrettsvitenskap (HELS),Fakultet,7800,Andre Driftskostnader & Konsulenter,7xxx Reiser,Andre Driftskostnader & Konsulenter - 2026-M09 (HELS),118384.53,EMP-116,EMP-136,True,OK,2026_UiA_Full_Oct
TX-20477,2026-09-27,2026-M09,Q3,T3,HELS,Fakultet for helse- og idrettsvitenskap (HELS),Fakultet,7800,Andre Driftskostnader & Konsulenter,7xxx Reiser,Andre Driftskostnader & Konsulenter - 2026-M09 (HELS),360926.32,EMP-116,EMP-136,True,OK,2026_UiA_Full_Oct
TX-20478,2026-10-09,2026-M10,Q4,T3,HELS,Fakultet for helse- og idrettsvitenskap (HELS),Fakultet,7800,Andre Driftskostnader & Konsulenter,7xxx Reiser,Andre Driftskostnader & Konsulenter - 2026-M10 (HELS),196518.34,EMP-116,EMP-136,True,OK,2026_UiA_Full_Oct
TX-20479,2026-10-18,2026-M10,Q4,T3,HELS,Fakultet for helse- og idrettsvitenskap (HELS),Fakultet,7800,Andre Driftskostnader & Konsulenter,7xxx Reiser,Andre Driftskostnader & Konsulenter - 2026-M10 (HELS),18626.89,EMP-116,EMP-136,True,OK,2026_UiA_Full_Oct
TX-20480,2026-10-27,2026-M10,Q4,T3,HELS,Fakultet for helse- og idrettsvitenskap (HELS),Fakultet,7800,Andre Driftskostnader & Konsulenter,7xxx Reiser,Andre Driftskostnader & Konsulenter - 2026-M10 (HELS),284714.14,EMP-116,EMP-136,True,OK,2026_UiA_Full_Oct
TX-20481,2026-01-09,2026-M01,Q1,T1,HUM,Fakultet for humaniora og pedagogikk (HUM),Fakultet,3000,Statlig Rammebevilgning (Kap 260.50),3xxx Inntekter,Statlig Rammebevilgning (Kap 260.50) - 2026-M01 (HUM),-9019125.75,EMP-106,EMP-126,True,OK,2026_UiA_Full_Oct
TX-20482,2026-01-18,2026-M01,Q1,T1,HUM,Fakultet for humaniora og pedagogikk (HUM),Fakultet,3000,Statlig Rammebevilgning (Kap 260.50),3xxx Inntekter,Statlig Rammebevilgning (Kap 260.50) - 2026-M01 (HUM),-2960709.37,EMP-106,EMP-126,True,OK,2026_UiA_Full_Oct
TX-20483,2026-01-27,2026-M01,Q1,T1,HUM,Fakultet for humaniora og pedagogikk (HUM),Fakultet,3000,Statlig Rammebevilgning (Kap 260.50),3xxx Inntekter,Statlig Rammebevilgning (Kap 260.50) - 2026-M01 (HUM),-2549979.36,EMP-106,EMP-126,True,OK,2026_UiA_Full_Oct
TX-20484,2026-02-09,2026-M02,Q1,T1,HUM,Fakultet for humaniora og pedagogikk (HUM),Fakultet,3000,Statlig Rammebevilgning (Kap 260.50),3xxx Inntekter,Statlig Rammebevilgning (Kap 260.50) - 2026-M02 (HUM),-1588591.62,EMP-106,EMP-126,True,OK,2026_UiA_Full_Oct
TX-20485,2026-02-18,2026-M02,Q1,T1,HUM,Fakultet for humaniora og pedagogikk (HUM),Fakultet,3000,Statlig Rammebevilgning (Kap 260.50),3xxx Inntekter,Statlig Rammebevilgning (Kap 260.50) - 2026-M02 (HUM),-9150135.49,EMP-106,EMP-126,True,OK,2026_UiA_Full_Oct
TX-20486,2026-02-27,2026-M02,Q1,T1,HUM,Fakultet for humaniora og pedagogikk (HUM),Fakultet,3000,Statlig Rammebevilgning (Kap 260.50),3xxx Inntekter,Statlig Rammebevilgning (Kap 260.50) - 2026-M02 (HUM),-3623245.64,EMP-106,EMP-126,True,OK,2026_UiA_Full_Oct
TX-20487,2026-03-09,2026-M03,Q1,T1,HUM,Fakultet for humaniora og pedagogikk (HUM),Fakultet,3000,Statlig Rammebevilgning (Kap 260.50),3xxx Inntekter,Statlig Rammebevilgning (Kap 260.50) - 2026-M03 (HUM),-3006727.6,EMP-106,EMP-126,True,OK,2026_UiA_Full_Oct
TX-20488,2026-03-18,2026-M03,Q1,T1,HUM,Fakultet for humaniora og pedagogikk (HUM),Fakultet,3000,Statlig Rammebevilgning (Kap 260.50),3xxx Inntekter,Statlig Rammebevilgning (Kap 260.50) - 2026-M03 (HUM),-6559829.59,EMP-106,EMP-126,True,OK,2026_UiA_Full_Oct
TX-20489,2026-03-27,2026-M03,Q1,T1,HUM,Fakultet for humaniora og pedagogikk (HUM),Fakultet,3000,Statlig Rammebevilgning (Kap 260.50),3xxx Inntekter,Statlig Rammebevilgning (Kap 260.50) - 2026-M03 (HUM),-4798687.1,EMP-106,EMP-126,True,OK,2026_UiA_Full_Oct
TX-20490,2026-04-09,2026-M04,Q2,T1,HUM,Fakultet for humaniora og pedagogikk (HUM),Fakultet,3000,Statlig Rammebevilgning (Kap 260.50),3xxx Inntekter,Statlig Rammebevilgning (Kap 260.50) - 2026-M04 (HUM),-107306.39,EMP-106,EMP-126,True,OK,2026_UiA_Full_Oct
TX-20491,2026-04-18,2026-M04,Q2,T1,HUM,Fakultet for humaniora og pedagogikk (HUM),Fakultet,3000,Statlig Rammebevilgning (Kap 260.50),3xxx Inntekter,Statlig Rammebevilgning (Kap 260.50) - 2026-M04 (HUM),-12111658.92,EMP-106,EMP-126,True,OK,2026_UiA_Full_Oct
TX-20492,2026-04-27,2026-M04,Q2,T1,HUM,Fakultet for humaniora og pedagogikk (HUM),Fakultet,3000,Statlig Rammebevilgning (Kap 260.50),3xxx Inntekter,Statlig Rammebevilgning (Kap 260.50) - 2026-M04 (HUM),-2215574.6,EMP-106,EMP-126,True,OK,2026_UiA_Full_Oct
TX-20493,2026-05-09,2026-M05,Q2,T2,HUM,Fakultet for humaniora og pedagogikk (HUM),Fakultet,3000,Statlig Rammebevilgning (Kap 260.50),3xxx Inntekter,Statlig Rammebevilgning (Kap 260.50) - 2026-M05 (HUM),-914250.28,EMP-106,EMP-126,True,OK,2026_UiA_Full_Oct
TX-20494,2026-05-18,2026-M05,Q2,T2,HUM,Fakultet for humaniora og pedagogikk (HUM),Fakultet,3000,Statlig Rammebevilgning (Kap 260.50),3xxx Inntekter,Statlig Rammebevilgning (Kap 260.50) - 2026-M05 (HUM),-6793836.34,EMP-106,EMP-126,True,OK,2026_UiA_Full_Oct
TX-20495,2026-05-27,2026-M05,Q2,T2,HUM,Fakultet for humaniora og pedagogikk (HUM),Fakultet,3000,Statlig Rammebevilgning (Kap 260.50),3xxx Inntekter,Statlig Rammebevilgning (Kap 260.50) - 2026-M05 (HUM),-6556464.6,EMP-106,EMP-126,True,OK,2026_UiA_Full_Oct
TX-20496,2026-06-09,2026-M06,Q2,T2,HUM,Fakultet for humaniora og pedagogikk (HUM),Fakultet,3000,Statlig Rammebevilgning (Kap 260.50),3xxx Inntekter,Statlig Rammebevilgning (Kap 260.50) - 2026-M06 (HUM),-2265836.65,EMP-106,EMP-126,True,OK,2026_UiA_Full_Oct
TX-20497,2026-06-18,2026-M06,Q2,T2,HUM,Fakultet for humaniora og pedagogikk (HUM),Fakultet,3000,Statlig Rammebevilgning (Kap 260.50),3xxx Inntekter,Statlig Rammebevilgning (Kap 260.50) - 2026-M06 (HUM),-9099227.17,EMP-106,EMP-126,True,OK,2026_UiA_Full_Oct
TX-20498,2026-06-27,2026-M06,Q2,T2,HUM,Fakultet for humaniora og pedagogikk (HUM),Fakultet,3000,Statlig Rammebevilgning (Kap 260.50),3xxx Inntekter,Statlig Rammebevilgning (Kap 260.50) - 2026-M06 (HUM),-3064099.88,EMP-106,EMP-126,True,OK,2026_UiA_Full_Oct
TX-20499,2026-07-09,2026-M07,Q3,T2,HUM,Fakultet for humaniora og pedagogikk (HUM),Fakultet,3000,Statlig Rammebevilgning (Kap 260.50),3xxx Inntekter,Statlig Rammebevilgning (Kap 260.50) - 2026-M07 (HUM),-3962501.69,EMP-106,EMP-126,True,OK,2026_UiA_Full_Oct
TX-20500,2026-07-18,2026-M07,Q3,T2,HUM,Fakultet for humaniora og pedagogikk (HUM),Fakultet,3000,Statlig Rammebevilgning (Kap 260.50),3xxx Inntekter,Statlig Rammebevilgning (Kap 260.50) - 2026-M07 (HUM),-6089694.35,EMP-106,EMP-126,True,OK,2026_UiA_Full_Oct
TX-20501,2026-07-27,2026-M07,Q3,T2,HUM,Fakultet for humaniora og pedagogikk (HUM),Fakultet,3000,Statlig Rammebevilgning (Kap 260.50),3xxx Inntekter,Statlig Rammebevilgning (Kap 260.50) - 2026-M07 (HUM),-4410144.8,EMP-106,EMP-126,True,OK,2026_UiA_Full_Oct
TX-20502,2026-08-09,2026-M08,Q3,T2,HUM,Fakultet for humaniora og pedagogikk (HUM),Fakultet,3000,Statlig Rammebevilgning (Kap 260.50),3xxx Inntekter,Statlig Rammebevilgning (Kap 260.50) - 2026-M08 (HUM),-1960315.47,EMP-106,EMP-126,True,OK,2026_UiA_Full_Oct
TX-20503,2026-08-18,2026-M08,Q3,T2,HUM,Fakultet for humaniora og pedagogikk (HUM),Fakultet,3000,Statlig Rammebevilgning (Kap 260.50),3xxx Inntekter,Statlig Rammebevilgning (Kap 260.50) - 2026-M08 (HUM),-9769431.18,EMP-106,EMP-126,True,OK,2026_UiA_Full_Oct
TX-20504,2026-08-27,2026-M08,Q3,T2,HUM,Fakultet for humaniora og pedagogikk (HUM),Fakultet,3000,Statlig Rammebevilgning (Kap 260.50),3xxx Inntekter,Statlig Rammebevilgning (Kap 260.50) - 2026-M08 (HUM),-2479852.2,EMP-106,EMP-126,True,OK,2026_UiA_Full_Oct
TX-20505,2026-09-09,2026-M09,Q3,T3,HUM,Fakultet for humaniora og pedagogikk (HUM),Fakultet,3000,Statlig Rammebevilgning (Kap 260.50),3xxx Inntekter,Statlig Rammebevilgning (Kap 260.50) - 2026-M09 (HUM),-11318390.98,EMP-106,EMP-126,True,OK,2026_UiA_Full_Oct
TX-20506,2026-09-18,2026-M09,Q3,T3,HUM,Fakultet for humaniora og pedagogikk (HUM),Fakultet,3000,Statlig Rammebevilgning (Kap 260.50),3xxx Inntekter,Statlig Rammebevilgning (Kap 260.50) - 2026-M09 (HUM),-1119904.74,EMP-106,EMP-126,True,OK,2026_UiA_Full_Oct
TX-20507,2026-09-27,2026-M09,Q3,T3,HUM,Fakultet for humaniora og pedagogikk (HUM),Fakultet,3000,Statlig Rammebevilgning (Kap 260.50),3xxx Inntekter,Statlig Rammebevilgning (Kap 260.50) - 2026-M09 (HUM),-1765532.32,EMP-106,EMP-126,True,OK,2026_UiA_Full_Oct
TX-20508,2026-10-09,2026-M10,Q4,T3,HUM,Fakultet for humaniora og pedagogikk (HUM),Fakultet,3000,Statlig Rammebevilgning (Kap 260.50),3xxx Inntekter,Statlig Rammebevilgning (Kap 260.50) - 2026-M10 (HUM),-6452101.45,EMP-106,EMP-126,True,OK,2026_UiA_Full_Oct
TX-20509,2026-10-18,2026-M10,Q4,T3,HUM,Fakultet for humaniora og pedagogikk (HUM),Fakultet,3000,Statlig Rammebevilgning (Kap 260.50),3xxx Inntekter,Statlig Rammebevilgning (Kap 260.50) - 2026-M10 (HUM),-821940.48,EMP-106,EMP-126,True,OK,2026_UiA_Full_Oct
TX-20510,2026-10-27,2026-M10,Q4,T3,HUM,Fakultet for humaniora og pedagogikk (HUM),Fakultet,3000,Statlig Rammebevilgning (Kap 260.50),3xxx Inntekter,Statlig Rammebevilgning (Kap 260.50) - 2026-M10 (HUM),-6895411.08,EMP-106,EMP-126,True,OK,2026_UiA_Full_Oct
TX-20511,2026-01-09,2026-M01,Q1,T1,HUM,Fakultet for humaniora og pedagogikk (HUM),Fakultet,3400,BOA Ekstern Prosjektstøtte (NFR/EU),3xxx Inntekter,BOA Ekstern Prosjektstøtte (NFR/EU) - 2026-M01 (HUM),-1412167.12,EMP-106,EMP-126,True,OK,2026_UiA_Full_Oct
TX-20512,2026-01-18,2026-M01,Q1,T1,HUM,Fakultet for humaniora og pedagogikk (HUM),Fakultet,3400,BOA Ekstern Prosjektstøtte (NFR/EU),3xxx Inntekter,BOA Ekstern Prosjektstøtte (NFR/EU) - 2026-M01 (HUM),-145451.35,EMP-106,EMP-126,True,OK,2026_UiA_Full_Oct
TX-20513,2026-01-27,2026-M01,Q1,T1,HUM,Fakultet for humaniora og pedagogikk (HUM),Fakultet,3400,BOA Ekstern Prosjektstøtte (NFR/EU),3xxx Inntekter,BOA Ekstern Prosjektstøtte (NFR/EU) - 2026-M01 (HUM),-1547344.54,EMP-106,EMP-126,True,OK,2026_UiA_Full_Oct
TX-20514,2026-02-09,2026-M02,Q1,T1,HUM,Fakultet for humaniora og pedagogikk (HUM),Fakultet,3400,BOA Ekstern Prosjektstøtte (NFR/EU),3xxx Inntekter,BOA Ekstern Prosjektstøtte (NFR/EU) - 2026-M02 (HUM),-98482.2,EMP-106,EMP-126,True,OK,2026_UiA_Full_Oct
TX-20515,2026-02-18,2026-M02,Q1,T1,HUM,Fakultet for humaniora og pedagogikk (HUM),Fakultet,3400,BOA Ekstern Prosjektstøtte (NFR/EU),3xxx Inntekter,BOA Ekstern Prosjektstøtte (NFR/EU) - 2026-M02 (HUM),-1925565.21,EMP-106,EMP-126,True,OK,2026_UiA_Full_Oct
TX-20516,2026-02-27,2026-M02,Q1,T1,HUM,Fakultet for humaniora og pedagogikk (HUM),Fakultet,3400,BOA Ekstern Prosjektstøtte (NFR/EU),3xxx Inntekter,BOA Ekstern Prosjektstøtte (NFR/EU) - 2026-M02 (HUM),-1072756.36,EMP-106,EMP-126,True,OK,2026_UiA_Full_Oct
TX-20517,2026-03-09,2026-M03,Q1,T1,HUM,Fakultet for humaniora og pedagogikk (HUM),Fakultet,3400,BOA Ekstern Prosjektstøtte (NFR/EU),3xxx Inntekter,BOA Ekstern Prosjektstøtte (NFR/EU) - 2026-M03 (HUM),-696108.59,EMP-106,EMP-126,True,OK,2026_UiA_Full_Oct
TX-20518,2026-03-18,2026-M03,Q1,T1,HUM,Fakultet for humaniora og pedagogikk (HUM),Fakultet,3400,BOA Ekstern Prosjektstøtte (NFR/EU),3xxx Inntekter,BOA Ekstern Prosjektstøtte (NFR/EU) - 2026-M03 (HUM),-445111.4,EMP-106,EMP-126,True,OK,2026_UiA_Full_Oct
TX-20519,2026-03-27,2026-M03,Q1,T1,HUM,Fakultet for humaniora og pedagogikk (HUM),Fakultet,3400,BOA Ekstern Prosjektstøtte (NFR/EU),3xxx Inntekter,BOA Ekstern Prosjektstøtte (NFR/EU) - 2026-M03 (HUM),-1971158.18,EMP-106,EMP-126,True,OK,2026_UiA_Full_Oct
TX-20520,2026-04-09,2026-M04,Q2,T1,HUM,Fakultet for humaniora og pedagogikk (HUM),Fakultet,3400,BOA Ekstern Prosjektstøtte (NFR/EU),3xxx Inntekter,BOA Ekstern Prosjektstøtte (NFR/EU) - 2026-M04 (HUM),-2198831.12,EMP-106,EMP-126,True,OK,2026_UiA_Full_Oct
TX-20521,2026-04-18,2026-M04,Q2,T1,HUM,Fakultet for humaniora og pedagogikk (HUM),Fakultet,3400,BOA Ekstern Prosjektstøtte (NFR/EU),3xxx Inntekter,BOA Ekstern Prosjektstøtte (NFR/EU) - 2026-M04 (HUM),-704168.5,EMP-106,EMP-126,True,OK,2026_UiA_Full_Oct
TX-20522,2026-04-27,2026-M04,Q2,T1,HUM,Fakultet for humaniora og pedagogikk (HUM),Fakultet,3400,BOA Ekstern Prosjektstøtte (NFR/EU),3xxx Inntekter,BOA Ekstern Prosjektstøtte (NFR/EU) - 2026-M04 (HUM),-280101.96,EMP-106,EMP-126,True,OK,2026_UiA_Full_Oct
TX-20523,2026-05-09,2026-M05,Q2,T2,HUM,Fakultet for humaniora og pedagogikk (HUM),Fakultet,3400,BOA Ekstern Prosjektstøtte (NFR/EU),3xxx Inntekter,BOA Ekstern Prosjektstøtte (NFR/EU) - 2026-M05 (HUM),-1864111.38,EMP-106,EMP-126,True,OK,2026_UiA_Full_Oct
TX-20524,2026-05-18,2026-M05,Q2,T2,HUM,Fakultet for humaniora og pedagogikk (HUM),Fakultet,3400,BOA Ekstern Prosjektstøtte (NFR/EU),3xxx Inntekter,BOA Ekstern Prosjektstøtte (NFR/EU) - 2026-M05 (HUM),-795917.13,EMP-106,EMP-126,True,OK,2026_UiA_Full_Oct
TX-20525,2026-05-27,2026-M05,Q2,T2,HUM,Fakultet for humaniora og pedagogikk (HUM),Fakultet,3400,BOA Ekstern Prosjektstøtte (NFR/EU),3xxx Inntekter,BOA Ekstern Prosjektstøtte (NFR/EU) - 2026-M05 (HUM),-519370.09,EMP-106,EMP-126,True,OK,2026_UiA_Full_Oct
TX-20526,2026-06-09,2026-M06,Q2,T2,HUM,Fakultet for humaniora og pedagogikk (HUM),Fakultet,3400,BOA Ekstern Prosjektstøtte (NFR/EU),3xxx Inntekter,BOA Ekstern Prosjektstøtte (NFR/EU) - 2026-M06 (HUM),-73315.82,EMP-106,EMP-126,True,OK,2026_UiA_Full_Oct
TX-20527,2026-06-18,2026-M06,Q2,T2,HUM,Fakultet for humaniora og pedagogikk (HUM),Fakultet,3400,BOA Ekstern Prosjektstøtte (NFR/EU),3xxx Inntekter,BOA Ekstern Prosjektstøtte (NFR/EU) - 2026-M06 (HUM),-736522.18,EMP-106,EMP-126,True,OK,2026_UiA_Full_Oct
TX-20528,2026-06-27,2026-M06,Q2,T2,HUM,Fakultet for humaniora og pedagogikk (HUM),Fakultet,3400,BOA Ekstern Prosjektstøtte (NFR/EU),3xxx Inntekter,BOA Ekstern Prosjektstøtte (NFR/EU) - 2026-M06 (HUM),-2295894.26,EMP-106,EMP-126,True,OK,2026_UiA_Full_Oct
TX-20529,2026-07-09,2026-M07,Q3,T2,HUM,Fakultet for humaniora og pedagogikk (HUM),Fakultet,3400,BOA Ekstern Prosjektstøtte (NFR/EU),3xxx Inntekter,BOA Ekstern Prosjektstøtte (NFR/EU) - 2026-M07 (HUM),-1153871.63,EMP-106,EMP-126,True,OK,2026_UiA_Full_Oct
TX-20530,2026-07-18,2026-M07,Q3,T2,HUM,Fakultet for humaniora og pedagogikk (HUM),Fakultet,3400,BOA Ekstern Prosjektstøtte (NFR/EU),3xxx Inntekter,BOA Ekstern Prosjektstøtte (NFR/EU) - 2026-M07 (HUM),-1860420.59,EMP-106,EMP-126,True,OK,2026_UiA_Full_Oct
TX-20531,2026-07-27,2026-M07,Q3,T2,HUM,Fakultet for humaniora og pedagogikk (HUM),Fakultet,3400,BOA Ekstern Prosjektstøtte (NFR/EU),3xxx Inntekter,BOA Ekstern Prosjektstøtte (NFR/EU) - 2026-M07 (HUM),-166226.96,EMP-106,EMP-126,True,OK,2026_UiA_Full_Oct
TX-20532,2026-08-09,2026-M08,Q3,T2,HUM,Fakultet for humaniora og pedagogikk (HUM),Fakultet,3400,BOA Ekstern Prosjektstøtte (NFR/EU),3xxx Inntekter,BOA Ekstern Prosjektstøtte (NFR/EU) - 2026-M08 (HUM),-932997.94,EMP-106,EMP-126,True,OK,2026_UiA_Full_Oct
TX-20533,2026-08-18,2026-M08,Q3,T2,HUM,Fakultet for humaniora og pedagogikk (HUM),Fakultet,3400,BOA Ekstern Prosjektstøtte (NFR/EU),3xxx Inntekter,BOA Ekstern Prosjektstøtte (NFR/EU) - 2026-M08 (HUM),-2217404.0,EMP-106,EMP-126,True,OK,2026_UiA_Full_Oct
TX-20534,2026-08-27,2026-M08,Q3,T2,HUM,Fakultet for humaniora og pedagogikk (HUM),Fakultet,3400,BOA Ekstern Prosjektstøtte (NFR/EU),3xxx Inntekter,BOA Ekstern Prosjektstøtte (NFR/EU) - 2026-M08 (HUM),-10767.02,EMP-106,EMP-126,True,OK,2026_UiA_Full_Oct
TX-20535,2026-09-09,2026-M09,Q3,T3,HUM,Fakultet for humaniora og pedagogikk (HUM),Fakultet,3400,BOA Ekstern Prosjektstøtte (NFR/EU),3xxx Inntekter,BOA Ekstern Prosjektstøtte (NFR/EU) - 2026-M09 (HUM),-65410.33,EMP-106,EMP-126,True,OK,2026_UiA_Full_Oct
TX-20536,2026-09-18,2026-M09,Q3,T3,HUM,Fakultet for humaniora og pedagogikk (HUM),Fakultet,3400,BOA Ekstern Prosjektstøtte (NFR/EU),3xxx Inntekter,BOA Ekstern Prosjektstøtte (NFR/EU) - 2026-M09 (HUM),-1320542.36,EMP-106,EMP-126,True,OK,2026_UiA_Full_Oct
TX-20537,2026-09-27,2026-M09,Q3,T3,HUM,Fakultet for humaniora og pedagogikk (HUM),Fakultet,3400,BOA Ekstern Prosjektstøtte (NFR/EU),3xxx Inntekter,BOA Ekstern Prosjektstøtte (NFR/EU) - 2026-M09 (HUM),-1781683.95,EMP-106,EMP-126,True,OK,2026_UiA_Full_Oct
TX-20538,2026-10-09,2026-M10,Q4,T3,HUM,Fakultet for humaniora og pedagogikk (HUM),Fakultet,3400,BOA Ekstern Prosjektstøtte (NFR/EU),3xxx Inntekter,BOA Ekstern Prosjektstøtte (NFR/EU) - 2026-M10 (HUM),-1422703.64,EMP-106,EMP-126,True,OK,2026_UiA_Full_Oct
TX-20539,2026-10-18,2026-M10,Q4,T3,HUM,Fakultet for humaniora og pedagogikk (HUM),Fakultet,3400,BOA Ekstern Prosjektstøtte (NFR/EU),3xxx Inntekter,BOA Ekstern Prosjektstøtte (NFR/EU) - 2026-M10 (HUM),-843096.25,EMP-106,EMP-126,True,OK,2026_UiA_Full_Oct
TX-20540,2026-10-27,2026-M10,Q4,T3,HUM,Fakultet for humaniora og pedagogikk (HUM),Fakultet,3400,BOA Ekstern Prosjektstøtte (NFR/EU),3xxx Inntekter,BOA Ekstern Prosjektstøtte (NFR/EU) - 2026-M10 (HUM),-865590.69,EMP-106,EMP-126,True,OK,2026_UiA_Full_Oct
TX-20541,2026-01-09,2026-M01,Q1,T1,HUM,Fakultet for humaniora og pedagogikk (HUM),Fakultet,5000,Fast Lønn & Sosiale Kostnader,5xxx Lønn,Fast Lønn & Sosiale Kostnader - 2026-M01 (HUM),216549.39,EMP-106,EMP-126,True,OK,2026_UiA_Full_Oct
TX-20542,2026-01-18,2026-M01,Q1,T1,HUM,Fakultet for humaniora og pedagogikk (HUM),Fakultet,5000,Fast Lønn & Sosiale Kostnader,5xxx Lønn,Fast Lønn & Sosiale Kostnader - 2026-M01 (HUM),10310697.37,EMP-106,EMP-126,True,OK,2026_UiA_Full_Oct
TX-20543,2026-01-27,2026-M01,Q1,T1,HUM,Fakultet for humaniora og pedagogikk (HUM),Fakultet,5000,Fast Lønn & Sosiale Kostnader,5xxx Lønn,Fast Lønn & Sosiale Kostnader - 2026-M01 (HUM),668801.55,EMP-106,EMP-126,True,OK,2026_UiA_Full_Oct
TX-20544,2026-02-09,2026-M02,Q1,T1,HUM,Fakultet for humaniora og pedagogikk (HUM),Fakultet,5000,Fast Lønn & Sosiale Kostnader,5xxx Lønn,Fast Lønn & Sosiale Kostnader - 2026-M02 (HUM),536818.13,EMP-106,EMP-126,True,OK,2026_UiA_Full_Oct
TX-20545,2026-02-18,2026-M02,Q1,T1,HUM,Fakultet for humaniora og pedagogikk (HUM),Fakultet,5000,Fast Lønn & Sosiale Kostnader,5xxx Lønn,Fast Lønn & Sosiale Kostnader - 2026-M02 (HUM),18520.13,EMP-106,EMP-126,True,OK,2026_UiA_Full_Oct
TX-20546,2026-02-27,2026-M02,Q1,T1,HUM,Fakultet for humaniora og pedagogikk (HUM),Fakultet,5000,Fast Lønn & Sosiale Kostnader,5xxx Lønn,Fast Lønn & Sosiale Kostnader - 2026-M02 (HUM),10772847.58,EMP-106,EMP-126,True,OK,2026_UiA_Full_Oct
TX-20547,2026-03-09,2026-M03,Q1,T1,HUM,Fakultet for humaniora og pedagogikk (HUM),Fakultet,5000,Fast Lønn & Sosiale Kostnader,5xxx Lønn,Fast Lønn & Sosiale Kostnader - 2026-M03 (HUM),4072074.76,EMP-106,EMP-126,True,OK,2026_UiA_Full_Oct
TX-20548,2026-03-18,2026-M03,Q1,T1,HUM,Fakultet for humaniora og pedagogikk (HUM),Fakultet,5000,Fast Lønn & Sosiale Kostnader,5xxx Lønn,Fast Lønn & Sosiale Kostnader - 2026-M03 (HUM),6030711.95,EMP-106,EMP-126,True,OK,2026_UiA_Full_Oct
TX-20549,2026-03-27,2026-M03,Q1,T1,HUM,Fakultet for humaniora og pedagogikk (HUM),Fakultet,5000,Fast Lønn & Sosiale Kostnader,5xxx Lønn,Fast Lønn & Sosiale Kostnader - 2026-M03 (HUM),938932.15,EMP-106,EMP-126,True,OK,2026_UiA_Full_Oct
TX-20550,2026-04-09,2026-M04,Q2,T1,HUM,Fakultet for humaniora og pedagogikk (HUM),Fakultet,5000,Fast Lønn & Sosiale Kostnader,5xxx Lønn,Fast Lønn & Sosiale Kostnader - 2026-M04 (HUM),4651580.77,EMP-106,EMP-126,True,OK,2026_UiA_Full_Oct
TX-20551,2026-04-18,2026-M04,Q2,T1,HUM,Fakultet for humaniora og pedagogikk (HUM),Fakultet,5000,Fast Lønn & Sosiale Kostnader,5xxx Lønn,Fast Lønn & Sosiale Kostnader - 2026-M04 (HUM),42773.73,EMP-106,EMP-126,True,OK,2026_UiA_Full_Oct
TX-20552,2026-04-27,2026-M04,Q2,T1,HUM,Fakultet for humaniora og pedagogikk (HUM),Fakultet,5000,Fast Lønn & Sosiale Kostnader,5xxx Lønn,Fast Lønn & Sosiale Kostnader - 2026-M04 (HUM),6473768.24,EMP-106,EMP-126,True,OK,2026_UiA_Full_Oct
TX-20553,2026-05-09,2026-M05,Q2,T2,HUM,Fakultet for humaniora og pedagogikk (HUM),Fakultet,5000,Fast Lønn & Sosiale Kostnader,5xxx Lønn,Fast Lønn & Sosiale Kostnader - 2026-M05 (HUM),8668857.11,EMP-106,EMP-126,True,OK,2026_UiA_Full_Oct
TX-20554,2026-05-18,2026-M05,Q2,T2,HUM,Fakultet for humaniora og pedagogikk (HUM),Fakultet,5000,Fast Lønn & Sosiale Kostnader,5xxx Lønn,Fast Lønn & Sosiale Kostnader - 2026-M05 (HUM),1201339.13,EMP-106,EMP-126,True,OK,2026_UiA_Full_Oct
TX-20555,2026-05-27,2026-M05,Q2,T2,HUM,Fakultet for humaniora og pedagogikk (HUM),Fakultet,5000,Fast Lønn & Sosiale Kostnader,5xxx Lønn,Fast Lønn & Sosiale Kostnader - 2026-M05 (HUM),1352515.53,EMP-106,EMP-126,True,OK,2026_UiA_Full_Oct
TX-20556,2026-06-09,2026-M06,Q2,T2,HUM,Fakultet for humaniora og pedagogikk (HUM),Fakultet,5000,Fast Lønn & Sosiale Kostnader,5xxx Lønn,Fast Lønn & Sosiale Kostnader - 2026-M06 (HUM),3400775.03,EMP-106,EMP-126,True,OK,2026_UiA_Full_Oct
TX-20557,2026-06-18,2026-M06,Q2,T2,HUM,Fakultet for humaniora og pedagogikk (HUM),Fakultet,5000,Fast Lønn & Sosiale Kostnader,5xxx Lønn,Fast Lønn & Sosiale Kostnader - 2026-M06 (HUM),3053438.3,EMP-106,EMP-126,True,OK,2026_UiA_Full_Oct
TX-20558,2026-06-27,2026-M06,Q2,T2,HUM,Fakultet for humaniora og pedagogikk (HUM),Fakultet,5000,Fast Lønn & Sosiale Kostnader,5xxx Lønn,Fast Lønn & Sosiale Kostnader - 2026-M06 (HUM),4612484.75,EMP-106,EMP-126,True,OK,2026_UiA_Full_Oct
TX-20559,2026-07-09,2026-M07,Q3,T2,HUM,Fakultet for humaniora og pedagogikk (HUM),Fakultet,5000,Fast Lønn & Sosiale Kostnader,5xxx Lønn,Fast Lønn & Sosiale Kostnader - 2026-M07 (HUM),5250249.66,EMP-106,EMP-126,True,OK,2026_UiA_Full_Oct
TX-20560,2026-07-18,2026-M07,Q3,T2,HUM,Fakultet for humaniora og pedagogikk (HUM),Fakultet,5000,Fast Lønn & Sosiale Kostnader,5xxx Lønn,Fast Lønn & Sosiale Kostnader - 2026-M07 (HUM),4027604.43,EMP-106,EMP-126,True,OK,2026_UiA_Full_Oct
TX-20561,2026-07-27,2026-M07,Q3,T2,HUM,Fakultet for humaniora og pedagogikk (HUM),Fakultet,5000,Fast Lønn & Sosiale Kostnader,5xxx Lønn,Fast Lønn & Sosiale Kostnader - 2026-M07 (HUM),1844164.04,EMP-106,EMP-126,True,OK,2026_UiA_Full_Oct
TX-20562,2026-08-09,2026-M08,Q3,T2,HUM,Fakultet for humaniora og pedagogikk (HUM),Fakultet,5000,Fast Lønn & Sosiale Kostnader,5xxx Lønn,Fast Lønn & Sosiale Kostnader - 2026-M08 (HUM),1218938.77,EMP-106,EMP-126,True,OK,2026_UiA_Full_Oct
TX-20563,2026-08-18,2026-M08,Q3,T2,HUM,Fakultet for humaniora og pedagogikk (HUM),Fakultet,5000,Fast Lønn & Sosiale Kostnader,5xxx Lønn,Fast Lønn & Sosiale Kostnader - 2026-M08 (HUM),5165647.07,EMP-106,EMP-126,True,OK,2026_UiA_Full_Oct
TX-20564,2026-08-27,2026-M08,Q3,T2,HUM,Fakultet for humaniora og pedagogikk (HUM),Fakultet,5000,Fast Lønn & Sosiale Kostnader,5xxx Lønn,Fast Lønn & Sosiale Kostnader - 2026-M08 (HUM),4817251.75,EMP-106,EMP-126,True,OK,2026_UiA_Full_Oct
TX-20565,2026-09-09,2026-M09,Q3,T3,HUM,Fakultet for humaniora og pedagogikk (HUM),Fakultet,5000,Fast Lønn & Sosiale Kostnader,5xxx Lønn,Fast Lønn & Sosiale Kostnader - 2026-M09 (HUM),4644687.18,EMP-106,EMP-126,True,OK,2026_UiA_Full_Oct
TX-20566,2026-09-18,2026-M09,Q3,T3,HUM,Fakultet for humaniora og pedagogikk (HUM),Fakultet,5000,Fast Lønn & Sosiale Kostnader,5xxx Lønn,Fast Lønn & Sosiale Kostnader - 2026-M09 (HUM),1446928.07,EMP-106,EMP-126,True,OK,2026_UiA_Full_Oct
TX-20567,2026-09-27,2026-M09,Q3,T3,HUM,Fakultet for humaniora og pedagogikk (HUM),Fakultet,5000,Fast Lønn & Sosiale Kostnader,5xxx Lønn,Fast Lønn & Sosiale Kostnader - 2026-M09 (HUM),4987314.92,EMP-106,EMP-126,True,OK,2026_UiA_Full_Oct
TX-20568,2026-10-09,2026-M10,Q4,T3,HUM,Fakultet for humaniora og pedagogikk (HUM),Fakultet,5000,Fast Lønn & Sosiale Kostnader,5xxx Lønn,Fast Lønn & Sosiale Kostnader - 2026-M10 (HUM),6851591.84,EMP-106,EMP-126,True,OK,2026_UiA_Full_Oct
TX-20569,2026-10-18,2026-M10,Q4,T3,HUM,Fakultet for humaniora og pedagogikk (HUM),Fakultet,5000,Fast Lønn & Sosiale Kostnader,5xxx Lønn,Fast Lønn & Sosiale Kostnader - 2026-M10 (HUM),3886259.0,EMP-106,EMP-126,True,OK,2026_UiA_Full_Oct
TX-20570,2026-10-27,2026-M10,Q4,T3,HUM,Fakultet for humaniora og pedagogikk (HUM),Fakultet,5000,Fast Lønn & Sosiale Kostnader,5xxx Lønn,Fast Lønn & Sosiale Kostnader - 2026-M10 (HUM),605209.67,EMP-106,EMP-126,True,OK,2026_UiA_Full_Oct
TX-20571,2026-01-09,2026-M01,Q1,T1,HUM,Fakultet for humaniora og pedagogikk (HUM),Fakultet,5330,Sensorhonorar & Timelønnede,5xxx Lønn,Sensorhonorar & Timelønnede - 2026-M01 (HUM),321951.77,EMP-106,EMP-126,True,OK,2026_UiA_Full_Oct
TX-20572,2026-01-18,2026-M01,Q1,T1,HUM,Fakultet for humaniora og pedagogikk (HUM),Fakultet,5330,Sensorhonorar & Timelønnede,5xxx Lønn,Sensorhonorar & Timelønnede - 2026-M01 (HUM),30675.16,EMP-106,EMP-126,True,OK,2026_UiA_Full_Oct
TX-20573,2026-01-27,2026-M01,Q1,T1,HUM,Fakultet for humaniora og pedagogikk (HUM),Fakultet,5330,Sensorhonorar & Timelønnede,5xxx Lønn,Sensorhonorar & Timelønnede - 2026-M01 (HUM),706544.47,EMP-106,EMP-126,True,OK,2026_UiA_Full_Oct
TX-20574,2026-02-09,2026-M02,Q1,T1,HUM,Fakultet for humaniora og pedagogikk (HUM),Fakultet,5330,Sensorhonorar & Timelønnede,5xxx Lønn,Sensorhonorar & Timelønnede - 2026-M02 (HUM),208851.08,EMP-106,EMP-126,True,OK,2026_UiA_Full_Oct
TX-20575,2026-02-18,2026-M02,Q1,T1,HUM,Fakultet for humaniora og pedagogikk (HUM),Fakultet,5330,Sensorhonorar & Timelønnede,5xxx Lønn,Sensorhonorar & Timelønnede - 2026-M02 (HUM),808283.13,EMP-106,EMP-126,True,OK,2026_UiA_Full_Oct
TX-20576,2026-02-27,2026-M02,Q1,T1,HUM,Fakultet for humaniora og pedagogikk (HUM),Fakultet,5330,Sensorhonorar & Timelønnede,5xxx Lønn,Sensorhonorar & Timelønnede - 2026-M02 (HUM),15376.52,EMP-106,EMP-126,True,OK,2026_UiA_Full_Oct
TX-20577,2026-03-09,2026-M03,Q1,T1,HUM,Fakultet for humaniora og pedagogikk (HUM),Fakultet,5330,Sensorhonorar & Timelønnede,5xxx Lønn,Sensorhonorar & Timelønnede - 2026-M03 (HUM),395835.81,EMP-106,EMP-126,True,OK,2026_UiA_Full_Oct
TX-20578,2026-03-18,2026-M03,Q1,T1,HUM,Fakultet for humaniora og pedagogikk (HUM),Fakultet,5330,Sensorhonorar & Timelønnede,5xxx Lønn,Sensorhonorar & Timelønnede - 2026-M03 (HUM),61410.82,EMP-106,EMP-126,True,OK,2026_UiA_Full_Oct
TX-20579,2026-03-27,2026-M03,Q1,T1,HUM,Fakultet for humaniora og pedagogikk (HUM),Fakultet,5330,Sensorhonorar & Timelønnede,5xxx Lønn,Sensorhonorar & Timelønnede - 2026-M03 (HUM),587322.85,EMP-106,EMP-126,True,OK,2026_UiA_Full_Oct
TX-20580,2026-04-09,2026-M04,Q2,T1,HUM,Fakultet for humaniora og pedagogikk (HUM),Fakultet,5330,Sensorhonorar & Timelønnede,5xxx Lønn,Sensorhonorar & Timelønnede - 2026-M04 (HUM),571833.02,EMP-106,EMP-126,True,OK,2026_UiA_Full_Oct
TX-20581,2026-04-18,2026-M04,Q2,T1,HUM,Fakultet for humaniora og pedagogikk (HUM),Fakultet,5330,Sensorhonorar & Timelønnede,5xxx Lønn,Sensorhonorar & Timelønnede - 2026-M04 (HUM),20426.26,EMP-106,EMP-126,True,OK,2026_UiA_Full_Oct
TX-20582,2026-04-27,2026-M04,Q2,T1,HUM,Fakultet for humaniora og pedagogikk (HUM),Fakultet,5330,Sensorhonorar & Timelønnede,5xxx Lønn,Sensorhonorar & Timelønnede - 2026-M04 (HUM),460957.99,EMP-106,EMP-126,True,OK,2026_UiA_Full_Oct
TX-20583,2026-05-09,2026-M05,Q2,T2,HUM,Fakultet for humaniora og pedagogikk (HUM),Fakultet,5330,Sensorhonorar & Timelønnede,5xxx Lønn,Sensorhonorar & Timelønnede - 2026-M05 (HUM),450736.84,EMP-106,EMP-126,True,OK,2026_UiA_Full_Oct
TX-20584,2026-05-18,2026-M05,Q2,T2,HUM,Fakultet for humaniora og pedagogikk (HUM),Fakultet,5330,Sensorhonorar & Timelønnede,5xxx Lønn,Sensorhonorar & Timelønnede - 2026-M05 (HUM),78580.61,EMP-106,EMP-126,True,OK,2026_UiA_Full_Oct
TX-20585,2026-05-27,2026-M05,Q2,T2,HUM,Fakultet for humaniora og pedagogikk (HUM),Fakultet,5330,Sensorhonorar & Timelønnede,5xxx Lønn,Sensorhonorar & Timelønnede - 2026-M05 (HUM),522723.85,EMP-106,EMP-126,True,OK,2026_UiA_Full_Oct
TX-20586,2026-06-09,2026-M06,Q2,T2,HUM,Fakultet for humaniora og pedagogikk (HUM),Fakultet,5330,Sensorhonorar & Timelønnede,5xxx Lønn,Sensorhonorar & Timelønnede - 2026-M06 (HUM),159034.61,EMP-106,EMP-126,True,OK,2026_UiA_Full_Oct
TX-20587,2026-06-18,2026-M06,Q2,T2,HUM,Fakultet for humaniora og pedagogikk (HUM),Fakultet,5330,Sensorhonorar & Timelønnede,5xxx Lønn,Sensorhonorar & Timelønnede - 2026-M06 (HUM),538195.36,EMP-106,EMP-126,True,OK,2026_UiA_Full_Oct
TX-20588,2026-06-27,2026-M06,Q2,T2,HUM,Fakultet for humaniora og pedagogikk (HUM),Fakultet,5330,Sensorhonorar & Timelønnede,5xxx Lønn,Sensorhonorar & Timelønnede - 2026-M06 (HUM),335515.25,EMP-106,EMP-126,True,OK,2026_UiA_Full_Oct
TX-20589,2026-07-09,2026-M07,Q3,T2,HUM,Fakultet for humaniora og pedagogikk (HUM),Fakultet,5330,Sensorhonorar & Timelønnede,5xxx Lønn,Sensorhonorar & Timelønnede - 2026-M07 (HUM),284526.83,EMP-106,EMP-126,True,OK,2026_UiA_Full_Oct
TX-20590,2026-07-18,2026-M07,Q3,T2,HUM,Fakultet for humaniora og pedagogikk (HUM),Fakultet,5330,Sensorhonorar & Timelønnede,5xxx Lønn,Sensorhonorar & Timelønnede - 2026-M07 (HUM),24616.03,EMP-106,EMP-126,True,OK,2026_UiA_Full_Oct
TX-20591,2026-07-27,2026-M07,Q3,T2,HUM,Fakultet for humaniora og pedagogikk (HUM),Fakultet,5330,Sensorhonorar & Timelønnede,5xxx Lønn,Sensorhonorar & Timelønnede - 2026-M07 (HUM),725801.63,EMP-106,EMP-126,True,OK,2026_UiA_Full_Oct
TX-20592,2026-08-09,2026-M08,Q3,T2,HUM,Fakultet for humaniora og pedagogikk (HUM),Fakultet,5330,Sensorhonorar & Timelønnede,5xxx Lønn,Sensorhonorar & Timelønnede - 2026-M08 (HUM),108715.19,EMP-106,EMP-126,True,OK,2026_UiA_Full_Oct
TX-20593,2026-08-18,2026-M08,Q3,T2,HUM,Fakultet for humaniora og pedagogikk (HUM),Fakultet,5330,Sensorhonorar & Timelønnede,5xxx Lønn,Sensorhonorar & Timelønnede - 2026-M08 (HUM),824345.12,EMP-106,EMP-126,True,OK,2026_UiA_Full_Oct
TX-20594,2026-08-27,2026-M08,Q3,T2,HUM,Fakultet for humaniora og pedagogikk (HUM),Fakultet,5330,Sensorhonorar & Timelønnede,5xxx Lønn,Sensorhonorar & Timelønnede - 2026-M08 (HUM),126872.77,EMP-106,EMP-126,True,OK,2026_UiA_Full_Oct
TX-20595,2026-09-09,2026-M09,Q3,T3,HUM,Fakultet for humaniora og pedagogikk (HUM),Fakultet,5330,Sensorhonorar & Timelønnede,5xxx Lønn,Sensorhonorar & Timelønnede - 2026-M09 (HUM),863824.36,EMP-106,EMP-126,True,OK,2026_UiA_Full_Oct
TX-20596,2026-09-18,2026-M09,Q3,T3,HUM,Fakultet for humaniora og pedagogikk (HUM),Fakultet,5330,Sensorhonorar & Timelønnede,5xxx Lønn,Sensorhonorar & Timelønnede - 2026-M09 (HUM),89886.3,EMP-106,EMP-126,True,OK,2026_UiA_Full_Oct
TX-20597,2026-09-27,2026-M09,Q3,T3,HUM,Fakultet for humaniora og pedagogikk (HUM),Fakultet,5330,Sensorhonorar & Timelønnede,5xxx Lønn,Sensorhonorar & Timelønnede - 2026-M09 (HUM),107431.84,EMP-106,EMP-126,True,OK,2026_UiA_Full_Oct
TX-20598,2026-10-09,2026-M10,Q4,T3,HUM,Fakultet for humaniora og pedagogikk (HUM),Fakultet,5330,Sensorhonorar & Timelønnede,5xxx Lønn,Sensorhonorar & Timelønnede - 2026-M10 (HUM),596259.78,EMP-106,EMP-126,True,OK,2026_UiA_Full_Oct
TX-20599,2026-10-18,2026-M10,Q4,T3,HUM,Fakultet for humaniora og pedagogikk (HUM),Fakultet,5330,Sensorhonorar & Timelønnede,5xxx Lønn,Sensorhonorar & Timelønnede - 2026-M10 (HUM),393272.67,EMP-106,EMP-126,True,OK,2026_UiA_Full_Oct
TX-20600,2026-10-27,2026-M10,Q4,T3,HUM,Fakultet for humaniora og pedagogikk (HUM),Fakultet,5330,Sensorhonorar & Timelønnede,5xxx Lønn,Sensorhonorar & Timelønnede - 2026-M10 (HUM),54885.02,EMP-106,EMP-126,True,OK,2026_UiA_Full_Oct
TX-20601,2026-01-09,2026-M01,Q1,T1,HUM,Fakultet for humaniora og pedagogikk (HUM),Fakultet,6000,Husleie & Eiendomsdrift,6xxx Drift,Husleie & Eiendomsdrift - 2026-M01 (HUM),84566.91,EMP-106,EMP-126,True,OK,2026_UiA_Full_Oct
TX-20602,2026-01-18,2026-M01,Q1,T1,HUM,Fakultet for humaniora og pedagogikk (HUM),Fakultet,6000,Husleie & Eiendomsdrift,6xxx Drift,Husleie & Eiendomsdrift - 2026-M01 (HUM),639938.33,EMP-106,EMP-126,True,OK,2026_UiA_Full_Oct
TX-20603,2026-01-27,2026-M01,Q1,T1,HUM,Fakultet for humaniora og pedagogikk (HUM),Fakultet,6000,Husleie & Eiendomsdrift,6xxx Drift,Husleie & Eiendomsdrift - 2026-M01 (HUM),1756644.24,EMP-106,EMP-126,True,OK,2026_UiA_Full_Oct
TX-20604,2026-02-09,2026-M02,Q1,T1,HUM,Fakultet for humaniora og pedagogikk (HUM),Fakultet,6000,Husleie & Eiendomsdrift,6xxx Drift,Husleie & Eiendomsdrift - 2026-M02 (HUM),421218.0,EMP-106,EMP-126,True,OK,2026_UiA_Full_Oct
TX-20605,2026-02-18,2026-M02,Q1,T1,HUM,Fakultet for humaniora og pedagogikk (HUM),Fakultet,6000,Husleie & Eiendomsdrift,6xxx Drift,Husleie & Eiendomsdrift - 2026-M02 (HUM),1625272.56,EMP-106,EMP-126,True,OK,2026_UiA_Full_Oct
TX-20606,2026-02-27,2026-M02,Q1,T1,HUM,Fakultet for humaniora og pedagogikk (HUM),Fakultet,6000,Husleie & Eiendomsdrift,6xxx Drift,Husleie & Eiendomsdrift - 2026-M02 (HUM),374258.82,EMP-106,EMP-126,True,OK,2026_UiA_Full_Oct
TX-20607,2026-03-09,2026-M03,Q1,T1,HUM,Fakultet for humaniora og pedagogikk (HUM),Fakultet,6000,Husleie & Eiendomsdrift,6xxx Drift,Husleie & Eiendomsdrift - 2026-M03 (HUM),1072448.06,EMP-106,EMP-126,True,OK,2026_UiA_Full_Oct
TX-20608,2026-03-18,2026-M03,Q1,T1,HUM,Fakultet for humaniora og pedagogikk (HUM),Fakultet,6000,Husleie & Eiendomsdrift,6xxx Drift,Husleie & Eiendomsdrift - 2026-M03 (HUM),846229.85,EMP-106,EMP-126,True,OK,2026_UiA_Full_Oct
TX-20609,2026-03-27,2026-M03,Q1,T1,HUM,Fakultet for humaniora og pedagogikk (HUM),Fakultet,6000,Husleie & Eiendomsdrift,6xxx Drift,Husleie & Eiendomsdrift - 2026-M03 (HUM),510041.94,EMP-106,EMP-126,True,OK,2026_UiA_Full_Oct
TX-20610,2026-04-09,2026-M04,Q2,T1,HUM,Fakultet for humaniora og pedagogikk (HUM),Fakultet,6000,Husleie & Eiendomsdrift,6xxx Drift,Husleie & Eiendomsdrift - 2026-M04 (HUM),939338.36,EMP-106,EMP-126,True,OK,2026_UiA_Full_Oct
TX-20611,2026-04-18,2026-M04,Q2,T1,HUM,Fakultet for humaniora og pedagogikk (HUM),Fakultet,6000,Husleie & Eiendomsdrift,6xxx Drift,Husleie & Eiendomsdrift - 2026-M04 (HUM),183018.21,EMP-106,EMP-126,True,OK,2026_UiA_Full_Oct
TX-20612,2026-04-27,2026-M04,Q2,T1,HUM,Fakultet for humaniora og pedagogikk (HUM),Fakultet,6000,Husleie & Eiendomsdrift,6xxx Drift,Husleie & Eiendomsdrift - 2026-M04 (HUM),1306036.53,EMP-106,EMP-126,True,OK,2026_UiA_Full_Oct
TX-20613,2026-05-09,2026-M05,Q2,T2,HUM,Fakultet for humaniora og pedagogikk (HUM),Fakultet,6000,Husleie & Eiendomsdrift,6xxx Drift,Husleie & Eiendomsdrift - 2026-M05 (HUM),908690.04,EMP-106,EMP-126,True,OK,2026_UiA_Full_Oct
TX-20614,2026-05-18,2026-M05,Q2,T2,HUM,Fakultet for humaniora og pedagogikk (HUM),Fakultet,6000,Husleie & Eiendomsdrift,6xxx Drift,Husleie & Eiendomsdrift - 2026-M05 (HUM),433059.53,EMP-106,EMP-126,True,OK,2026_UiA_Full_Oct
TX-20615,2026-05-27,2026-M05,Q2,T2,HUM,Fakultet for humaniora og pedagogikk (HUM),Fakultet,6000,Husleie & Eiendomsdrift,6xxx Drift,Husleie & Eiendomsdrift - 2026-M05 (HUM),1074660.21,EMP-106,EMP-126,True,OK,2026_UiA_Full_Oct
TX-20616,2026-06-09,2026-M06,Q2,T2,HUM,Fakultet for humaniora og pedagogikk (HUM),Fakultet,6000,Husleie & Eiendomsdrift,6xxx Drift,Husleie & Eiendomsdrift - 2026-M06 (HUM),961414.06,EMP-106,EMP-126,True,OK,2026_UiA_Full_Oct
TX-20617,2026-06-18,2026-M06,Q2,T2,HUM,Fakultet for humaniora og pedagogikk (HUM),Fakultet,6000,Husleie & Eiendomsdrift,6xxx Drift,Husleie & Eiendomsdrift - 2026-M06 (HUM),714887.91,EMP-106,EMP-126,True,OK,2026_UiA_Full_Oct
TX-20618,2026-06-27,2026-M06,Q2,T2,HUM,Fakultet for humaniora og pedagogikk (HUM),Fakultet,6000,Husleie & Eiendomsdrift,6xxx Drift,Husleie & Eiendomsdrift - 2026-M06 (HUM),744673.27,EMP-106,EMP-126,True,OK,2026_UiA_Full_Oct
TX-20619,2026-07-09,2026-M07,Q3,T2,HUM,Fakultet for humaniora og pedagogikk (HUM),Fakultet,6000,Husleie & Eiendomsdrift,6xxx Drift,Husleie & Eiendomsdrift - 2026-M07 (HUM),696191.92,EMP-106,EMP-126,True,OK,2026_UiA_Full_Oct
TX-20620,2026-07-18,2026-M07,Q3,T2,HUM,Fakultet for humaniora og pedagogikk (HUM),Fakultet,6000,Husleie & Eiendomsdrift,6xxx Drift,Husleie & Eiendomsdrift - 2026-M07 (HUM),153227.98,EMP-106,EMP-126,True,OK,2026_UiA_Full_Oct
TX-20621,2026-07-27,2026-M07,Q3,T2,HUM,Fakultet for humaniora og pedagogikk (HUM),Fakultet,6000,Husleie & Eiendomsdrift,6xxx Drift,Husleie & Eiendomsdrift - 2026-M07 (HUM),1595575.94,EMP-106,EMP-126,True,OK,2026_UiA_Full_Oct
TX-20622,2026-08-09,2026-M08,Q3,T2,HUM,Fakultet for humaniora og pedagogikk (HUM),Fakultet,6000,Husleie & Eiendomsdrift,6xxx Drift,Husleie & Eiendomsdrift - 2026-M08 (HUM),672750.62,EMP-106,EMP-126,True,OK,2026_UiA_Full_Oct
TX-20623,2026-08-18,2026-M08,Q3,T2,HUM,Fakultet for humaniora og pedagogikk (HUM),Fakultet,6000,Husleie & Eiendomsdrift,6xxx Drift,Husleie & Eiendomsdrift - 2026-M08 (HUM),520935.57,EMP-106,EMP-126,True,OK,2026_UiA_Full_Oct
TX-20624,2026-08-27,2026-M08,Q3,T2,HUM,Fakultet for humaniora og pedagogikk (HUM),Fakultet,6000,Husleie & Eiendomsdrift,6xxx Drift,Husleie & Eiendomsdrift - 2026-M08 (HUM),1248650.49,EMP-106,EMP-126,True,OK,2026_UiA_Full_Oct
TX-20625,2026-09-09,2026-M09,Q3,T3,HUM,Fakultet for humaniora og pedagogikk (HUM),Fakultet,6000,Husleie & Eiendomsdrift,6xxx Drift,Husleie & Eiendomsdrift - 2026-M09 (HUM),517673.26,EMP-106,EMP-126,True,OK,2026_UiA_Full_Oct
TX-20626,2026-09-18,2026-M09,Q3,T3,HUM,Fakultet for humaniora og pedagogikk (HUM),Fakultet,6000,Husleie & Eiendomsdrift,6xxx Drift,Husleie & Eiendomsdrift - 2026-M09 (HUM),1384376.69,EMP-106,EMP-126,True,OK,2026_UiA_Full_Oct
TX-20627,2026-09-27,2026-M09,Q3,T3,HUM,Fakultet for humaniora og pedagogikk (HUM),Fakultet,6000,Husleie & Eiendomsdrift,6xxx Drift,Husleie & Eiendomsdrift - 2026-M09 (HUM),521274.95,EMP-106,EMP-126,True,OK,2026_UiA_Full_Oct
TX-20628,2026-10-09,2026-M10,Q4,T3,HUM,Fakultet for humaniora og pedagogikk (HUM),Fakultet,6000,Husleie & Eiendomsdrift,6xxx Drift,Husleie & Eiendomsdrift - 2026-M10 (HUM),458051.23,EMP-106,EMP-126,True,OK,2026_UiA_Full_Oct
TX-20629,2026-10-18,2026-M10,Q4,T3,HUM,Fakultet for humaniora og pedagogikk (HUM),Fakultet,6000,Husleie & Eiendomsdrift,6xxx Drift,Husleie & Eiendomsdrift - 2026-M10 (HUM),1654928.19,EMP-106,EMP-126,True,OK,2026_UiA_Full_Oct
TX-20630,2026-10-27,2026-M10,Q4,T3,HUM,Fakultet for humaniora og pedagogikk (HUM),Fakultet,6000,Husleie & Eiendomsdrift,6xxx Drift,Husleie & Eiendomsdrift - 2026-M10 (HUM),318434.03,EMP-106,EMP-126,True,OK,2026_UiA_Full_Oct
TX-20631,2026-01-09,2026-M01,Q1,T1,HUM,Fakultet for humaniora og pedagogikk (HUM),Fakultet,6800,"IKT, Rekvisita & Utstyr",6xxx Drift,"IKT, Rekvisita & Utstyr - 2026-M01 (HUM)",651110.94,EMP-106,EMP-126,True,OK,2026_UiA_Full_Oct
TX-20632,2026-01-18,2026-M01,Q1,T1,HUM,Fakultet for humaniora og pedagogikk (HUM),Fakultet,6800,"IKT, Rekvisita & Utstyr",6xxx Drift,"IKT, Rekvisita & Utstyr - 2026-M01 (HUM)",533894.91,EMP-106,EMP-126,True,OK,2026_UiA_Full_Oct
TX-20633,2026-01-27,2026-M01,Q1,T1,HUM,Fakultet for humaniora og pedagogikk (HUM),Fakultet,6800,"IKT, Rekvisita & Utstyr",6xxx Drift,"IKT, Rekvisita & Utstyr - 2026-M01 (HUM)",215645.23,EMP-106,EMP-126,False,BRUDD: Mangler kvittering (>100 NOK),2026_UiA_Full_Oct
TX-20634,2026-02-09,2026-M02,Q1,T1,HUM,Fakultet for humaniora og pedagogikk (HUM),Fakultet,6800,"IKT, Rekvisita & Utstyr",6xxx Drift,"IKT, Rekvisita & Utstyr - 2026-M02 (HUM)",851302.36,EMP-106,EMP-126,True,OK,2026_UiA_Full_Oct
TX-20635,2026-02-18,2026-M02,Q1,T1,HUM,Fakultet for humaniora og pedagogikk (HUM),Fakultet,6800,"IKT, Rekvisita & Utstyr",6xxx Drift,"IKT, Rekvisita & Utstyr - 2026-M02 (HUM)",283921.66,EMP-106,EMP-126,True,OK,2026_UiA_Full_Oct
TX-20636,2026-02-27,2026-M02,Q1,T1,HUM,Fakultet for humaniora og pedagogikk (HUM),Fakultet,6800,"IKT, Rekvisita & Utstyr",6xxx Drift,"IKT, Rekvisita & Utstyr - 2026-M02 (HUM)",277447.98,EMP-106,EMP-126,True,OK,2026_UiA_Full_Oct
TX-20637,2026-03-09,2026-M03,Q1,T1,HUM,Fakultet for humaniora og pedagogikk (HUM),Fakultet,6800,"IKT, Rekvisita & Utstyr",6xxx Drift,"IKT, Rekvisita & Utstyr - 2026-M03 (HUM)",234192.79,EMP-106,EMP-126,True,OK,2026_UiA_Full_Oct
TX-20638,2026-03-18,2026-M03,Q1,T1,HUM,Fakultet for humaniora og pedagogikk (HUM),Fakultet,6800,"IKT, Rekvisita & Utstyr",6xxx Drift,"IKT, Rekvisita & Utstyr - 2026-M03 (HUM)",818807.95,EMP-106,EMP-126,True,OK,2026_UiA_Full_Oct
TX-20639,2026-03-27,2026-M03,Q1,T1,HUM,Fakultet for humaniora og pedagogikk (HUM),Fakultet,6800,"IKT, Rekvisita & Utstyr",6xxx Drift,"IKT, Rekvisita & Utstyr - 2026-M03 (HUM)",362012.09,EMP-106,EMP-126,True,OK,2026_UiA_Full_Oct
TX-20640,2026-04-09,2026-M04,Q2,T1,HUM,Fakultet for humaniora og pedagogikk (HUM),Fakultet,6800,"IKT, Rekvisita & Utstyr",6xxx Drift,"IKT, Rekvisita & Utstyr - 2026-M04 (HUM)",895835.73,EMP-106,EMP-126,True,OK,2026_UiA_Full_Oct
TX-20641,2026-04-18,2026-M04,Q2,T1,HUM,Fakultet for humaniora og pedagogikk (HUM),Fakultet,6800,"IKT, Rekvisita & Utstyr",6xxx Drift,"IKT, Rekvisita & Utstyr - 2026-M04 (HUM)",116593.14,EMP-106,EMP-126,True,OK,2026_UiA_Full_Oct
TX-20642,2026-04-27,2026-M04,Q2,T1,HUM,Fakultet for humaniora og pedagogikk (HUM),Fakultet,6800,"IKT, Rekvisita & Utstyr",6xxx Drift,"IKT, Rekvisita & Utstyr - 2026-M04 (HUM)",373142.83,EMP-106,EMP-126,True,OK,2026_UiA_Full_Oct
TX-20643,2026-05-09,2026-M05,Q2,T2,HUM,Fakultet for humaniora og pedagogikk (HUM),Fakultet,6800,"IKT, Rekvisita & Utstyr",6xxx Drift,"IKT, Rekvisita & Utstyr - 2026-M05 (HUM)",225823.23,EMP-106,EMP-126,True,OK,2026_UiA_Full_Oct
TX-20644,2026-05-18,2026-M05,Q2,T2,HUM,Fakultet for humaniora og pedagogikk (HUM),Fakultet,6800,"IKT, Rekvisita & Utstyr",6xxx Drift,"IKT, Rekvisita & Utstyr - 2026-M05 (HUM)",270349.13,EMP-106,EMP-126,True,OK,2026_UiA_Full_Oct
TX-20645,2026-05-27,2026-M05,Q2,T2,HUM,Fakultet for humaniora og pedagogikk (HUM),Fakultet,6800,"IKT, Rekvisita & Utstyr",6xxx Drift,"IKT, Rekvisita & Utstyr - 2026-M05 (HUM)",915725.64,EMP-106,EMP-126,True,OK,2026_UiA_Full_Oct
TX-20646,2026-06-09,2026-M06,Q2,T2,HUM,Fakultet for humaniora og pedagogikk (HUM),Fakultet,6800,"IKT, Rekvisita & Utstyr",6xxx Drift,"IKT, Rekvisita & Utstyr - 2026-M06 (HUM)",649268.73,EMP-106,EMP-126,True,OK,2026_UiA_Full_Oct
TX-20647,2026-06-18,2026-M06,Q2,T2,HUM,Fakultet for humaniora og pedagogikk (HUM),Fakultet,6800,"IKT, Rekvisita & Utstyr",6xxx Drift,"IKT, Rekvisita & Utstyr - 2026-M06 (HUM)",450844.41,EMP-106,EMP-126,True,OK,2026_UiA_Full_Oct
TX-20648,2026-06-27,2026-M06,Q2,T2,HUM,Fakultet for humaniora og pedagogikk (HUM),Fakultet,6800,"IKT, Rekvisita & Utstyr",6xxx Drift,"IKT, Rekvisita & Utstyr - 2026-M06 (HUM)",290925.7,EMP-106,EMP-126,True,OK,2026_UiA_Full_Oct
TX-20649,2026-07-09,2026-M07,Q3,T2,HUM,Fakultet for humaniora og pedagogikk (HUM),Fakultet,6800,"IKT, Rekvisita & Utstyr",6xxx Drift,"IKT, Rekvisita & Utstyr - 2026-M07 (HUM)",653144.35,EMP-106,EMP-126,True,OK,2026_UiA_Full_Oct
TX-20650,2026-07-18,2026-M07,Q3,T2,HUM,Fakultet for humaniora og pedagogikk (HUM),Fakultet,6800,"IKT, Rekvisita & Utstyr",6xxx Drift,"IKT, Rekvisita & Utstyr - 2026-M07 (HUM)",513246.72,EMP-106,EMP-126,True,OK,2026_UiA_Full_Oct
TX-20651,2026-07-27,2026-M07,Q3,T2,HUM,Fakultet for humaniora og pedagogikk (HUM),Fakultet,6800,"IKT, Rekvisita & Utstyr",6xxx Drift,"IKT, Rekvisita & Utstyr - 2026-M07 (HUM)",220327.43,EMP-106,EMP-126,True,OK,2026_UiA_Full_Oct
TX-20652,2026-08-09,2026-M08,Q3,T2,HUM,Fakultet for humaniora og pedagogikk (HUM),Fakultet,6800,"IKT, Rekvisita & Utstyr",6xxx Drift,"IKT, Rekvisita & Utstyr - 2026-M08 (HUM)",643916.63,EMP-106,EMP-126,True,OK,2026_UiA_Full_Oct
TX-20653,2026-08-18,2026-M08,Q3,T2,HUM,Fakultet for humaniora og pedagogikk (HUM),Fakultet,6800,"IKT, Rekvisita & Utstyr",6xxx Drift,"IKT, Rekvisita & Utstyr - 2026-M08 (HUM)",464462.71,EMP-106,EMP-126,True,OK,2026_UiA_Full_Oct
TX-20654,2026-08-27,2026-M08,Q3,T2,HUM,Fakultet for humaniora og pedagogikk (HUM),Fakultet,6800,"IKT, Rekvisita & Utstyr",6xxx Drift,"IKT, Rekvisita & Utstyr - 2026-M08 (HUM)",299815.21,EMP-106,EMP-126,True,OK,2026_UiA_Full_Oct
TX-20655,2026-09-09,2026-M09,Q3,T3,HUM,Fakultet for humaniora og pedagogikk (HUM),Fakultet,6800,"IKT, Rekvisita & Utstyr",6xxx Drift,"IKT, Rekvisita & Utstyr - 2026-M09 (HUM)",759439.25,EMP-106,EMP-106,True,BRUDD: Egengodkjent (BDM == Attestant),2026_UiA_Full_Oct
TX-20656,2026-09-18,2026-M09,Q3,T3,HUM,Fakultet for humaniora og pedagogikk (HUM),Fakultet,6800,"IKT, Rekvisita & Utstyr",6xxx Drift,"IKT, Rekvisita & Utstyr - 2026-M09 (HUM)",11599.38,EMP-106,EMP-126,True,OK,2026_UiA_Full_Oct
TX-20657,2026-09-27,2026-M09,Q3,T3,HUM,Fakultet for humaniora og pedagogikk (HUM),Fakultet,6800,"IKT, Rekvisita & Utstyr",6xxx Drift,"IKT, Rekvisita & Utstyr - 2026-M09 (HUM)",636143.06,EMP-106,EMP-126,True,OK,2026_UiA_Full_Oct
TX-20658,2026-10-09,2026-M10,Q4,T3,HUM,Fakultet for humaniora og pedagogikk (HUM),Fakultet,6800,"IKT, Rekvisita & Utstyr",6xxx Drift,"IKT, Rekvisita & Utstyr - 2026-M10 (HUM)",655528.51,EMP-106,EMP-126,True,OK,2026_UiA_Full_Oct
TX-20659,2026-10-18,2026-M10,Q4,T3,HUM,Fakultet for humaniora og pedagogikk (HUM),Fakultet,6800,"IKT, Rekvisita & Utstyr",6xxx Drift,"IKT, Rekvisita & Utstyr - 2026-M10 (HUM)",639011.57,EMP-106,EMP-126,True,OK,2026_UiA_Full_Oct
TX-20660,2026-10-27,2026-M10,Q4,T3,HUM,Fakultet for humaniora og pedagogikk (HUM),Fakultet,6800,"IKT, Rekvisita & Utstyr",6xxx Drift,"IKT, Rekvisita & Utstyr - 2026-M10 (HUM)",101156.11,EMP-106,EMP-126,True,OK,2026_UiA_Full_Oct
TX-20661,2026-01-09,2026-M01,Q1,T1,HUM,Fakultet for humaniora og pedagogikk (HUM),Fakultet,7100,Reise & Representasjon,7xxx Reiser,Reise & Representasjon - 2026-M01 (HUM),657100.7,EMP-106,EMP-126,True,OK,2026_UiA_Full_Oct
TX-20662,2026-01-18,2026-M01,Q1,T1,HUM,Fakultet for humaniora og pedagogikk (HUM),Fakultet,7100,Reise & Representasjon,7xxx Reiser,Reise & Representasjon - 2026-M01 (HUM),71850.18,EMP-106,EMP-126,True,OK,2026_UiA_Full_Oct
TX-20663,2026-01-27,2026-M01,Q1,T1,HUM,Fakultet for humaniora og pedagogikk (HUM),Fakultet,7100,Reise & Representasjon,7xxx Reiser,Reise & Representasjon - 2026-M01 (HUM),146053.05,EMP-106,EMP-126,True,OK,2026_UiA_Full_Oct
TX-20664,2026-02-09,2026-M02,Q1,T1,HUM,Fakultet for humaniora og pedagogikk (HUM),Fakultet,7100,Reise & Representasjon,7xxx Reiser,Reise & Representasjon - 2026-M02 (HUM),426174.9,EMP-106,EMP-126,True,OK,2026_UiA_Full_Oct
TX-20665,2026-02-18,2026-M02,Q1,T1,HUM,Fakultet for humaniora og pedagogikk (HUM),Fakultet,7100,Reise & Representasjon,7xxx Reiser,Reise & Representasjon - 2026-M02 (HUM),116337.94,EMP-106,EMP-126,True,OK,2026_UiA_Full_Oct
TX-20666,2026-02-27,2026-M02,Q1,T1,HUM,Fakultet for humaniora og pedagogikk (HUM),Fakultet,7100,Reise & Representasjon,7xxx Reiser,Reise & Representasjon - 2026-M02 (HUM),332321.36,EMP-106,EMP-126,True,OK,2026_UiA_Full_Oct
TX-20667,2026-03-09,2026-M03,Q1,T1,HUM,Fakultet for humaniora og pedagogikk (HUM),Fakultet,7100,Reise & Representasjon,7xxx Reiser,Reise & Representasjon - 2026-M03 (HUM),213138.49,EMP-106,EMP-126,True,OK,2026_UiA_Full_Oct
TX-20668,2026-03-18,2026-M03,Q1,T1,HUM,Fakultet for humaniora og pedagogikk (HUM),Fakultet,7100,Reise & Representasjon,7xxx Reiser,Reise & Representasjon - 2026-M03 (HUM),402699.94,EMP-106,EMP-126,True,OK,2026_UiA_Full_Oct
TX-20669,2026-03-27,2026-M03,Q1,T1,HUM,Fakultet for humaniora og pedagogikk (HUM),Fakultet,7100,Reise & Representasjon,7xxx Reiser,Reise & Representasjon - 2026-M03 (HUM),254453.82,EMP-106,EMP-126,True,OK,2026_UiA_Full_Oct
TX-20670,2026-04-09,2026-M04,Q2,T1,HUM,Fakultet for humaniora og pedagogikk (HUM),Fakultet,7100,Reise & Representasjon,7xxx Reiser,Reise & Representasjon - 2026-M04 (HUM),244071.74,EMP-106,EMP-126,True,OK,2026_UiA_Full_Oct
TX-20671,2026-04-18,2026-M04,Q2,T1,HUM,Fakultet for humaniora og pedagogikk (HUM),Fakultet,7100,Reise & Representasjon,7xxx Reiser,Reise & Representasjon - 2026-M04 (HUM),304793.98,EMP-106,EMP-126,True,OK,2026_UiA_Full_Oct
TX-20672,2026-04-27,2026-M04,Q2,T1,HUM,Fakultet for humaniora og pedagogikk (HUM),Fakultet,7100,Reise & Representasjon,7xxx Reiser,Reise & Representasjon - 2026-M04 (HUM),316276.76,EMP-106,EMP-126,True,OK,2026_UiA_Full_Oct
TX-20673,2026-05-09,2026-M05,Q2,T2,HUM,Fakultet for humaniora og pedagogikk (HUM),Fakultet,7100,Reise & Representasjon,7xxx Reiser,Reise & Representasjon - 2026-M05 (HUM),131008.93,EMP-106,EMP-126,True,OK,2026_UiA_Full_Oct
TX-20674,2026-05-18,2026-M05,Q2,T2,HUM,Fakultet for humaniora og pedagogikk (HUM),Fakultet,7100,Reise & Representasjon,7xxx Reiser,Reise & Representasjon - 2026-M05 (HUM),368850.56,EMP-106,EMP-126,True,OK,2026_UiA_Full_Oct
TX-20675,2026-05-27,2026-M05,Q2,T2,HUM,Fakultet for humaniora og pedagogikk (HUM),Fakultet,7100,Reise & Representasjon,7xxx Reiser,Reise & Representasjon - 2026-M05 (HUM),373002.51,EMP-106,EMP-126,True,OK,2026_UiA_Full_Oct
TX-20676,2026-06-09,2026-M06,Q2,T2,HUM,Fakultet for humaniora og pedagogikk (HUM),Fakultet,7100,Reise & Representasjon,7xxx Reiser,Reise & Representasjon - 2026-M06 (HUM),36046.27,EMP-106,EMP-126,True,OK,2026_UiA_Full_Oct
TX-20677,2026-06-18,2026-M06,Q2,T2,HUM,Fakultet for humaniora og pedagogikk (HUM),Fakultet,7100,Reise & Representasjon,7xxx Reiser,Reise & Representasjon - 2026-M06 (HUM),216689.61,EMP-106,EMP-126,True,OK,2026_UiA_Full_Oct
TX-20678,2026-06-27,2026-M06,Q2,T2,HUM,Fakultet for humaniora og pedagogikk (HUM),Fakultet,7100,Reise & Representasjon,7xxx Reiser,Reise & Representasjon - 2026-M06 (HUM),610666.34,EMP-106,EMP-126,True,OK,2026_UiA_Full_Oct
TX-20679,2026-07-09,2026-M07,Q3,T2,HUM,Fakultet for humaniora og pedagogikk (HUM),Fakultet,7100,Reise & Representasjon,7xxx Reiser,Reise & Representasjon - 2026-M07 (HUM),253743.08,EMP-106,EMP-126,True,OK,2026_UiA_Full_Oct
TX-20680,2026-07-18,2026-M07,Q3,T2,HUM,Fakultet for humaniora og pedagogikk (HUM),Fakultet,7100,Reise & Representasjon,7xxx Reiser,Reise & Representasjon - 2026-M07 (HUM),4524.15,EMP-106,EMP-126,True,OK,2026_UiA_Full_Oct
TX-20681,2026-07-27,2026-M07,Q3,T2,HUM,Fakultet for humaniora og pedagogikk (HUM),Fakultet,7100,Reise & Representasjon,7xxx Reiser,Reise & Representasjon - 2026-M07 (HUM),621313.5,EMP-106,EMP-126,True,OK,2026_UiA_Full_Oct
TX-20682,2026-08-09,2026-M08,Q3,T2,HUM,Fakultet for humaniora og pedagogikk (HUM),Fakultet,7100,Reise & Representasjon,7xxx Reiser,Reise & Representasjon - 2026-M08 (HUM),507014.48,EMP-106,EMP-126,True,OK,2026_UiA_Full_Oct
TX-20683,2026-08-18,2026-M08,Q3,T2,HUM,Fakultet for humaniora og pedagogikk (HUM),Fakultet,7100,Reise & Representasjon,7xxx Reiser,Reise & Representasjon - 2026-M08 (HUM),175746.92,EMP-106,EMP-126,True,OK,2026_UiA_Full_Oct
TX-20684,2026-08-27,2026-M08,Q3,T2,HUM,Fakultet for humaniora og pedagogikk (HUM),Fakultet,7100,Reise & Representasjon,7xxx Reiser,Reise & Representasjon - 2026-M08 (HUM),202022.88,EMP-106,EMP-126,True,OK,2026_UiA_Full_Oct
TX-20685,2026-09-09,2026-M09,Q3,T3,HUM,Fakultet for humaniora og pedagogikk (HUM),Fakultet,7100,Reise & Representasjon,7xxx Reiser,Reise & Representasjon - 2026-M09 (HUM),131838.93,EMP-106,EMP-126,True,OK,2026_UiA_Full_Oct
TX-20686,2026-09-18,2026-M09,Q3,T3,HUM,Fakultet for humaniora og pedagogikk (HUM),Fakultet,7100,Reise & Representasjon,7xxx Reiser,Reise & Representasjon - 2026-M09 (HUM),642396.67,EMP-106,EMP-126,True,OK,2026_UiA_Full_Oct
TX-20687,2026-09-27,2026-M09,Q3,T3,HUM,Fakultet for humaniora og pedagogikk (HUM),Fakultet,7100,Reise & Representasjon,7xxx Reiser,Reise & Representasjon - 2026-M09 (HUM),94166.83,EMP-106,EMP-126,True,OK,2026_UiA_Full_Oct
TX-20688,2026-10-09,2026-M10,Q4,T3,HUM,Fakultet for humaniora og pedagogikk (HUM),Fakultet,7100,Reise & Representasjon,7xxx Reiser,Reise & Representasjon - 2026-M10 (HUM),137743.96,EMP-106,EMP-126,True,OK,2026_UiA_Full_Oct
TX-20689,2026-10-18,2026-M10,Q4,T3,HUM,Fakultet for humaniora og pedagogikk (HUM),Fakultet,7100,Reise & Representasjon,7xxx Reiser,Reise & Representasjon - 2026-M10 (HUM),211647.67,EMP-106,EMP-126,True,OK,2026_UiA_Full_Oct
TX-20690,2026-10-27,2026-M10,Q4,T3,HUM,Fakultet for humaniora og pedagogikk (HUM),Fakultet,7100,Reise & Representasjon,7xxx Reiser,Reise & Representasjon - 2026-M10 (HUM),514010.48,EMP-106,EMP-126,False,BRUDD: Mangler kvittering (>100 NOK),2026_UiA_Full_Oct
TX-20691,2026-01-09,2026-M01,Q1,T1,HUM,Fakultet for humaniora og pedagogikk (HUM),Fakultet,7800,Andre Driftskostnader & Konsulenter,7xxx Reiser,Andre Driftskostnader & Konsulenter - 2026-M01 (HUM),32895.39,EMP-106,EMP-126,True,OK,2026_UiA_Full_Oct
TX-20692,2026-01-18,2026-M01,Q1,T1,HUM,Fakultet for humaniora og pedagogikk (HUM),Fakultet,7800,Andre Driftskostnader & Konsulenter,7xxx Reiser,Andre Driftskostnader & Konsulenter - 2026-M01 (HUM),306366.7,EMP-106,EMP-126,True,OK,2026_UiA_Full_Oct
TX-20693,2026-01-27,2026-M01,Q1,T1,HUM,Fakultet for humaniora og pedagogikk (HUM),Fakultet,7800,Andre Driftskostnader & Konsulenter,7xxx Reiser,Andre Driftskostnader & Konsulenter - 2026-M01 (HUM),192289.66,EMP-106,EMP-126,True,OK,2026_UiA_Full_Oct
TX-20694,2026-02-09,2026-M02,Q1,T1,HUM,Fakultet for humaniora og pedagogikk (HUM),Fakultet,7800,Andre Driftskostnader & Konsulenter,7xxx Reiser,Andre Driftskostnader & Konsulenter - 2026-M02 (HUM),299322.35,EMP-106,EMP-126,True,OK,2026_UiA_Full_Oct
TX-20695,2026-02-18,2026-M02,Q1,T1,HUM,Fakultet for humaniora og pedagogikk (HUM),Fakultet,7800,Andre Driftskostnader & Konsulenter,7xxx Reiser,Andre Driftskostnader & Konsulenter - 2026-M02 (HUM),153612.1,EMP-106,EMP-126,True,OK,2026_UiA_Full_Oct
TX-20696,2026-02-27,2026-M02,Q1,T1,HUM,Fakultet for humaniora og pedagogikk (HUM),Fakultet,7800,Andre Driftskostnader & Konsulenter,7xxx Reiser,Andre Driftskostnader & Konsulenter - 2026-M02 (HUM),71282.08,EMP-106,EMP-126,True,OK,2026_UiA_Full_Oct
TX-20697,2026-03-09,2026-M03,Q1,T1,HUM,Fakultet for humaniora og pedagogikk (HUM),Fakultet,7800,Andre Driftskostnader & Konsulenter,7xxx Reiser,Andre Driftskostnader & Konsulenter - 2026-M03 (HUM),409326.77,EMP-106,EMP-126,True,OK,2026_UiA_Full_Oct
TX-20698,2026-03-18,2026-M03,Q1,T1,HUM,Fakultet for humaniora og pedagogikk (HUM),Fakultet,7800,Andre Driftskostnader & Konsulenter,7xxx Reiser,Andre Driftskostnader & Konsulenter - 2026-M03 (HUM),26113.79,EMP-106,EMP-126,True,OK,2026_UiA_Full_Oct
TX-20699,2026-03-27,2026-M03,Q1,T1,HUM,Fakultet for humaniora og pedagogikk (HUM),Fakultet,7800,Andre Driftskostnader & Konsulenter,7xxx Reiser,Andre Driftskostnader & Konsulenter - 2026-M03 (HUM),88900.38,EMP-106,EMP-126,True,OK,2026_UiA_Full_Oct
TX-20700,2026-04-09,2026-M04,Q2,T1,HUM,Fakultet for humaniora og pedagogikk (HUM),Fakultet,7800,Andre Driftskostnader & Konsulenter,7xxx Reiser,Andre Driftskostnader & Konsulenter - 2026-M04 (HUM),13034.36,EMP-106,EMP-126,True,OK,2026_UiA_Full_Oct
TX-20701,2026-04-18,2026-M04,Q2,T1,HUM,Fakultet for humaniora og pedagogikk (HUM),Fakultet,7800,Andre Driftskostnader & Konsulenter,7xxx Reiser,Andre Driftskostnader & Konsulenter - 2026-M04 (HUM),108050.34,EMP-106,EMP-126,True,OK,2026_UiA_Full_Oct
TX-20702,2026-04-27,2026-M04,Q2,T1,HUM,Fakultet for humaniora og pedagogikk (HUM),Fakultet,7800,Andre Driftskostnader & Konsulenter,7xxx Reiser,Andre Driftskostnader & Konsulenter - 2026-M04 (HUM),407500.7,EMP-106,EMP-126,True,OK,2026_UiA_Full_Oct
TX-20703,2026-05-09,2026-M05,Q2,T2,HUM,Fakultet for humaniora og pedagogikk (HUM),Fakultet,7800,Andre Driftskostnader & Konsulenter,7xxx Reiser,Andre Driftskostnader & Konsulenter - 2026-M05 (HUM),158568.73,EMP-106,EMP-126,True,OK,2026_UiA_Full_Oct
TX-20704,2026-05-18,2026-M05,Q2,T2,HUM,Fakultet for humaniora og pedagogikk (HUM),Fakultet,7800,Andre Driftskostnader & Konsulenter,7xxx Reiser,Andre Driftskostnader & Konsulenter - 2026-M05 (HUM),123059.43,EMP-106,EMP-126,True,OK,2026_UiA_Full_Oct
TX-20705,2026-05-27,2026-M05,Q2,T2,HUM,Fakultet for humaniora og pedagogikk (HUM),Fakultet,7800,Andre Driftskostnader & Konsulenter,7xxx Reiser,Andre Driftskostnader & Konsulenter - 2026-M05 (HUM),239448.8,EMP-106,EMP-126,True,OK,2026_UiA_Full_Oct
TX-20706,2026-06-09,2026-M06,Q2,T2,HUM,Fakultet for humaniora og pedagogikk (HUM),Fakultet,7800,Andre Driftskostnader & Konsulenter,7xxx Reiser,Andre Driftskostnader & Konsulenter - 2026-M06 (HUM),210381.56,EMP-106,EMP-126,True,OK,2026_UiA_Full_Oct
TX-20707,2026-06-18,2026-M06,Q2,T2,HUM,Fakultet for humaniora og pedagogikk (HUM),Fakultet,7800,Andre Driftskostnader & Konsulenter,7xxx Reiser,Andre Driftskostnader & Konsulenter - 2026-M06 (HUM),238172.63,EMP-106,EMP-126,True,OK,2026_UiA_Full_Oct
TX-20708,2026-06-27,2026-M06,Q2,T2,HUM,Fakultet for humaniora og pedagogikk (HUM),Fakultet,7800,Andre Driftskostnader & Konsulenter,7xxx Reiser,Andre Driftskostnader & Konsulenter - 2026-M06 (HUM),81921.06,EMP-106,EMP-126,True,OK,2026_UiA_Full_Oct
TX-20709,2026-07-09,2026-M07,Q3,T2,HUM,Fakultet for humaniora og pedagogikk (HUM),Fakultet,7800,Andre Driftskostnader & Konsulenter,7xxx Reiser,Andre Driftskostnader & Konsulenter - 2026-M07 (HUM),176159.96,EMP-106,EMP-126,True,OK,2026_UiA_Full_Oct
TX-20710,2026-07-18,2026-M07,Q3,T2,HUM,Fakultet for humaniora og pedagogikk (HUM),Fakultet,7800,Andre Driftskostnader & Konsulenter,7xxx Reiser,Andre Driftskostnader & Konsulenter - 2026-M07 (HUM),74767.61,EMP-106,EMP-126,True,OK,2026_UiA_Full_Oct
TX-20711,2026-07-27,2026-M07,Q3,T2,HUM,Fakultet for humaniora og pedagogikk (HUM),Fakultet,7800,Andre Driftskostnader & Konsulenter,7xxx Reiser,Andre Driftskostnader & Konsulenter - 2026-M07 (HUM),269422.66,EMP-106,EMP-126,True,OK,2026_UiA_Full_Oct
TX-20712,2026-08-09,2026-M08,Q3,T2,HUM,Fakultet for humaniora og pedagogikk (HUM),Fakultet,7800,Andre Driftskostnader & Konsulenter,7xxx Reiser,Andre Driftskostnader & Konsulenter - 2026-M08 (HUM),204682.23,EMP-106,EMP-126,True,OK,2026_UiA_Full_Oct
TX-20713,2026-08-18,2026-M08,Q3,T2,HUM,Fakultet for humaniora og pedagogikk (HUM),Fakultet,7800,Andre Driftskostnader & Konsulenter,7xxx Reiser,Andre Driftskostnader & Konsulenter - 2026-M08 (HUM),160704.69,EMP-106,EMP-126,True,OK,2026_UiA_Full_Oct
TX-20714,2026-08-27,2026-M08,Q3,T2,HUM,Fakultet for humaniora og pedagogikk (HUM),Fakultet,7800,Andre Driftskostnader & Konsulenter,7xxx Reiser,Andre Driftskostnader & Konsulenter - 2026-M08 (HUM),160731.1,EMP-106,EMP-126,True,OK,2026_UiA_Full_Oct
TX-20715,2026-09-09,2026-M09,Q3,T3,HUM,Fakultet for humaniora og pedagogikk (HUM),Fakultet,7800,Andre Driftskostnader & Konsulenter,7xxx Reiser,Andre Driftskostnader & Konsulenter - 2026-M09 (HUM),238645.58,EMP-106,EMP-126,True,OK,2026_UiA_Full_Oct
TX-20716,2026-09-18,2026-M09,Q3,T3,HUM,Fakultet for humaniora og pedagogikk (HUM),Fakultet,7800,Andre Driftskostnader & Konsulenter,7xxx Reiser,Andre Driftskostnader & Konsulenter - 2026-M09 (HUM),113769.65,EMP-106,EMP-126,True,OK,2026_UiA_Full_Oct
TX-20717,2026-09-27,2026-M09,Q3,T3,HUM,Fakultet for humaniora og pedagogikk (HUM),Fakultet,7800,Andre Driftskostnader & Konsulenter,7xxx Reiser,Andre Driftskostnader & Konsulenter - 2026-M09 (HUM),174204.26,EMP-106,EMP-126,True,OK,2026_UiA_Full_Oct
TX-20718,2026-10-09,2026-M10,Q4,T3,HUM,Fakultet for humaniora og pedagogikk (HUM),Fakultet,7800,Andre Driftskostnader & Konsulenter,7xxx Reiser,Andre Driftskostnader & Konsulenter - 2026-M10 (HUM),74116.06,EMP-106,EMP-126,True,OK,2026_UiA_Full_Oct
TX-20719,2026-10-18,2026-M10,Q4,T3,HUM,Fakultet for humaniora og pedagogikk (HUM),Fakultet,7800,Andre Driftskostnader & Konsulenter,7xxx Reiser,Andre Driftskostnader & Konsulenter - 2026-M10 (HUM),163643.4,EMP-106,EMP-126,True,OK,2026_UiA_Full_Oct
TX-20720,2026-10-27,2026-M10,Q4,T3,HUM,Fakultet for humaniora og pedagogikk (HUM),Fakultet,7800,Andre Driftskostnader & Konsulenter,7xxx Reiser,Andre Driftskostnader & Konsulenter - 2026-M10 (HUM),284878.6,EMP-106,EMP-126,True,OK,2026_UiA_Full_Oct
TX-20721,2026-01-09,2026-M01,Q1,T1,KUNST,Fakultet for kunstfag (KUNST),Fakultet,3000,Statlig Rammebevilgning (Kap 260.50),3xxx Inntekter,Statlig Rammebevilgning (Kap 260.50) - 2026-M01 (KUNST),-717608.17,EMP-102,EMP-122,True,OK,2026_UiA_Full_Oct
TX-20722,2026-01-18,2026-M01,Q1,T1,KUNST,Fakultet for kunstfag (KUNST),Fakultet,3000,Statlig Rammebevilgning (Kap 260.50),3xxx Inntekter,Statlig Rammebevilgning (Kap 260.50) - 2026-M01 (KUNST),-1130474.68,EMP-102,EMP-122,True,OK,2026_UiA_Full_Oct
TX-20723,2026-01-27,2026-M01,Q1,T1,KUNST,Fakultet for kunstfag (KUNST),Fakultet,3000,Statlig Rammebevilgning (Kap 260.50),3xxx Inntekter,Statlig Rammebevilgning (Kap 260.50) - 2026-M01 (KUNST),-5160193.35,EMP-102,EMP-122,True,OK,2026_UiA_Full_Oct
TX-20724,2026-02-09,2026-M02,Q1,T1,KUNST,Fakultet for kunstfag (KUNST),Fakultet,3000,Statlig Rammebevilgning (Kap 260.50),3xxx Inntekter,Statlig Rammebevilgning (Kap 260.50) - 2026-M02 (KUNST),-3783620.15,EMP-102,EMP-122,True,OK,2026_UiA_Full_Oct
TX-20725,2026-02-18,2026-M02,Q1,T1,KUNST,Fakultet for kunstfag (KUNST),Fakultet,3000,Statlig Rammebevilgning (Kap 260.50),3xxx Inntekter,Statlig Rammebevilgning (Kap 260.50) - 2026-M02 (KUNST),-1117220.57,EMP-102,EMP-122,True,OK,2026_UiA_Full_Oct
TX-20726,2026-02-27,2026-M02,Q1,T1,KUNST,Fakultet for kunstfag (KUNST),Fakultet,3000,Statlig Rammebevilgning (Kap 260.50),3xxx Inntekter,Statlig Rammebevilgning (Kap 260.50) - 2026-M02 (KUNST),-2091561.78,EMP-102,EMP-122,True,OK,2026_UiA_Full_Oct
TX-20727,2026-03-09,2026-M03,Q1,T1,KUNST,Fakultet for kunstfag (KUNST),Fakultet,3000,Statlig Rammebevilgning (Kap 260.50),3xxx Inntekter,Statlig Rammebevilgning (Kap 260.50) - 2026-M03 (KUNST),-2452587.67,EMP-102,EMP-122,True,OK,2026_UiA_Full_Oct
TX-20728,2026-03-18,2026-M03,Q1,T1,KUNST,Fakultet for kunstfag (KUNST),Fakultet,3000,Statlig Rammebevilgning (Kap 260.50),3xxx Inntekter,Statlig Rammebevilgning (Kap 260.50) - 2026-M03 (KUNST),-1907813.88,EMP-102,EMP-122,True,OK,2026_UiA_Full_Oct
TX-20729,2026-03-27,2026-M03,Q1,T1,KUNST,Fakultet for kunstfag (KUNST),Fakultet,3000,Statlig Rammebevilgning (Kap 260.50),3xxx Inntekter,Statlig Rammebevilgning (Kap 260.50) - 2026-M03 (KUNST),-2589202.45,EMP-102,EMP-122,True,OK,2026_UiA_Full_Oct
TX-20730,2026-04-09,2026-M04,Q2,T1,KUNST,Fakultet for kunstfag (KUNST),Fakultet,3000,Statlig Rammebevilgning (Kap 260.50),3xxx Inntekter,Statlig Rammebevilgning (Kap 260.50) - 2026-M04 (KUNST),-4416448.71,EMP-102,EMP-122,True,OK,2026_UiA_Full_Oct
TX-20731,2026-04-18,2026-M04,Q2,T1,KUNST,Fakultet for kunstfag (KUNST),Fakultet,3000,Statlig Rammebevilgning (Kap 260.50),3xxx Inntekter,Statlig Rammebevilgning (Kap 260.50) - 2026-M04 (KUNST),-2505730.3,EMP-102,EMP-122,True,OK,2026_UiA_Full_Oct
TX-20732,2026-04-27,2026-M04,Q2,T1,KUNST,Fakultet for kunstfag (KUNST),Fakultet,3000,Statlig Rammebevilgning (Kap 260.50),3xxx Inntekter,Statlig Rammebevilgning (Kap 260.50) - 2026-M04 (KUNST),-80891.04,EMP-102,EMP-122,True,OK,2026_UiA_Full_Oct
TX-20733,2026-05-09,2026-M05,Q2,T2,KUNST,Fakultet for kunstfag (KUNST),Fakultet,3000,Statlig Rammebevilgning (Kap 260.50),3xxx Inntekter,Statlig Rammebevilgning (Kap 260.50) - 2026-M05 (KUNST),-593037.74,EMP-102,EMP-122,True,OK,2026_UiA_Full_Oct
TX-20734,2026-05-18,2026-M05,Q2,T2,KUNST,Fakultet for kunstfag (KUNST),Fakultet,3000,Statlig Rammebevilgning (Kap 260.50),3xxx Inntekter,Statlig Rammebevilgning (Kap 260.50) - 2026-M05 (KUNST),-5997636.44,EMP-102,EMP-122,True,OK,2026_UiA_Full_Oct
TX-20735,2026-05-27,2026-M05,Q2,T2,KUNST,Fakultet for kunstfag (KUNST),Fakultet,3000,Statlig Rammebevilgning (Kap 260.50),3xxx Inntekter,Statlig Rammebevilgning (Kap 260.50) - 2026-M05 (KUNST),-243244.41,EMP-102,EMP-122,True,OK,2026_UiA_Full_Oct
TX-20736,2026-06-09,2026-M06,Q2,T2,KUNST,Fakultet for kunstfag (KUNST),Fakultet,3000,Statlig Rammebevilgning (Kap 260.50),3xxx Inntekter,Statlig Rammebevilgning (Kap 260.50) - 2026-M06 (KUNST),-3340769.67,EMP-102,EMP-122,True,OK,2026_UiA_Full_Oct
TX-20737,2026-06-18,2026-M06,Q2,T2,KUNST,Fakultet for kunstfag (KUNST),Fakultet,3000,Statlig Rammebevilgning (Kap 260.50),3xxx Inntekter,Statlig Rammebevilgning (Kap 260.50) - 2026-M06 (KUNST),-1929854.44,EMP-102,EMP-122,True,OK,2026_UiA_Full_Oct
TX-20738,2026-06-27,2026-M06,Q2,T2,KUNST,Fakultet for kunstfag (KUNST),Fakultet,3000,Statlig Rammebevilgning (Kap 260.50),3xxx Inntekter,Statlig Rammebevilgning (Kap 260.50) - 2026-M06 (KUNST),-1660390.46,EMP-102,EMP-122,True,OK,2026_UiA_Full_Oct
TX-20739,2026-07-09,2026-M07,Q3,T2,KUNST,Fakultet for kunstfag (KUNST),Fakultet,3000,Statlig Rammebevilgning (Kap 260.50),3xxx Inntekter,Statlig Rammebevilgning (Kap 260.50) - 2026-M07 (KUNST),-4509258.28,EMP-102,EMP-122,True,OK,2026_UiA_Full_Oct
TX-20740,2026-07-18,2026-M07,Q3,T2,KUNST,Fakultet for kunstfag (KUNST),Fakultet,3000,Statlig Rammebevilgning (Kap 260.50),3xxx Inntekter,Statlig Rammebevilgning (Kap 260.50) - 2026-M07 (KUNST),-761443.62,EMP-102,EMP-122,True,OK,2026_UiA_Full_Oct
TX-20741,2026-07-27,2026-M07,Q3,T2,KUNST,Fakultet for kunstfag (KUNST),Fakultet,3000,Statlig Rammebevilgning (Kap 260.50),3xxx Inntekter,Statlig Rammebevilgning (Kap 260.50) - 2026-M07 (KUNST),-1631275.45,EMP-102,EMP-122,True,OK,2026_UiA_Full_Oct
TX-20742,2026-08-09,2026-M08,Q3,T2,KUNST,Fakultet for kunstfag (KUNST),Fakultet,3000,Statlig Rammebevilgning (Kap 260.50),3xxx Inntekter,Statlig Rammebevilgning (Kap 260.50) - 2026-M08 (KUNST),-3139286.0,EMP-102,EMP-122,True,OK,2026_UiA_Full_Oct
TX-20743,2026-08-18,2026-M08,Q3,T2,KUNST,Fakultet for kunstfag (KUNST),Fakultet,3000,Statlig Rammebevilgning (Kap 260.50),3xxx Inntekter,Statlig Rammebevilgning (Kap 260.50) - 2026-M08 (KUNST),-3426143.88,EMP-102,EMP-122,True,OK,2026_UiA_Full_Oct
TX-20744,2026-08-27,2026-M08,Q3,T2,KUNST,Fakultet for kunstfag (KUNST),Fakultet,3000,Statlig Rammebevilgning (Kap 260.50),3xxx Inntekter,Statlig Rammebevilgning (Kap 260.50) - 2026-M08 (KUNST),-334304.83,EMP-102,EMP-122,True,OK,2026_UiA_Full_Oct
TX-20745,2026-09-09,2026-M09,Q3,T3,KUNST,Fakultet for kunstfag (KUNST),Fakultet,3000,Statlig Rammebevilgning (Kap 260.50),3xxx Inntekter,Statlig Rammebevilgning (Kap 260.50) - 2026-M09 (KUNST),-676643.95,EMP-102,EMP-122,True,OK,2026_UiA_Full_Oct
TX-20746,2026-09-18,2026-M09,Q3,T3,KUNST,Fakultet for kunstfag (KUNST),Fakultet,3000,Statlig Rammebevilgning (Kap 260.50),3xxx Inntekter,Statlig Rammebevilgning (Kap 260.50) - 2026-M09 (KUNST),-3043269.36,EMP-102,EMP-122,True,OK,2026_UiA_Full_Oct
TX-20747,2026-09-27,2026-M09,Q3,T3,KUNST,Fakultet for kunstfag (KUNST),Fakultet,3000,Statlig Rammebevilgning (Kap 260.50),3xxx Inntekter,Statlig Rammebevilgning (Kap 260.50) - 2026-M09 (KUNST),-3128601.7,EMP-102,EMP-122,True,OK,2026_UiA_Full_Oct
TX-20748,2026-10-09,2026-M10,Q4,T3,KUNST,Fakultet for kunstfag (KUNST),Fakultet,3000,Statlig Rammebevilgning (Kap 260.50),3xxx Inntekter,Statlig Rammebevilgning (Kap 260.50) - 2026-M10 (KUNST),-3585982.24,EMP-102,EMP-122,True,OK,2026_UiA_Full_Oct
TX-20749,2026-10-18,2026-M10,Q4,T3,KUNST,Fakultet for kunstfag (KUNST),Fakultet,3000,Statlig Rammebevilgning (Kap 260.50),3xxx Inntekter,Statlig Rammebevilgning (Kap 260.50) - 2026-M10 (KUNST),-1895475.83,EMP-102,EMP-122,True,OK,2026_UiA_Full_Oct
TX-20750,2026-10-27,2026-M10,Q4,T3,KUNST,Fakultet for kunstfag (KUNST),Fakultet,3000,Statlig Rammebevilgning (Kap 260.50),3xxx Inntekter,Statlig Rammebevilgning (Kap 260.50) - 2026-M10 (KUNST),-1391802.37,EMP-102,EMP-122,True,OK,2026_UiA_Full_Oct
TX-20751,2026-01-09,2026-M01,Q1,T1,KUNST,Fakultet for kunstfag (KUNST),Fakultet,3400,BOA Ekstern Prosjektstøtte (NFR/EU),3xxx Inntekter,BOA Ekstern Prosjektstøtte (NFR/EU) - 2026-M01 (KUNST),-79176.28,EMP-102,EMP-122,True,OK,2026_UiA_Full_Oct
TX-20752,2026-01-18,2026-M01,Q1,T1,KUNST,Fakultet for kunstfag (KUNST),Fakultet,3400,BOA Ekstern Prosjektstøtte (NFR/EU),3xxx Inntekter,BOA Ekstern Prosjektstøtte (NFR/EU) - 2026-M01 (KUNST),-1219438.76,EMP-102,EMP-122,True,OK,2026_UiA_Full_Oct
TX-20753,2026-01-27,2026-M01,Q1,T1,KUNST,Fakultet for kunstfag (KUNST),Fakultet,3400,BOA Ekstern Prosjektstøtte (NFR/EU),3xxx Inntekter,BOA Ekstern Prosjektstøtte (NFR/EU) - 2026-M01 (KUNST),-217736.32,EMP-102,EMP-122,True,OK,2026_UiA_Full_Oct
TX-20754,2026-02-09,2026-M02,Q1,T1,KUNST,Fakultet for kunstfag (KUNST),Fakultet,3400,BOA Ekstern Prosjektstøtte (NFR/EU),3xxx Inntekter,BOA Ekstern Prosjektstøtte (NFR/EU) - 2026-M02 (KUNST),-131733.41,EMP-102,EMP-122,True,OK,2026_UiA_Full_Oct
TX-20755,2026-02-18,2026-M02,Q1,T1,KUNST,Fakultet for kunstfag (KUNST),Fakultet,3400,BOA Ekstern Prosjektstøtte (NFR/EU),3xxx Inntekter,BOA Ekstern Prosjektstøtte (NFR/EU) - 2026-M02 (KUNST),-1057118.16,EMP-102,EMP-122,True,OK,2026_UiA_Full_Oct
TX-20756,2026-02-27,2026-M02,Q1,T1,KUNST,Fakultet for kunstfag (KUNST),Fakultet,3400,BOA Ekstern Prosjektstøtte (NFR/EU),3xxx Inntekter,BOA Ekstern Prosjektstøtte (NFR/EU) - 2026-M02 (KUNST),-327729.5,EMP-102,EMP-122,True,OK,2026_UiA_Full_Oct
TX-20757,2026-03-09,2026-M03,Q1,T1,KUNST,Fakultet for kunstfag (KUNST),Fakultet,3400,BOA Ekstern Prosjektstøtte (NFR/EU),3xxx Inntekter,BOA Ekstern Prosjektstøtte (NFR/EU) - 2026-M03 (KUNST),-114565.73,EMP-102,EMP-122,True,OK,2026_UiA_Full_Oct
TX-20758,2026-03-18,2026-M03,Q1,T1,KUNST,Fakultet for kunstfag (KUNST),Fakultet,3400,BOA Ekstern Prosjektstøtte (NFR/EU),3xxx Inntekter,BOA Ekstern Prosjektstøtte (NFR/EU) - 2026-M03 (KUNST),-29601.37,EMP-102,EMP-122,True,OK,2026_UiA_Full_Oct
TX-20759,2026-03-27,2026-M03,Q1,T1,KUNST,Fakultet for kunstfag (KUNST),Fakultet,3400,BOA Ekstern Prosjektstøtte (NFR/EU),3xxx Inntekter,BOA Ekstern Prosjektstøtte (NFR/EU) - 2026-M03 (KUNST),-1381978.64,EMP-102,EMP-122,True,OK,2026_UiA_Full_Oct
TX-20760,2026-04-09,2026-M04,Q2,T1,KUNST,Fakultet for kunstfag (KUNST),Fakultet,3400,BOA Ekstern Prosjektstøtte (NFR/EU),3xxx Inntekter,BOA Ekstern Prosjektstøtte (NFR/EU) - 2026-M04 (KUNST),-796846.61,EMP-102,EMP-122,True,OK,2026_UiA_Full_Oct
TX-20761,2026-04-18,2026-M04,Q2,T1,KUNST,Fakultet for kunstfag (KUNST),Fakultet,3400,BOA Ekstern Prosjektstøtte (NFR/EU),3xxx Inntekter,BOA Ekstern Prosjektstøtte (NFR/EU) - 2026-M04 (KUNST),-608786.01,EMP-102,EMP-122,True,OK,2026_UiA_Full_Oct
TX-20762,2026-04-27,2026-M04,Q2,T1,KUNST,Fakultet for kunstfag (KUNST),Fakultet,3400,BOA Ekstern Prosjektstøtte (NFR/EU),3xxx Inntekter,BOA Ekstern Prosjektstøtte (NFR/EU) - 2026-M04 (KUNST),-92705.3,EMP-102,EMP-122,True,OK,2026_UiA_Full_Oct
TX-20763,2026-05-09,2026-M05,Q2,T2,KUNST,Fakultet for kunstfag (KUNST),Fakultet,3400,BOA Ekstern Prosjektstøtte (NFR/EU),3xxx Inntekter,BOA Ekstern Prosjektstøtte (NFR/EU) - 2026-M05 (KUNST),-542024.01,EMP-102,EMP-122,True,OK,2026_UiA_Full_Oct
TX-20764,2026-05-18,2026-M05,Q2,T2,KUNST,Fakultet for kunstfag (KUNST),Fakultet,3400,BOA Ekstern Prosjektstøtte (NFR/EU),3xxx Inntekter,BOA Ekstern Prosjektstøtte (NFR/EU) - 2026-M05 (KUNST),-718646.02,EMP-102,EMP-122,True,OK,2026_UiA_Full_Oct
TX-20765,2026-05-27,2026-M05,Q2,T2,KUNST,Fakultet for kunstfag (KUNST),Fakultet,3400,BOA Ekstern Prosjektstøtte (NFR/EU),3xxx Inntekter,BOA Ekstern Prosjektstøtte (NFR/EU) - 2026-M05 (KUNST),-255429.02,EMP-102,EMP-122,True,OK,2026_UiA_Full_Oct
TX-20766,2026-06-09,2026-M06,Q2,T2,KUNST,Fakultet for kunstfag (KUNST),Fakultet,3400,BOA Ekstern Prosjektstøtte (NFR/EU),3xxx Inntekter,BOA Ekstern Prosjektstøtte (NFR/EU) - 2026-M06 (KUNST),-233798.85,EMP-102,EMP-122,True,OK,2026_UiA_Full_Oct
TX-20767,2026-06-18,2026-M06,Q2,T2,KUNST,Fakultet for kunstfag (KUNST),Fakultet,3400,BOA Ekstern Prosjektstøtte (NFR/EU),3xxx Inntekter,BOA Ekstern Prosjektstøtte (NFR/EU) - 2026-M06 (KUNST),-1048947.04,EMP-102,EMP-122,True,OK,2026_UiA_Full_Oct
TX-20768,2026-06-27,2026-M06,Q2,T2,KUNST,Fakultet for kunstfag (KUNST),Fakultet,3400,BOA Ekstern Prosjektstøtte (NFR/EU),3xxx Inntekter,BOA Ekstern Prosjektstøtte (NFR/EU) - 2026-M06 (KUNST),-244331.64,EMP-102,EMP-122,True,OK,2026_UiA_Full_Oct
TX-20769,2026-07-09,2026-M07,Q3,T2,KUNST,Fakultet for kunstfag (KUNST),Fakultet,3400,BOA Ekstern Prosjektstøtte (NFR/EU),3xxx Inntekter,BOA Ekstern Prosjektstøtte (NFR/EU) - 2026-M07 (KUNST),-6640.39,EMP-102,EMP-122,True,OK,2026_UiA_Full_Oct
TX-20770,2026-07-18,2026-M07,Q3,T2,KUNST,Fakultet for kunstfag (KUNST),Fakultet,3400,BOA Ekstern Prosjektstøtte (NFR/EU),3xxx Inntekter,BOA Ekstern Prosjektstøtte (NFR/EU) - 2026-M07 (KUNST),-48490.37,EMP-102,EMP-122,True,OK,2026_UiA_Full_Oct
TX-20771,2026-07-27,2026-M07,Q3,T2,KUNST,Fakultet for kunstfag (KUNST),Fakultet,3400,BOA Ekstern Prosjektstøtte (NFR/EU),3xxx Inntekter,BOA Ekstern Prosjektstøtte (NFR/EU) - 2026-M07 (KUNST),-1467824.53,EMP-102,EMP-122,True,OK,2026_UiA_Full_Oct
TX-20772,2026-08-09,2026-M08,Q3,T2,KUNST,Fakultet for kunstfag (KUNST),Fakultet,3400,BOA Ekstern Prosjektstøtte (NFR/EU),3xxx Inntekter,BOA Ekstern Prosjektstøtte (NFR/EU) - 2026-M08 (KUNST),-118953.87,EMP-102,EMP-122,True,OK,2026_UiA_Full_Oct
TX-20773,2026-08-18,2026-M08,Q3,T2,KUNST,Fakultet for kunstfag (KUNST),Fakultet,3400,BOA Ekstern Prosjektstøtte (NFR/EU),3xxx Inntekter,BOA Ekstern Prosjektstøtte (NFR/EU) - 2026-M08 (KUNST),-710770.34,EMP-102,EMP-122,True,OK,2026_UiA_Full_Oct
TX-20774,2026-08-27,2026-M08,Q3,T2,KUNST,Fakultet for kunstfag (KUNST),Fakultet,3400,BOA Ekstern Prosjektstøtte (NFR/EU),3xxx Inntekter,BOA Ekstern Prosjektstøtte (NFR/EU) - 2026-M08 (KUNST),-684638.93,EMP-102,EMP-122,True,OK,2026_UiA_Full_Oct
TX-20775,2026-09-09,2026-M09,Q3,T3,KUNST,Fakultet for kunstfag (KUNST),Fakultet,3400,BOA Ekstern Prosjektstøtte (NFR/EU),3xxx Inntekter,BOA Ekstern Prosjektstøtte (NFR/EU) - 2026-M09 (KUNST),-1074171.06,EMP-102,EMP-122,True,OK,2026_UiA_Full_Oct
TX-20776,2026-09-18,2026-M09,Q3,T3,KUNST,Fakultet for kunstfag (KUNST),Fakultet,3400,BOA Ekstern Prosjektstøtte (NFR/EU),3xxx Inntekter,BOA Ekstern Prosjektstøtte (NFR/EU) - 2026-M09 (KUNST),-219089.81,EMP-102,EMP-122,True,OK,2026_UiA_Full_Oct
TX-20777,2026-09-27,2026-M09,Q3,T3,KUNST,Fakultet for kunstfag (KUNST),Fakultet,3400,BOA Ekstern Prosjektstøtte (NFR/EU),3xxx Inntekter,BOA Ekstern Prosjektstøtte (NFR/EU) - 2026-M09 (KUNST),-235892.06,EMP-102,EMP-122,True,OK,2026_UiA_Full_Oct
TX-20778,2026-10-09,2026-M10,Q4,T3,KUNST,Fakultet for kunstfag (KUNST),Fakultet,3400,BOA Ekstern Prosjektstøtte (NFR/EU),3xxx Inntekter,BOA Ekstern Prosjektstøtte (NFR/EU) - 2026-M10 (KUNST),-179059.96,EMP-102,EMP-122,True,OK,2026_UiA_Full_Oct
TX-20779,2026-10-18,2026-M10,Q4,T3,KUNST,Fakultet for kunstfag (KUNST),Fakultet,3400,BOA Ekstern Prosjektstøtte (NFR/EU),3xxx Inntekter,BOA Ekstern Prosjektstøtte (NFR/EU) - 2026-M10 (KUNST),-935245.89,EMP-102,EMP-122,True,OK,2026_UiA_Full_Oct
TX-20780,2026-10-27,2026-M10,Q4,T3,KUNST,Fakultet for kunstfag (KUNST),Fakultet,3400,BOA Ekstern Prosjektstøtte (NFR/EU),3xxx Inntekter,BOA Ekstern Prosjektstøtte (NFR/EU) - 2026-M10 (KUNST),-402723.31,EMP-102,EMP-122,True,OK,2026_UiA_Full_Oct
TX-20781,2026-01-09,2026-M01,Q1,T1,KUNST,Fakultet for kunstfag (KUNST),Fakultet,5000,Fast Lønn & Sosiale Kostnader,5xxx Lønn,Fast Lønn & Sosiale Kostnader - 2026-M01 (KUNST),2150066.29,EMP-102,EMP-122,True,OK,2026_UiA_Full_Oct
TX-20782,2026-01-18,2026-M01,Q1,T1,KUNST,Fakultet for kunstfag (KUNST),Fakultet,5000,Fast Lønn & Sosiale Kostnader,5xxx Lønn,Fast Lønn & Sosiale Kostnader - 2026-M01 (KUNST),406362.4,EMP-102,EMP-122,True,OK,2026_UiA_Full_Oct
TX-20783,2026-01-27,2026-M01,Q1,T1,KUNST,Fakultet for kunstfag (KUNST),Fakultet,5000,Fast Lønn & Sosiale Kostnader,5xxx Lønn,Fast Lønn & Sosiale Kostnader - 2026-M01 (KUNST),2787502.63,EMP-102,EMP-122,True,OK,2026_UiA_Full_Oct
TX-20784,2026-02-09,2026-M02,Q1,T1,KUNST,Fakultet for kunstfag (KUNST),Fakultet,5000,Fast Lønn & Sosiale Kostnader,5xxx Lønn,Fast Lønn & Sosiale Kostnader - 2026-M02 (KUNST),939846.22,EMP-102,EMP-122,True,OK,2026_UiA_Full_Oct
TX-20785,2026-02-18,2026-M02,Q1,T1,KUNST,Fakultet for kunstfag (KUNST),Fakultet,5000,Fast Lønn & Sosiale Kostnader,5xxx Lønn,Fast Lønn & Sosiale Kostnader - 2026-M02 (KUNST),1032407.42,EMP-102,EMP-122,True,OK,2026_UiA_Full_Oct
TX-20786,2026-02-27,2026-M02,Q1,T1,KUNST,Fakultet for kunstfag (KUNST),Fakultet,5000,Fast Lønn & Sosiale Kostnader,5xxx Lønn,Fast Lønn & Sosiale Kostnader - 2026-M02 (KUNST),3351852.06,EMP-102,EMP-122,True,OK,2026_UiA_Full_Oct
TX-20787,2026-03-09,2026-M03,Q1,T1,KUNST,Fakultet for kunstfag (KUNST),Fakultet,5000,Fast Lønn & Sosiale Kostnader,5xxx Lønn,Fast Lønn & Sosiale Kostnader - 2026-M03 (KUNST),3052842.28,EMP-102,EMP-122,True,OK,2026_UiA_Full_Oct
TX-20788,2026-03-18,2026-M03,Q1,T1,KUNST,Fakultet for kunstfag (KUNST),Fakultet,5000,Fast Lønn & Sosiale Kostnader,5xxx Lønn,Fast Lønn & Sosiale Kostnader - 2026-M03 (KUNST),1972385.67,EMP-102,EMP-122,True,OK,2026_UiA_Full_Oct
TX-20789,2026-03-27,2026-M03,Q1,T1,KUNST,Fakultet for kunstfag (KUNST),Fakultet,5000,Fast Lønn & Sosiale Kostnader,5xxx Lønn,Fast Lønn & Sosiale Kostnader - 2026-M03 (KUNST),394370.17,EMP-102,EMP-122,True,OK,2026_UiA_Full_Oct
TX-20790,2026-04-09,2026-M04,Q2,T1,KUNST,Fakultet for kunstfag (KUNST),Fakultet,5000,Fast Lønn & Sosiale Kostnader,5xxx Lønn,Fast Lønn & Sosiale Kostnader - 2026-M04 (KUNST),2428719.99,EMP-102,EMP-122,True,OK,2026_UiA_Full_Oct
TX-20791,2026-04-18,2026-M04,Q2,T1,KUNST,Fakultet for kunstfag (KUNST),Fakultet,5000,Fast Lønn & Sosiale Kostnader,5xxx Lønn,Fast Lønn & Sosiale Kostnader - 2026-M04 (KUNST),67057.38,EMP-102,EMP-122,True,OK,2026_UiA_Full_Oct
TX-20792,2026-04-27,2026-M04,Q2,T1,KUNST,Fakultet for kunstfag (KUNST),Fakultet,5000,Fast Lønn & Sosiale Kostnader,5xxx Lønn,Fast Lønn & Sosiale Kostnader - 2026-M04 (KUNST),2907745.73,EMP-102,EMP-122,True,OK,2026_UiA_Full_Oct
TX-20793,2026-05-09,2026-M05,Q2,T2,KUNST,Fakultet for kunstfag (KUNST),Fakultet,5000,Fast Lønn & Sosiale Kostnader,5xxx Lønn,Fast Lønn & Sosiale Kostnader - 2026-M05 (KUNST),3238343.3,EMP-102,EMP-122,True,OK,2026_UiA_Full_Oct
TX-20794,2026-05-18,2026-M05,Q2,T2,KUNST,Fakultet for kunstfag (KUNST),Fakultet,5000,Fast Lønn & Sosiale Kostnader,5xxx Lønn,Fast Lønn & Sosiale Kostnader - 2026-M05 (KUNST),2128761.73,EMP-102,EMP-122,True,OK,2026_UiA_Full_Oct
TX-20795,2026-05-27,2026-M05,Q2,T2,KUNST,Fakultet for kunstfag (KUNST),Fakultet,5000,Fast Lønn & Sosiale Kostnader,5xxx Lønn,Fast Lønn & Sosiale Kostnader - 2026-M05 (KUNST),88461.28,EMP-102,EMP-122,True,OK,2026_UiA_Full_Oct
TX-20796,2026-06-09,2026-M06,Q2,T2,KUNST,Fakultet for kunstfag (KUNST),Fakultet,5000,Fast Lønn & Sosiale Kostnader,5xxx Lønn,Fast Lønn & Sosiale Kostnader - 2026-M06 (KUNST),1941405.55,EMP-102,EMP-122,True,OK,2026_UiA_Full_Oct
TX-20797,2026-06-18,2026-M06,Q2,T2,KUNST,Fakultet for kunstfag (KUNST),Fakultet,5000,Fast Lønn & Sosiale Kostnader,5xxx Lønn,Fast Lønn & Sosiale Kostnader - 2026-M06 (KUNST),721241.18,EMP-102,EMP-122,True,OK,2026_UiA_Full_Oct
TX-20798,2026-06-27,2026-M06,Q2,T2,KUNST,Fakultet for kunstfag (KUNST),Fakultet,5000,Fast Lønn & Sosiale Kostnader,5xxx Lønn,Fast Lønn & Sosiale Kostnader - 2026-M06 (KUNST),2792128.33,EMP-102,EMP-122,True,OK,2026_UiA_Full_Oct
TX-20799,2026-07-09,2026-M07,Q3,T2,KUNST,Fakultet for kunstfag (KUNST),Fakultet,5000,Fast Lønn & Sosiale Kostnader,5xxx Lønn,Fast Lønn & Sosiale Kostnader - 2026-M07 (KUNST),49249.64,EMP-102,EMP-122,True,OK,2026_UiA_Full_Oct
TX-20800,2026-07-18,2026-M07,Q3,T2,KUNST,Fakultet for kunstfag (KUNST),Fakultet,5000,Fast Lønn & Sosiale Kostnader,5xxx Lønn,Fast Lønn & Sosiale Kostnader - 2026-M07 (KUNST),2933248.81,EMP-102,EMP-122,True,OK,2026_UiA_Full_Oct
TX-20801,2026-07-27,2026-M07,Q3,T2,KUNST,Fakultet for kunstfag (KUNST),Fakultet,5000,Fast Lønn & Sosiale Kostnader,5xxx Lønn,Fast Lønn & Sosiale Kostnader - 2026-M07 (KUNST),2437887.45,EMP-102,EMP-122,True,OK,2026_UiA_Full_Oct
TX-20802,2026-08-09,2026-M08,Q3,T2,KUNST,Fakultet for kunstfag (KUNST),Fakultet,5000,Fast Lønn & Sosiale Kostnader,5xxx Lønn,Fast Lønn & Sosiale Kostnader - 2026-M08 (KUNST),26575.85,EMP-102,EMP-122,True,OK,2026_UiA_Full_Oct
TX-20803,2026-08-18,2026-M08,Q3,T2,KUNST,Fakultet for kunstfag (KUNST),Fakultet,5000,Fast Lønn & Sosiale Kostnader,5xxx Lønn,Fast Lønn & Sosiale Kostnader - 2026-M08 (KUNST),1636641.47,EMP-102,EMP-122,True,OK,2026_UiA_Full_Oct
TX-20804,2026-08-27,2026-M08,Q3,T2,KUNST,Fakultet for kunstfag (KUNST),Fakultet,5000,Fast Lønn & Sosiale Kostnader,5xxx Lønn,Fast Lønn & Sosiale Kostnader - 2026-M08 (KUNST),3802274.11,EMP-102,EMP-122,True,OK,2026_UiA_Full_Oct
TX-20805,2026-09-09,2026-M09,Q3,T3,KUNST,Fakultet for kunstfag (KUNST),Fakultet,5000,Fast Lønn & Sosiale Kostnader,5xxx Lønn,Fast Lønn & Sosiale Kostnader - 2026-M09 (KUNST),2138000.17,EMP-102,EMP-122,True,OK,2026_UiA_Full_Oct
TX-20806,2026-09-18,2026-M09,Q3,T3,KUNST,Fakultet for kunstfag (KUNST),Fakultet,5000,Fast Lønn & Sosiale Kostnader,5xxx Lønn,Fast Lønn & Sosiale Kostnader - 2026-M09 (KUNST),2175847.57,EMP-102,EMP-122,True,OK,2026_UiA_Full_Oct
TX-20807,2026-09-27,2026-M09,Q3,T3,KUNST,Fakultet for kunstfag (KUNST),Fakultet,5000,Fast Lønn & Sosiale Kostnader,5xxx Lønn,Fast Lønn & Sosiale Kostnader - 2026-M09 (KUNST),1130305.29,EMP-102,EMP-122,True,OK,2026_UiA_Full_Oct
TX-20808,2026-10-09,2026-M10,Q4,T3,KUNST,Fakultet for kunstfag (KUNST),Fakultet,5000,Fast Lønn & Sosiale Kostnader,5xxx Lønn,Fast Lønn & Sosiale Kostnader - 2026-M10 (KUNST),1113933.99,EMP-102,EMP-122,True,OK,2026_UiA_Full_Oct
TX-20809,2026-10-18,2026-M10,Q4,T3,KUNST,Fakultet for kunstfag (KUNST),Fakultet,5000,Fast Lønn & Sosiale Kostnader,5xxx Lønn,Fast Lønn & Sosiale Kostnader - 2026-M10 (KUNST),246199.47,EMP-102,EMP-122,True,OK,2026_UiA_Full_Oct
TX-20810,2026-10-27,2026-M10,Q4,T3,KUNST,Fakultet for kunstfag (KUNST),Fakultet,5000,Fast Lønn & Sosiale Kostnader,5xxx Lønn,Fast Lønn & Sosiale Kostnader - 2026-M10 (KUNST),4103262.46,EMP-102,EMP-122,True,OK,2026_UiA_Full_Oct
TX-20811,2026-01-09,2026-M01,Q1,T1,KUNST,Fakultet for kunstfag (KUNST),Fakultet,5330,Sensorhonorar & Timelønnede,5xxx Lønn,Sensorhonorar & Timelønnede - 2026-M01 (KUNST),361383.33,EMP-102,EMP-122,True,OK,2026_UiA_Full_Oct
TX-20812,2026-01-18,2026-M01,Q1,T1,KUNST,Fakultet for kunstfag (KUNST),Fakultet,5330,Sensorhonorar & Timelønnede,5xxx Lønn,Sensorhonorar & Timelønnede - 2026-M01 (KUNST),97983.29,EMP-102,EMP-122,True,OK,2026_UiA_Full_Oct
TX-20813,2026-01-27,2026-M01,Q1,T1,KUNST,Fakultet for kunstfag (KUNST),Fakultet,5330,Sensorhonorar & Timelønnede,5xxx Lønn,Sensorhonorar & Timelønnede - 2026-M01 (KUNST),40986.22,EMP-102,EMP-122,True,OK,2026_UiA_Full_Oct
TX-20814,2026-02-09,2026-M02,Q1,T1,KUNST,Fakultet for kunstfag (KUNST),Fakultet,5330,Sensorhonorar & Timelønnede,5xxx Lønn,Sensorhonorar & Timelønnede - 2026-M02 (KUNST),196203.54,EMP-102,EMP-122,True,OK,2026_UiA_Full_Oct
TX-20815,2026-02-18,2026-M02,Q1,T1,KUNST,Fakultet for kunstfag (KUNST),Fakultet,5330,Sensorhonorar & Timelønnede,5xxx Lønn,Sensorhonorar & Timelønnede - 2026-M02 (KUNST),162631.31,EMP-102,EMP-122,True,OK,2026_UiA_Full_Oct
TX-20816,2026-02-27,2026-M02,Q1,T1,KUNST,Fakultet for kunstfag (KUNST),Fakultet,5330,Sensorhonorar & Timelønnede,5xxx Lønn,Sensorhonorar & Timelønnede - 2026-M02 (KUNST),154253.15,EMP-102,EMP-122,True,OK,2026_UiA_Full_Oct
TX-20817,2026-03-09,2026-M03,Q1,T1,KUNST,Fakultet for kunstfag (KUNST),Fakultet,5330,Sensorhonorar & Timelønnede,5xxx Lønn,Sensorhonorar & Timelønnede - 2026-M03 (KUNST),252912.2,EMP-102,EMP-122,True,OK,2026_UiA_Full_Oct
TX-20818,2026-03-18,2026-M03,Q1,T1,KUNST,Fakultet for kunstfag (KUNST),Fakultet,5330,Sensorhonorar & Timelønnede,5xxx Lønn,Sensorhonorar & Timelønnede - 2026-M03 (KUNST),186046.51,EMP-102,EMP-122,True,OK,2026_UiA_Full_Oct
TX-20819,2026-03-27,2026-M03,Q1,T1,KUNST,Fakultet for kunstfag (KUNST),Fakultet,5330,Sensorhonorar & Timelønnede,5xxx Lønn,Sensorhonorar & Timelønnede - 2026-M03 (KUNST),72913.22,EMP-102,EMP-122,True,OK,2026_UiA_Full_Oct
TX-20820,2026-04-09,2026-M04,Q2,T1,KUNST,Fakultet for kunstfag (KUNST),Fakultet,5330,Sensorhonorar & Timelønnede,5xxx Lønn,Sensorhonorar & Timelønnede - 2026-M04 (KUNST),78801.22,EMP-102,EMP-122,True,OK,2026_UiA_Full_Oct
TX-20821,2026-04-18,2026-M04,Q2,T1,KUNST,Fakultet for kunstfag (KUNST),Fakultet,5330,Sensorhonorar & Timelønnede,5xxx Lønn,Sensorhonorar & Timelønnede - 2026-M04 (KUNST),411657.04,EMP-102,EMP-122,True,OK,2026_UiA_Full_Oct
TX-20822,2026-04-27,2026-M04,Q2,T1,KUNST,Fakultet for kunstfag (KUNST),Fakultet,5330,Sensorhonorar & Timelønnede,5xxx Lønn,Sensorhonorar & Timelønnede - 2026-M04 (KUNST),10039.84,EMP-102,EMP-122,True,OK,2026_UiA_Full_Oct
TX-20823,2026-05-09,2026-M05,Q2,T2,KUNST,Fakultet for kunstfag (KUNST),Fakultet,5330,Sensorhonorar & Timelønnede,5xxx Lønn,Sensorhonorar & Timelønnede - 2026-M05 (KUNST),77043.62,EMP-102,EMP-122,True,OK,2026_UiA_Full_Oct
TX-20824,2026-05-18,2026-M05,Q2,T2,KUNST,Fakultet for kunstfag (KUNST),Fakultet,5330,Sensorhonorar & Timelønnede,5xxx Lønn,Sensorhonorar & Timelønnede - 2026-M05 (KUNST),217084.67,EMP-102,EMP-122,True,OK,2026_UiA_Full_Oct
TX-20825,2026-05-27,2026-M05,Q2,T2,KUNST,Fakultet for kunstfag (KUNST),Fakultet,5330,Sensorhonorar & Timelønnede,5xxx Lønn,Sensorhonorar & Timelønnede - 2026-M05 (KUNST),204251.79,EMP-102,EMP-122,True,OK,2026_UiA_Full_Oct
TX-20826,2026-06-09,2026-M06,Q2,T2,KUNST,Fakultet for kunstfag (KUNST),Fakultet,5330,Sensorhonorar & Timelønnede,5xxx Lønn,Sensorhonorar & Timelønnede - 2026-M06 (KUNST),308498.25,EMP-102,EMP-122,True,OK,2026_UiA_Full_Oct
TX-20827,2026-06-18,2026-M06,Q2,T2,KUNST,Fakultet for kunstfag (KUNST),Fakultet,5330,Sensorhonorar & Timelønnede,5xxx Lønn,Sensorhonorar & Timelønnede - 2026-M06 (KUNST),140341.14,EMP-102,EMP-122,True,OK,2026_UiA_Full_Oct
TX-20828,2026-06-27,2026-M06,Q2,T2,KUNST,Fakultet for kunstfag (KUNST),Fakultet,5330,Sensorhonorar & Timelønnede,5xxx Lønn,Sensorhonorar & Timelønnede - 2026-M06 (KUNST),56036.05,EMP-102,EMP-122,True,OK,2026_UiA_Full_Oct
TX-20829,2026-07-09,2026-M07,Q3,T2,KUNST,Fakultet for kunstfag (KUNST),Fakultet,5330,Sensorhonorar & Timelønnede,5xxx Lønn,Sensorhonorar & Timelønnede - 2026-M07 (KUNST),47054.03,EMP-102,EMP-122,True,OK,2026_UiA_Full_Oct
TX-20830,2026-07-18,2026-M07,Q3,T2,KUNST,Fakultet for kunstfag (KUNST),Fakultet,5330,Sensorhonorar & Timelønnede,5xxx Lønn,Sensorhonorar & Timelønnede - 2026-M07 (KUNST),355882.7,EMP-102,EMP-122,True,OK,2026_UiA_Full_Oct
TX-20831,2026-07-27,2026-M07,Q3,T2,KUNST,Fakultet for kunstfag (KUNST),Fakultet,5330,Sensorhonorar & Timelønnede,5xxx Lønn,Sensorhonorar & Timelønnede - 2026-M07 (KUNST),105736.98,EMP-102,EMP-122,True,OK,2026_UiA_Full_Oct
TX-20832,2026-08-09,2026-M08,Q3,T2,KUNST,Fakultet for kunstfag (KUNST),Fakultet,5330,Sensorhonorar & Timelønnede,5xxx Lønn,Sensorhonorar & Timelønnede - 2026-M08 (KUNST),151507.17,EMP-102,EMP-122,True,OK,2026_UiA_Full_Oct
TX-20833,2026-08-18,2026-M08,Q3,T2,KUNST,Fakultet for kunstfag (KUNST),Fakultet,5330,Sensorhonorar & Timelønnede,5xxx Lønn,Sensorhonorar & Timelønnede - 2026-M08 (KUNST),99192.92,EMP-102,EMP-122,True,OK,2026_UiA_Full_Oct
TX-20834,2026-08-27,2026-M08,Q3,T2,KUNST,Fakultet for kunstfag (KUNST),Fakultet,5330,Sensorhonorar & Timelønnede,5xxx Lønn,Sensorhonorar & Timelønnede - 2026-M08 (KUNST),256046.1,EMP-102,EMP-122,True,OK,2026_UiA_Full_Oct
TX-20835,2026-09-09,2026-M09,Q3,T3,KUNST,Fakultet for kunstfag (KUNST),Fakultet,5330,Sensorhonorar & Timelønnede,5xxx Lønn,Sensorhonorar & Timelønnede - 2026-M09 (KUNST),411798.29,EMP-102,EMP-122,True,OK,2026_UiA_Full_Oct
TX-20836,2026-09-18,2026-M09,Q3,T3,KUNST,Fakultet for kunstfag (KUNST),Fakultet,5330,Sensorhonorar & Timelønnede,5xxx Lønn,Sensorhonorar & Timelønnede - 2026-M09 (KUNST),80946.74,EMP-102,EMP-122,True,OK,2026_UiA_Full_Oct
TX-20837,2026-09-27,2026-M09,Q3,T3,KUNST,Fakultet for kunstfag (KUNST),Fakultet,5330,Sensorhonorar & Timelønnede,5xxx Lønn,Sensorhonorar & Timelønnede - 2026-M09 (KUNST),15151.92,EMP-102,EMP-122,True,OK,2026_UiA_Full_Oct
TX-20838,2026-10-09,2026-M10,Q4,T3,KUNST,Fakultet for kunstfag (KUNST),Fakultet,5330,Sensorhonorar & Timelønnede,5xxx Lønn,Sensorhonorar & Timelønnede - 2026-M10 (KUNST),77804.97,EMP-102,EMP-122,True,OK,2026_UiA_Full_Oct
TX-20839,2026-10-18,2026-M10,Q4,T3,KUNST,Fakultet for kunstfag (KUNST),Fakultet,5330,Sensorhonorar & Timelønnede,5xxx Lønn,Sensorhonorar & Timelønnede - 2026-M10 (KUNST),164737.03,EMP-102,EMP-122,True,OK,2026_UiA_Full_Oct
TX-20840,2026-10-27,2026-M10,Q4,T3,KUNST,Fakultet for kunstfag (KUNST),Fakultet,5330,Sensorhonorar & Timelønnede,5xxx Lønn,Sensorhonorar & Timelønnede - 2026-M10 (KUNST),256550.95,EMP-102,EMP-122,True,OK,2026_UiA_Full_Oct
TX-20841,2026-01-09,2026-M01,Q1,T1,KUNST,Fakultet for kunstfag (KUNST),Fakultet,6000,Husleie & Eiendomsdrift,6xxx Drift,Husleie & Eiendomsdrift - 2026-M01 (KUNST),756952.56,EMP-102,EMP-122,True,OK,2026_UiA_Full_Oct
TX-20842,2026-01-18,2026-M01,Q1,T1,KUNST,Fakultet for kunstfag (KUNST),Fakultet,6000,Husleie & Eiendomsdrift,6xxx Drift,Husleie & Eiendomsdrift - 2026-M01 (KUNST),354158.74,EMP-102,EMP-122,True,OK,2026_UiA_Full_Oct
TX-20843,2026-01-27,2026-M01,Q1,T1,KUNST,Fakultet for kunstfag (KUNST),Fakultet,6000,Husleie & Eiendomsdrift,6xxx Drift,Husleie & Eiendomsdrift - 2026-M01 (KUNST),53929.22,EMP-102,EMP-122,True,OK,2026_UiA_Full_Oct
TX-20844,2026-02-09,2026-M02,Q1,T1,KUNST,Fakultet for kunstfag (KUNST),Fakultet,6000,Husleie & Eiendomsdrift,6xxx Drift,Husleie & Eiendomsdrift - 2026-M02 (KUNST),414702.11,EMP-102,EMP-122,True,OK,2026_UiA_Full_Oct
TX-20845,2026-02-18,2026-M02,Q1,T1,KUNST,Fakultet for kunstfag (KUNST),Fakultet,6000,Husleie & Eiendomsdrift,6xxx Drift,Husleie & Eiendomsdrift - 2026-M02 (KUNST),290595.54,EMP-102,EMP-122,True,OK,2026_UiA_Full_Oct
TX-20846,2026-02-27,2026-M02,Q1,T1,KUNST,Fakultet for kunstfag (KUNST),Fakultet,6000,Husleie & Eiendomsdrift,6xxx Drift,Husleie & Eiendomsdrift - 2026-M02 (KUNST),466733.45,EMP-102,EMP-122,True,OK,2026_UiA_Full_Oct
TX-20847,2026-03-09,2026-M03,Q1,T1,KUNST,Fakultet for kunstfag (KUNST),Fakultet,6000,Husleie & Eiendomsdrift,6xxx Drift,Husleie & Eiendomsdrift - 2026-M03 (KUNST),488127.55,EMP-102,EMP-122,True,OK,2026_UiA_Full_Oct
TX-20848,2026-03-18,2026-M03,Q1,T1,KUNST,Fakultet for kunstfag (KUNST),Fakultet,6000,Husleie & Eiendomsdrift,6xxx Drift,Husleie & Eiendomsdrift - 2026-M03 (KUNST),655525.43,EMP-102,EMP-122,True,OK,2026_UiA_Full_Oct
TX-20849,2026-03-27,2026-M03,Q1,T1,KUNST,Fakultet for kunstfag (KUNST),Fakultet,6000,Husleie & Eiendomsdrift,6xxx Drift,Husleie & Eiendomsdrift - 2026-M03 (KUNST),27350.49,EMP-102,EMP-122,True,OK,2026_UiA_Full_Oct
TX-20850,2026-04-09,2026-M04,Q2,T1,KUNST,Fakultet for kunstfag (KUNST),Fakultet,6000,Husleie & Eiendomsdrift,6xxx Drift,Husleie & Eiendomsdrift - 2026-M04 (KUNST),910206.09,EMP-102,EMP-122,True,OK,2026_UiA_Full_Oct
TX-20851,2026-04-18,2026-M04,Q2,T1,KUNST,Fakultet for kunstfag (KUNST),Fakultet,6000,Husleie & Eiendomsdrift,6xxx Drift,Husleie & Eiendomsdrift - 2026-M04 (KUNST),70296.37,EMP-102,EMP-122,True,OK,2026_UiA_Full_Oct
TX-20852,2026-04-27,2026-M04,Q2,T1,KUNST,Fakultet for kunstfag (KUNST),Fakultet,6000,Husleie & Eiendomsdrift,6xxx Drift,Husleie & Eiendomsdrift - 2026-M04 (KUNST),204326.58,EMP-102,EMP-122,True,OK,2026_UiA_Full_Oct
TX-20853,2026-05-09,2026-M05,Q2,T2,KUNST,Fakultet for kunstfag (KUNST),Fakultet,6000,Husleie & Eiendomsdrift,6xxx Drift,Husleie & Eiendomsdrift - 2026-M05 (KUNST),743677.32,EMP-102,EMP-122,True,OK,2026_UiA_Full_Oct
TX-20854,2026-05-18,2026-M05,Q2,T2,KUNST,Fakultet for kunstfag (KUNST),Fakultet,6000,Husleie & Eiendomsdrift,6xxx Drift,Husleie & Eiendomsdrift - 2026-M05 (KUNST),329148.0,EMP-102,EMP-122,True,OK,2026_UiA_Full_Oct
TX-20855,2026-05-27,2026-M05,Q2,T2,KUNST,Fakultet for kunstfag (KUNST),Fakultet,6000,Husleie & Eiendomsdrift,6xxx Drift,Husleie & Eiendomsdrift - 2026-M05 (KUNST),91376.42,EMP-102,EMP-122,True,OK,2026_UiA_Full_Oct
TX-20856,2026-06-09,2026-M06,Q2,T2,KUNST,Fakultet for kunstfag (KUNST),Fakultet,6000,Husleie & Eiendomsdrift,6xxx Drift,Husleie & Eiendomsdrift - 2026-M06 (KUNST),511209.49,EMP-102,EMP-122,True,OK,2026_UiA_Full_Oct
TX-20857,2026-06-18,2026-M06,Q2,T2,KUNST,Fakultet for kunstfag (KUNST),Fakultet,6000,Husleie & Eiendomsdrift,6xxx Drift,Husleie & Eiendomsdrift - 2026-M06 (KUNST),531704.73,EMP-102,EMP-122,True,OK,2026_UiA_Full_Oct
TX-20858,2026-06-27,2026-M06,Q2,T2,KUNST,Fakultet for kunstfag (KUNST),Fakultet,6000,Husleie & Eiendomsdrift,6xxx Drift,Husleie & Eiendomsdrift - 2026-M06 (KUNST),122314.81,EMP-102,EMP-122,True,OK,2026_UiA_Full_Oct
TX-20859,2026-07-09,2026-M07,Q3,T2,KUNST,Fakultet for kunstfag (KUNST),Fakultet,6000,Husleie & Eiendomsdrift,6xxx Drift,Husleie & Eiendomsdrift - 2026-M07 (KUNST),697068.51,EMP-102,EMP-122,True,OK,2026_UiA_Full_Oct
TX-20860,2026-07-18,2026-M07,Q3,T2,KUNST,Fakultet for kunstfag (KUNST),Fakultet,6000,Husleie & Eiendomsdrift,6xxx Drift,Husleie & Eiendomsdrift - 2026-M07 (KUNST),267383.36,EMP-102,EMP-122,True,OK,2026_UiA_Full_Oct
TX-20861,2026-07-27,2026-M07,Q3,T2,KUNST,Fakultet for kunstfag (KUNST),Fakultet,6000,Husleie & Eiendomsdrift,6xxx Drift,Husleie & Eiendomsdrift - 2026-M07 (KUNST),207415.88,EMP-102,EMP-122,True,OK,2026_UiA_Full_Oct
TX-20862,2026-08-09,2026-M08,Q3,T2,KUNST,Fakultet for kunstfag (KUNST),Fakultet,6000,Husleie & Eiendomsdrift,6xxx Drift,Husleie & Eiendomsdrift - 2026-M08 (KUNST),302366.96,EMP-102,EMP-122,True,OK,2026_UiA_Full_Oct
TX-20863,2026-08-18,2026-M08,Q3,T2,KUNST,Fakultet for kunstfag (KUNST),Fakultet,6000,Husleie & Eiendomsdrift,6xxx Drift,Husleie & Eiendomsdrift - 2026-M08 (KUNST),575351.19,EMP-102,EMP-122,True,OK,2026_UiA_Full_Oct
TX-20864,2026-08-27,2026-M08,Q3,T2,KUNST,Fakultet for kunstfag (KUNST),Fakultet,6000,Husleie & Eiendomsdrift,6xxx Drift,Husleie & Eiendomsdrift - 2026-M08 (KUNST),294695.73,EMP-102,EMP-122,True,OK,2026_UiA_Full_Oct
TX-20865,2026-09-09,2026-M09,Q3,T3,KUNST,Fakultet for kunstfag (KUNST),Fakultet,6000,Husleie & Eiendomsdrift,6xxx Drift,Husleie & Eiendomsdrift - 2026-M09 (KUNST),832278.67,EMP-102,EMP-122,True,OK,2026_UiA_Full_Oct
TX-20866,2026-09-18,2026-M09,Q3,T3,KUNST,Fakultet for kunstfag (KUNST),Fakultet,6000,Husleie & Eiendomsdrift,6xxx Drift,Husleie & Eiendomsdrift - 2026-M09 (KUNST),295561.26,EMP-102,EMP-122,True,OK,2026_UiA_Full_Oct
TX-20867,2026-09-27,2026-M09,Q3,T3,KUNST,Fakultet for kunstfag (KUNST),Fakultet,6000,Husleie & Eiendomsdrift,6xxx Drift,Husleie & Eiendomsdrift - 2026-M09 (KUNST),56243.91,EMP-102,EMP-122,True,OK,2026_UiA_Full_Oct
TX-20868,2026-10-09,2026-M10,Q4,T3,KUNST,Fakultet for kunstfag (KUNST),Fakultet,6000,Husleie & Eiendomsdrift,6xxx Drift,Husleie & Eiendomsdrift - 2026-M10 (KUNST),265215.36,EMP-102,EMP-122,True,OK,2026_UiA_Full_Oct
TX-20869,2026-10-18,2026-M10,Q4,T3,KUNST,Fakultet for kunstfag (KUNST),Fakultet,6000,Husleie & Eiendomsdrift,6xxx Drift,Husleie & Eiendomsdrift - 2026-M10 (KUNST),158376.98,EMP-102,EMP-122,True,OK,2026_UiA_Full_Oct
TX-20870,2026-10-27,2026-M10,Q4,T3,KUNST,Fakultet for kunstfag (KUNST),Fakultet,6000,Husleie & Eiendomsdrift,6xxx Drift,Husleie & Eiendomsdrift - 2026-M10 (KUNST),753296.44,EMP-102,EMP-122,True,OK,2026_UiA_Full_Oct
TX-20871,2026-01-09,2026-M01,Q1,T1,KUNST,Fakultet for kunstfag (KUNST),Fakultet,6800,"IKT, Rekvisita & Utstyr",6xxx Drift,"IKT, Rekvisita & Utstyr - 2026-M01 (KUNST)",202380.93,EMP-102,EMP-122,True,OK,2026_UiA_Full_Oct
TX-20872,2026-01-18,2026-M01,Q1,T1,KUNST,Fakultet for kunstfag (KUNST),Fakultet,6800,"IKT, Rekvisita & Utstyr",6xxx Drift,"IKT, Rekvisita & Utstyr - 2026-M01 (KUNST)",348522.85,EMP-102,EMP-122,True,OK,2026_UiA_Full_Oct
TX-20873,2026-01-27,2026-M01,Q1,T1,KUNST,Fakultet for kunstfag (KUNST),Fakultet,6800,"IKT, Rekvisita & Utstyr",6xxx Drift,"IKT, Rekvisita & Utstyr - 2026-M01 (KUNST)",126370.56,EMP-102,EMP-122,True,OK,2026_UiA_Full_Oct
TX-20874,2026-02-09,2026-M02,Q1,T1,KUNST,Fakultet for kunstfag (KUNST),Fakultet,6800,"IKT, Rekvisita & Utstyr",6xxx Drift,"IKT, Rekvisita & Utstyr - 2026-M02 (KUNST)",221336.25,EMP-102,EMP-122,True,OK,2026_UiA_Full_Oct
TX-20875,2026-02-18,2026-M02,Q1,T1,KUNST,Fakultet for kunstfag (KUNST),Fakultet,6800,"IKT, Rekvisita & Utstyr",6xxx Drift,"IKT, Rekvisita & Utstyr - 2026-M02 (KUNST)",22621.56,EMP-102,EMP-122,True,OK,2026_UiA_Full_Oct
TX-20876,2026-02-27,2026-M02,Q1,T1,KUNST,Fakultet for kunstfag (KUNST),Fakultet,6800,"IKT, Rekvisita & Utstyr",6xxx Drift,"IKT, Rekvisita & Utstyr - 2026-M02 (KUNST)",424036.2,EMP-102,EMP-122,True,OK,2026_UiA_Full_Oct
TX-20877,2026-03-09,2026-M03,Q1,T1,KUNST,Fakultet for kunstfag (KUNST),Fakultet,6800,"IKT, Rekvisita & Utstyr",6xxx Drift,"IKT, Rekvisita & Utstyr - 2026-M03 (KUNST)",334606.17,EMP-102,EMP-122,True,OK,2026_UiA_Full_Oct
TX-20878,2026-03-18,2026-M03,Q1,T1,KUNST,Fakultet for kunstfag (KUNST),Fakultet,6800,"IKT, Rekvisita & Utstyr",6xxx Drift,"IKT, Rekvisita & Utstyr - 2026-M03 (KUNST)",334225.53,EMP-102,EMP-122,True,OK,2026_UiA_Full_Oct
TX-20879,2026-03-27,2026-M03,Q1,T1,KUNST,Fakultet for kunstfag (KUNST),Fakultet,6800,"IKT, Rekvisita & Utstyr",6xxx Drift,"IKT, Rekvisita & Utstyr - 2026-M03 (KUNST)",10278.76,EMP-102,EMP-122,True,OK,2026_UiA_Full_Oct
TX-20880,2026-04-09,2026-M04,Q2,T1,KUNST,Fakultet for kunstfag (KUNST),Fakultet,6800,"IKT, Rekvisita & Utstyr",6xxx Drift,"IKT, Rekvisita & Utstyr - 2026-M04 (KUNST)",336233.03,EMP-102,EMP-122,True,OK,2026_UiA_Full_Oct
TX-20881,2026-04-18,2026-M04,Q2,T1,KUNST,Fakultet for kunstfag (KUNST),Fakultet,6800,"IKT, Rekvisita & Utstyr",6xxx Drift,"IKT, Rekvisita & Utstyr - 2026-M04 (KUNST)",250661.35,EMP-102,EMP-122,True,OK,2026_UiA_Full_Oct
TX-20882,2026-04-27,2026-M04,Q2,T1,KUNST,Fakultet for kunstfag (KUNST),Fakultet,6800,"IKT, Rekvisita & Utstyr",6xxx Drift,"IKT, Rekvisita & Utstyr - 2026-M04 (KUNST)",96697.32,EMP-102,EMP-122,True,OK,2026_UiA_Full_Oct
TX-20883,2026-05-09,2026-M05,Q2,T2,KUNST,Fakultet for kunstfag (KUNST),Fakultet,6800,"IKT, Rekvisita & Utstyr",6xxx Drift,"IKT, Rekvisita & Utstyr - 2026-M05 (KUNST)",60174.16,EMP-102,EMP-122,True,OK,2026_UiA_Full_Oct
TX-20884,2026-05-18,2026-M05,Q2,T2,KUNST,Fakultet for kunstfag (KUNST),Fakultet,6800,"IKT, Rekvisita & Utstyr",6xxx Drift,"IKT, Rekvisita & Utstyr - 2026-M05 (KUNST)",348389.1,EMP-102,EMP-122,True,OK,2026_UiA_Full_Oct
TX-20885,2026-05-27,2026-M05,Q2,T2,KUNST,Fakultet for kunstfag (KUNST),Fakultet,6800,"IKT, Rekvisita & Utstyr",6xxx Drift,"IKT, Rekvisita & Utstyr - 2026-M05 (KUNST)",273362.0,EMP-102,EMP-122,True,OK,2026_UiA_Full_Oct
TX-20886,2026-06-09,2026-M06,Q2,T2,KUNST,Fakultet for kunstfag (KUNST),Fakultet,6800,"IKT, Rekvisita & Utstyr",6xxx Drift,"IKT, Rekvisita & Utstyr - 2026-M06 (KUNST)",31916.39,EMP-102,EMP-122,True,OK,2026_UiA_Full_Oct
TX-20887,2026-06-18,2026-M06,Q2,T2,KUNST,Fakultet for kunstfag (KUNST),Fakultet,6800,"IKT, Rekvisita & Utstyr",6xxx Drift,"IKT, Rekvisita & Utstyr - 2026-M06 (KUNST)",329404.26,EMP-102,EMP-122,True,OK,2026_UiA_Full_Oct
TX-20888,2026-06-27,2026-M06,Q2,T2,KUNST,Fakultet for kunstfag (KUNST),Fakultet,6800,"IKT, Rekvisita & Utstyr",6xxx Drift,"IKT, Rekvisita & Utstyr - 2026-M06 (KUNST)",311614.68,EMP-102,EMP-122,False,BRUDD: Mangler kvittering (>100 NOK),2026_UiA_Full_Oct
TX-20889,2026-07-09,2026-M07,Q3,T2,KUNST,Fakultet for kunstfag (KUNST),Fakultet,6800,"IKT, Rekvisita & Utstyr",6xxx Drift,"IKT, Rekvisita & Utstyr - 2026-M07 (KUNST)",386587.45,EMP-102,EMP-122,True,OK,2026_UiA_Full_Oct
TX-20890,2026-07-18,2026-M07,Q3,T2,KUNST,Fakultet for kunstfag (KUNST),Fakultet,6800,"IKT, Rekvisita & Utstyr",6xxx Drift,"IKT, Rekvisita & Utstyr - 2026-M07 (KUNST)",42380.07,EMP-102,EMP-122,True,OK,2026_UiA_Full_Oct
TX-20891,2026-07-27,2026-M07,Q3,T2,KUNST,Fakultet for kunstfag (KUNST),Fakultet,6800,"IKT, Rekvisita & Utstyr",6xxx Drift,"IKT, Rekvisita & Utstyr - 2026-M07 (KUNST)",240901.14,EMP-102,EMP-122,False,BRUDD: Mangler kvittering (>100 NOK),2026_UiA_Full_Oct
TX-20892,2026-08-09,2026-M08,Q3,T2,KUNST,Fakultet for kunstfag (KUNST),Fakultet,6800,"IKT, Rekvisita & Utstyr",6xxx Drift,"IKT, Rekvisita & Utstyr - 2026-M08 (KUNST)",210739.42,EMP-102,EMP-122,True,OK,2026_UiA_Full_Oct
TX-20893,2026-08-18,2026-M08,Q3,T2,KUNST,Fakultet for kunstfag (KUNST),Fakultet,6800,"IKT, Rekvisita & Utstyr",6xxx Drift,"IKT, Rekvisita & Utstyr - 2026-M08 (KUNST)",326086.49,EMP-102,EMP-122,False,BRUDD: Mangler kvittering (>100 NOK),2026_UiA_Full_Oct
TX-20894,2026-08-27,2026-M08,Q3,T2,KUNST,Fakultet for kunstfag (KUNST),Fakultet,6800,"IKT, Rekvisita & Utstyr",6xxx Drift,"IKT, Rekvisita & Utstyr - 2026-M08 (KUNST)",142832.12,EMP-102,EMP-122,True,OK,2026_UiA_Full_Oct
TX-20895,2026-09-09,2026-M09,Q3,T3,KUNST,Fakultet for kunstfag (KUNST),Fakultet,6800,"IKT, Rekvisita & Utstyr",6xxx Drift,"IKT, Rekvisita & Utstyr - 2026-M09 (KUNST)",158376.41,EMP-102,EMP-122,True,OK,2026_UiA_Full_Oct
TX-20896,2026-09-18,2026-M09,Q3,T3,KUNST,Fakultet for kunstfag (KUNST),Fakultet,6800,"IKT, Rekvisita & Utstyr",6xxx Drift,"IKT, Rekvisita & Utstyr - 2026-M09 (KUNST)",386413.5,EMP-102,EMP-122,True,OK,2026_UiA_Full_Oct
TX-20897,2026-09-27,2026-M09,Q3,T3,KUNST,Fakultet for kunstfag (KUNST),Fakultet,6800,"IKT, Rekvisita & Utstyr",6xxx Drift,"IKT, Rekvisita & Utstyr - 2026-M09 (KUNST)",135855.85,EMP-102,EMP-122,True,OK,2026_UiA_Full_Oct
TX-20898,2026-10-09,2026-M10,Q4,T3,KUNST,Fakultet for kunstfag (KUNST),Fakultet,6800,"IKT, Rekvisita & Utstyr",6xxx Drift,"IKT, Rekvisita & Utstyr - 2026-M10 (KUNST)",20562.81,EMP-102,EMP-122,True,OK,2026_UiA_Full_Oct
TX-20899,2026-10-18,2026-M10,Q4,T3,KUNST,Fakultet for kunstfag (KUNST),Fakultet,6800,"IKT, Rekvisita & Utstyr",6xxx Drift,"IKT, Rekvisita & Utstyr - 2026-M10 (KUNST)",463569.79,EMP-102,EMP-122,True,OK,2026_UiA_Full_Oct
TX-20900,2026-10-27,2026-M10,Q4,T3,KUNST,Fakultet for kunstfag (KUNST),Fakultet,6800,"IKT, Rekvisita & Utstyr",6xxx Drift,"IKT, Rekvisita & Utstyr - 2026-M10 (KUNST)",193820.66,EMP-102,EMP-122,True,OK,2026_UiA_Full_Oct
TX-20901,2026-01-09,2026-M01,Q1,T1,KUNST,Fakultet for kunstfag (KUNST),Fakultet,7100,Reise & Representasjon,7xxx Reiser,Reise & Representasjon - 2026-M01 (KUNST),69155.22,EMP-102,EMP-122,True,OK,2026_UiA_Full_Oct
TX-20902,2026-01-18,2026-M01,Q1,T1,KUNST,Fakultet for kunstfag (KUNST),Fakultet,7100,Reise & Representasjon,7xxx Reiser,Reise & Representasjon - 2026-M01 (KUNST),60135.73,EMP-102,EMP-122,True,OK,2026_UiA_Full_Oct
TX-20903,2026-01-27,2026-M01,Q1,T1,KUNST,Fakultet for kunstfag (KUNST),Fakultet,7100,Reise & Representasjon,7xxx Reiser,Reise & Representasjon - 2026-M01 (KUNST),296069.56,EMP-102,EMP-122,True,OK,2026_UiA_Full_Oct
TX-20904,2026-02-09,2026-M02,Q1,T1,KUNST,Fakultet for kunstfag (KUNST),Fakultet,7100,Reise & Representasjon,7xxx Reiser,Reise & Representasjon - 2026-M02 (KUNST),195911.18,EMP-102,EMP-122,True,OK,2026_UiA_Full_Oct
TX-20905,2026-02-18,2026-M02,Q1,T1,KUNST,Fakultet for kunstfag (KUNST),Fakultet,7100,Reise & Representasjon,7xxx Reiser,Reise & Representasjon - 2026-M02 (KUNST),52235.77,EMP-102,EMP-122,True,OK,2026_UiA_Full_Oct
TX-20906,2026-02-27,2026-M02,Q1,T1,KUNST,Fakultet for kunstfag (KUNST),Fakultet,7100,Reise & Representasjon,7xxx Reiser,Reise & Representasjon - 2026-M02 (KUNST),175808.86,EMP-102,EMP-122,True,OK,2026_UiA_Full_Oct
TX-20907,2026-03-09,2026-M03,Q1,T1,KUNST,Fakultet for kunstfag (KUNST),Fakultet,7100,Reise & Representasjon,7xxx Reiser,Reise & Representasjon - 2026-M03 (KUNST),43553.95,EMP-102,EMP-122,True,OK,2026_UiA_Full_Oct
TX-20908,2026-03-18,2026-M03,Q1,T1,KUNST,Fakultet for kunstfag (KUNST),Fakultet,7100,Reise & Representasjon,7xxx Reiser,Reise & Representasjon - 2026-M03 (KUNST),222306.82,EMP-102,EMP-122,True,OK,2026_UiA_Full_Oct
TX-20909,2026-03-27,2026-M03,Q1,T1,KUNST,Fakultet for kunstfag (KUNST),Fakultet,7100,Reise & Representasjon,7xxx Reiser,Reise & Representasjon - 2026-M03 (KUNST),150617.84,EMP-102,EMP-122,True,OK,2026_UiA_Full_Oct
TX-20910,2026-04-09,2026-M04,Q2,T1,KUNST,Fakultet for kunstfag (KUNST),Fakultet,7100,Reise & Representasjon,7xxx Reiser,Reise & Representasjon - 2026-M04 (KUNST),281937.98,EMP-102,EMP-122,True,OK,2026_UiA_Full_Oct
TX-20911,2026-04-18,2026-M04,Q2,T1,KUNST,Fakultet for kunstfag (KUNST),Fakultet,7100,Reise & Representasjon,7xxx Reiser,Reise & Representasjon - 2026-M04 (KUNST),26080.42,EMP-102,EMP-122,True,OK,2026_UiA_Full_Oct
TX-20912,2026-04-27,2026-M04,Q2,T1,KUNST,Fakultet for kunstfag (KUNST),Fakultet,7100,Reise & Representasjon,7xxx Reiser,Reise & Representasjon - 2026-M04 (KUNST),115501.81,EMP-102,EMP-122,True,OK,2026_UiA_Full_Oct
TX-20913,2026-05-09,2026-M05,Q2,T2,KUNST,Fakultet for kunstfag (KUNST),Fakultet,7100,Reise & Representasjon,7xxx Reiser,Reise & Representasjon - 2026-M05 (KUNST),99968.1,EMP-102,EMP-122,True,OK,2026_UiA_Full_Oct
TX-20914,2026-05-18,2026-M05,Q2,T2,KUNST,Fakultet for kunstfag (KUNST),Fakultet,7100,Reise & Representasjon,7xxx Reiser,Reise & Representasjon - 2026-M05 (KUNST),19573.17,EMP-102,EMP-122,True,OK,2026_UiA_Full_Oct
TX-20915,2026-05-27,2026-M05,Q2,T2,KUNST,Fakultet for kunstfag (KUNST),Fakultet,7100,Reise & Representasjon,7xxx Reiser,Reise & Representasjon - 2026-M05 (KUNST),307832.76,EMP-102,EMP-122,True,OK,2026_UiA_Full_Oct
TX-20916,2026-06-09,2026-M06,Q2,T2,KUNST,Fakultet for kunstfag (KUNST),Fakultet,7100,Reise & Representasjon,7xxx Reiser,Reise & Representasjon - 2026-M06 (KUNST),77904.71,EMP-102,EMP-122,True,OK,2026_UiA_Full_Oct
TX-20917,2026-06-18,2026-M06,Q2,T2,KUNST,Fakultet for kunstfag (KUNST),Fakultet,7100,Reise & Representasjon,7xxx Reiser,Reise & Representasjon - 2026-M06 (KUNST),107208.77,EMP-102,EMP-122,True,OK,2026_UiA_Full_Oct
TX-20918,2026-06-27,2026-M06,Q2,T2,KUNST,Fakultet for kunstfag (KUNST),Fakultet,7100,Reise & Representasjon,7xxx Reiser,Reise & Representasjon - 2026-M06 (KUNST),241415.94,EMP-102,EMP-122,True,OK,2026_UiA_Full_Oct
TX-20919,2026-07-09,2026-M07,Q3,T2,KUNST,Fakultet for kunstfag (KUNST),Fakultet,7100,Reise & Representasjon,7xxx Reiser,Reise & Representasjon - 2026-M07 (KUNST),11886.77,EMP-102,EMP-122,True,OK,2026_UiA_Full_Oct
TX-20920,2026-07-18,2026-M07,Q3,T2,KUNST,Fakultet for kunstfag (KUNST),Fakultet,7100,Reise & Representasjon,7xxx Reiser,Reise & Representasjon - 2026-M07 (KUNST),382305.14,EMP-102,EMP-122,True,OK,2026_UiA_Full_Oct
TX-20921,2026-07-27,2026-M07,Q3,T2,KUNST,Fakultet for kunstfag (KUNST),Fakultet,7100,Reise & Representasjon,7xxx Reiser,Reise & Representasjon - 2026-M07 (KUNST),30878.81,EMP-102,EMP-122,True,OK,2026_UiA_Full_Oct
TX-20922,2026-08-09,2026-M08,Q3,T2,KUNST,Fakultet for kunstfag (KUNST),Fakultet,7100,Reise & Representasjon,7xxx Reiser,Reise & Representasjon - 2026-M08 (KUNST),264795.22,EMP-102,EMP-122,True,OK,2026_UiA_Full_Oct
TX-20923,2026-08-18,2026-M08,Q3,T2,KUNST,Fakultet for kunstfag (KUNST),Fakultet,7100,Reise & Representasjon,7xxx Reiser,Reise & Representasjon - 2026-M08 (KUNST),90443.94,EMP-102,EMP-122,True,OK,2026_UiA_Full_Oct
TX-20924,2026-08-27,2026-M08,Q3,T2,KUNST,Fakultet for kunstfag (KUNST),Fakultet,7100,Reise & Representasjon,7xxx Reiser,Reise & Representasjon - 2026-M08 (KUNST),63244.24,EMP-102,EMP-122,True,OK,2026_UiA_Full_Oct
TX-20925,2026-09-09,2026-M09,Q3,T3,KUNST,Fakultet for kunstfag (KUNST),Fakultet,7100,Reise & Representasjon,7xxx Reiser,Reise & Representasjon - 2026-M09 (KUNST),273.12,EMP-102,EMP-122,True,OK,2026_UiA_Full_Oct
TX-20926,2026-09-18,2026-M09,Q3,T3,KUNST,Fakultet for kunstfag (KUNST),Fakultet,7100,Reise & Representasjon,7xxx Reiser,Reise & Representasjon - 2026-M09 (KUNST),389809.91,EMP-102,EMP-102,True,BRUDD: Egengodkjent (BDM == Attestant),2026_UiA_Full_Oct
TX-20927,2026-09-27,2026-M09,Q3,T3,KUNST,Fakultet for kunstfag (KUNST),Fakultet,7100,Reise & Representasjon,7xxx Reiser,Reise & Representasjon - 2026-M09 (KUNST),33687.29,EMP-102,EMP-122,True,OK,2026_UiA_Full_Oct
TX-20928,2026-10-09,2026-M10,Q4,T3,KUNST,Fakultet for kunstfag (KUNST),Fakultet,7100,Reise & Representasjon,7xxx Reiser,Reise & Representasjon - 2026-M10 (KUNST),83342.03,EMP-102,EMP-122,True,OK,2026_UiA_Full_Oct
TX-20929,2026-10-18,2026-M10,Q4,T3,KUNST,Fakultet for kunstfag (KUNST),Fakultet,7100,Reise & Representasjon,7xxx Reiser,Reise & Representasjon - 2026-M10 (KUNST),276315.44,EMP-102,EMP-122,True,OK,2026_UiA_Full_Oct
TX-20930,2026-10-27,2026-M10,Q4,T3,KUNST,Fakultet for kunstfag (KUNST),Fakultet,7100,Reise & Representasjon,7xxx Reiser,Reise & Representasjon - 2026-M10 (KUNST),56605.1,EMP-102,EMP-122,True,OK,2026_UiA_Full_Oct
TX-20931,2026-01-09,2026-M01,Q1,T1,KUNST,Fakultet for kunstfag (KUNST),Fakultet,7800,Andre Driftskostnader & Konsulenter,7xxx Reiser,Andre Driftskostnader & Konsulenter - 2026-M01 (KUNST),35474.54,EMP-102,EMP-122,True,OK,2026_UiA_Full_Oct
TX-20932,2026-01-18,2026-M01,Q1,T1,KUNST,Fakultet for kunstfag (KUNST),Fakultet,7800,Andre Driftskostnader & Konsulenter,7xxx Reiser,Andre Driftskostnader & Konsulenter - 2026-M01 (KUNST),75611.02,EMP-102,EMP-122,True,OK,2026_UiA_Full_Oct
TX-20933,2026-01-27,2026-M01,Q1,T1,KUNST,Fakultet for kunstfag (KUNST),Fakultet,7800,Andre Driftskostnader & Konsulenter,7xxx Reiser,Andre Driftskostnader & Konsulenter - 2026-M01 (KUNST),139065.06,EMP-102,EMP-122,True,OK,2026_UiA_Full_Oct
TX-20934,2026-02-09,2026-M02,Q1,T1,KUNST,Fakultet for kunstfag (KUNST),Fakultet,7800,Andre Driftskostnader & Konsulenter,7xxx Reiser,Andre Driftskostnader & Konsulenter - 2026-M02 (KUNST),49112.36,EMP-102,EMP-122,True,OK,2026_UiA_Full_Oct
TX-20935,2026-02-18,2026-M02,Q1,T1,KUNST,Fakultet for kunstfag (KUNST),Fakultet,7800,Andre Driftskostnader & Konsulenter,7xxx Reiser,Andre Driftskostnader & Konsulenter - 2026-M02 (KUNST),98888.69,EMP-102,EMP-122,True,OK,2026_UiA_Full_Oct
TX-20936,2026-02-27,2026-M02,Q1,T1,KUNST,Fakultet for kunstfag (KUNST),Fakultet,7800,Andre Driftskostnader & Konsulenter,7xxx Reiser,Andre Driftskostnader & Konsulenter - 2026-M02 (KUNST),105925.5,EMP-102,EMP-122,True,OK,2026_UiA_Full_Oct
TX-20937,2026-03-09,2026-M03,Q1,T1,KUNST,Fakultet for kunstfag (KUNST),Fakultet,7800,Andre Driftskostnader & Konsulenter,7xxx Reiser,Andre Driftskostnader & Konsulenter - 2026-M03 (KUNST),113700.85,EMP-102,EMP-122,True,OK,2026_UiA_Full_Oct
TX-20938,2026-03-18,2026-M03,Q1,T1,KUNST,Fakultet for kunstfag (KUNST),Fakultet,7800,Andre Driftskostnader & Konsulenter,7xxx Reiser,Andre Driftskostnader & Konsulenter - 2026-M03 (KUNST),68546.11,EMP-102,EMP-122,True,OK,2026_UiA_Full_Oct
TX-20939,2026-03-27,2026-M03,Q1,T1,KUNST,Fakultet for kunstfag (KUNST),Fakultet,7800,Andre Driftskostnader & Konsulenter,7xxx Reiser,Andre Driftskostnader & Konsulenter - 2026-M03 (KUNST),71151.76,EMP-102,EMP-122,True,OK,2026_UiA_Full_Oct
TX-20940,2026-04-09,2026-M04,Q2,T1,KUNST,Fakultet for kunstfag (KUNST),Fakultet,7800,Andre Driftskostnader & Konsulenter,7xxx Reiser,Andre Driftskostnader & Konsulenter - 2026-M04 (KUNST),29041.53,EMP-102,EMP-122,True,OK,2026_UiA_Full_Oct
TX-20941,2026-04-18,2026-M04,Q2,T1,KUNST,Fakultet for kunstfag (KUNST),Fakultet,7800,Andre Driftskostnader & Konsulenter,7xxx Reiser,Andre Driftskostnader & Konsulenter - 2026-M04 (KUNST),179650.35,EMP-102,EMP-122,True,OK,2026_UiA_Full_Oct
TX-20942,2026-04-27,2026-M04,Q2,T1,KUNST,Fakultet for kunstfag (KUNST),Fakultet,7800,Andre Driftskostnader & Konsulenter,7xxx Reiser,Andre Driftskostnader & Konsulenter - 2026-M04 (KUNST),41890.61,EMP-102,EMP-122,True,OK,2026_UiA_Full_Oct
TX-20943,2026-05-09,2026-M05,Q2,T2,KUNST,Fakultet for kunstfag (KUNST),Fakultet,7800,Andre Driftskostnader & Konsulenter,7xxx Reiser,Andre Driftskostnader & Konsulenter - 2026-M05 (KUNST),117335.53,EMP-102,EMP-122,True,OK,2026_UiA_Full_Oct
TX-20944,2026-05-18,2026-M05,Q2,T2,KUNST,Fakultet for kunstfag (KUNST),Fakultet,7800,Andre Driftskostnader & Konsulenter,7xxx Reiser,Andre Driftskostnader & Konsulenter - 2026-M05 (KUNST),100020.55,EMP-102,EMP-122,True,OK,2026_UiA_Full_Oct
TX-20945,2026-05-27,2026-M05,Q2,T2,KUNST,Fakultet for kunstfag (KUNST),Fakultet,7800,Andre Driftskostnader & Konsulenter,7xxx Reiser,Andre Driftskostnader & Konsulenter - 2026-M05 (KUNST),34355.74,EMP-102,EMP-122,True,OK,2026_UiA_Full_Oct
TX-20946,2026-06-09,2026-M06,Q2,T2,KUNST,Fakultet for kunstfag (KUNST),Fakultet,7800,Andre Driftskostnader & Konsulenter,7xxx Reiser,Andre Driftskostnader & Konsulenter - 2026-M06 (KUNST),27819.48,EMP-102,EMP-122,True,OK,2026_UiA_Full_Oct
TX-20947,2026-06-18,2026-M06,Q2,T2,KUNST,Fakultet for kunstfag (KUNST),Fakultet,7800,Andre Driftskostnader & Konsulenter,7xxx Reiser,Andre Driftskostnader & Konsulenter - 2026-M06 (KUNST),176331.98,EMP-102,EMP-122,True,OK,2026_UiA_Full_Oct
TX-20948,2026-06-27,2026-M06,Q2,T2,KUNST,Fakultet for kunstfag (KUNST),Fakultet,7800,Andre Driftskostnader & Konsulenter,7xxx Reiser,Andre Driftskostnader & Konsulenter - 2026-M06 (KUNST),51327.3,EMP-102,EMP-122,True,OK,2026_UiA_Full_Oct
TX-20949,2026-07-09,2026-M07,Q3,T2,KUNST,Fakultet for kunstfag (KUNST),Fakultet,7800,Andre Driftskostnader & Konsulenter,7xxx Reiser,Andre Driftskostnader & Konsulenter - 2026-M07 (KUNST),167442.9,EMP-102,EMP-122,True,OK,2026_UiA_Full_Oct
TX-20950,2026-07-18,2026-M07,Q3,T2,KUNST,Fakultet for kunstfag (KUNST),Fakultet,7800,Andre Driftskostnader & Konsulenter,7xxx Reiser,Andre Driftskostnader & Konsulenter - 2026-M07 (KUNST),1671.43,EMP-102,EMP-122,True,OK,2026_UiA_Full_Oct
TX-20951,2026-07-27,2026-M07,Q3,T2,KUNST,Fakultet for kunstfag (KUNST),Fakultet,7800,Andre Driftskostnader & Konsulenter,7xxx Reiser,Andre Driftskostnader & Konsulenter - 2026-M07 (KUNST),85978.94,EMP-102,EMP-122,True,OK,2026_UiA_Full_Oct
TX-20952,2026-08-09,2026-M08,Q3,T2,KUNST,Fakultet for kunstfag (KUNST),Fakultet,7800,Andre Driftskostnader & Konsulenter,7xxx Reiser,Andre Driftskostnader & Konsulenter - 2026-M08 (KUNST),22149.24,EMP-102,EMP-122,True,OK,2026_UiA_Full_Oct
TX-20953,2026-08-18,2026-M08,Q3,T2,KUNST,Fakultet for kunstfag (KUNST),Fakultet,7800,Andre Driftskostnader & Konsulenter,7xxx Reiser,Andre Driftskostnader & Konsulenter - 2026-M08 (KUNST),163749.16,EMP-102,EMP-122,True,OK,2026_UiA_Full_Oct
TX-20954,2026-08-27,2026-M08,Q3,T2,KUNST,Fakultet for kunstfag (KUNST),Fakultet,7800,Andre Driftskostnader & Konsulenter,7xxx Reiser,Andre Driftskostnader & Konsulenter - 2026-M08 (KUNST),66058.75,EMP-102,EMP-122,True,OK,2026_UiA_Full_Oct
TX-20955,2026-09-09,2026-M09,Q3,T3,KUNST,Fakultet for kunstfag (KUNST),Fakultet,7800,Andre Driftskostnader & Konsulenter,7xxx Reiser,Andre Driftskostnader & Konsulenter - 2026-M09 (KUNST),53511.86,EMP-102,EMP-122,True,OK,2026_UiA_Full_Oct
TX-20956,2026-09-18,2026-M09,Q3,T3,KUNST,Fakultet for kunstfag (KUNST),Fakultet,7800,Andre Driftskostnader & Konsulenter,7xxx Reiser,Andre Driftskostnader & Konsulenter - 2026-M09 (KUNST),42089.96,EMP-102,EMP-122,True,OK,2026_UiA_Full_Oct
TX-20957,2026-09-27,2026-M09,Q3,T3,KUNST,Fakultet for kunstfag (KUNST),Fakultet,7800,Andre Driftskostnader & Konsulenter,7xxx Reiser,Andre Driftskostnader & Konsulenter - 2026-M09 (KUNST),156606.73,EMP-102,EMP-122,True,OK,2026_UiA_Full_Oct
TX-20958,2026-10-09,2026-M10,Q4,T3,KUNST,Fakultet for kunstfag (KUNST),Fakultet,7800,Andre Driftskostnader & Konsulenter,7xxx Reiser,Andre Driftskostnader & Konsulenter - 2026-M10 (KUNST),15105.16,EMP-102,EMP-122,True,OK,2026_UiA_Full_Oct
TX-20959,2026-10-18,2026-M10,Q4,T3,KUNST,Fakultet for kunstfag (KUNST),Fakultet,7800,Andre Driftskostnader & Konsulenter,7xxx Reiser,Andre Driftskostnader & Konsulenter - 2026-M10 (KUNST),104486.68,EMP-102,EMP-122,True,OK,2026_UiA_Full_Oct
TX-20960,2026-10-27,2026-M10,Q4,T3,KUNST,Fakultet for kunstfag (KUNST),Fakultet,7800,Andre Driftskostnader & Konsulenter,7xxx Reiser,Andre Driftskostnader & Konsulenter - 2026-M10 (KUNST),133043.02,EMP-102,EMP-122,True,OK,2026_UiA_Full_Oct
TX-20961,2026-01-09,2026-M01,Q1,T1,SAMF,Fakultet for samfunnsvitenskap (SAMF),Fakultet,3000,Statlig Rammebevilgning (Kap 260.50),3xxx Inntekter,Statlig Rammebevilgning (Kap 260.50) - 2026-M01 (SAMF),-167465.67,EMP-118,EMP-138,True,OK,2026_UiA_Full_Oct
TX-20962,2026-01-18,2026-M01,Q1,T1,SAMF,Fakultet for samfunnsvitenskap (SAMF),Fakultet,3000,Statlig Rammebevilgning (Kap 260.50),3xxx Inntekter,Statlig Rammebevilgning (Kap 260.50) - 2026-M01 (SAMF),-4336423.2,EMP-118,EMP-138,True,OK,2026_UiA_Full_Oct
TX-20963,2026-01-27,2026-M01,Q1,T1,SAMF,Fakultet for samfunnsvitenskap (SAMF),Fakultet,3000,Statlig Rammebevilgning (Kap 260.50),3xxx Inntekter,Statlig Rammebevilgning (Kap 260.50) - 2026-M01 (SAMF),-6970723.62,EMP-118,EMP-138,True,OK,2026_UiA_Full_Oct
TX-20964,2026-02-09,2026-M02,Q1,T1,SAMF,Fakultet for samfunnsvitenskap (SAMF),Fakultet,3000,Statlig Rammebevilgning (Kap 260.50),3xxx Inntekter,Statlig Rammebevilgning (Kap 260.50) - 2026-M02 (SAMF),-5087549.86,EMP-118,EMP-138,True,OK,2026_UiA_Full_Oct
TX-20965,2026-02-18,2026-M02,Q1,T1,SAMF,Fakultet for samfunnsvitenskap (SAMF),Fakultet,3000,Statlig Rammebevilgning (Kap 260.50),3xxx Inntekter,Statlig Rammebevilgning (Kap 260.50) - 2026-M02 (SAMF),-1060504.6,EMP-118,EMP-138,True,OK,2026_UiA_Full_Oct
TX-20966,2026-02-27,2026-M02,Q1,T1,SAMF,Fakultet for samfunnsvitenskap (SAMF),Fakultet,3000,Statlig Rammebevilgning (Kap 260.50),3xxx Inntekter,Statlig Rammebevilgning (Kap 260.50) - 2026-M02 (SAMF),-5218242.61,EMP-118,EMP-138,True,OK,2026_UiA_Full_Oct
TX-20967,2026-03-09,2026-M03,Q1,T1,SAMF,Fakultet for samfunnsvitenskap (SAMF),Fakultet,3000,Statlig Rammebevilgning (Kap 260.50),3xxx Inntekter,Statlig Rammebevilgning (Kap 260.50) - 2026-M03 (SAMF),-49552.31,EMP-118,EMP-138,True,OK,2026_UiA_Full_Oct
TX-20968,2026-03-18,2026-M03,Q1,T1,SAMF,Fakultet for samfunnsvitenskap (SAMF),Fakultet,3000,Statlig Rammebevilgning (Kap 260.50),3xxx Inntekter,Statlig Rammebevilgning (Kap 260.50) - 2026-M03 (SAMF),-6363366.3,EMP-118,EMP-138,True,OK,2026_UiA_Full_Oct
TX-20969,2026-03-27,2026-M03,Q1,T1,SAMF,Fakultet for samfunnsvitenskap (SAMF),Fakultet,3000,Statlig Rammebevilgning (Kap 260.50),3xxx Inntekter,Statlig Rammebevilgning (Kap 260.50) - 2026-M03 (SAMF),-4985559.3,EMP-118,EMP-138,True,OK,2026_UiA_Full_Oct
TX-20970,2026-04-09,2026-M04,Q2,T1,SAMF,Fakultet for samfunnsvitenskap (SAMF),Fakultet,3000,Statlig Rammebevilgning (Kap 260.50),3xxx Inntekter,Statlig Rammebevilgning (Kap 260.50) - 2026-M04 (SAMF),-397239.1,EMP-118,EMP-138,True,OK,2026_UiA_Full_Oct
TX-20971,2026-04-18,2026-M04,Q2,T1,SAMF,Fakultet for samfunnsvitenskap (SAMF),Fakultet,3000,Statlig Rammebevilgning (Kap 260.50),3xxx Inntekter,Statlig Rammebevilgning (Kap 260.50) - 2026-M04 (SAMF),-10671897.88,EMP-118,EMP-138,True,OK,2026_UiA_Full_Oct
TX-20972,2026-04-27,2026-M04,Q2,T1,SAMF,Fakultet for samfunnsvitenskap (SAMF),Fakultet,3000,Statlig Rammebevilgning (Kap 260.50),3xxx Inntekter,Statlig Rammebevilgning (Kap 260.50) - 2026-M04 (SAMF),-289415.83,EMP-118,EMP-138,True,OK,2026_UiA_Full_Oct
TX-20973,2026-05-09,2026-M05,Q2,T2,SAMF,Fakultet for samfunnsvitenskap (SAMF),Fakultet,3000,Statlig Rammebevilgning (Kap 260.50),3xxx Inntekter,Statlig Rammebevilgning (Kap 260.50) - 2026-M05 (SAMF),-10193375.51,EMP-118,EMP-138,True,OK,2026_UiA_Full_Oct
TX-20974,2026-05-18,2026-M05,Q2,T2,SAMF,Fakultet for samfunnsvitenskap (SAMF),Fakultet,3000,Statlig Rammebevilgning (Kap 260.50),3xxx Inntekter,Statlig Rammebevilgning (Kap 260.50) - 2026-M05 (SAMF),-402847.22,EMP-118,EMP-138,True,OK,2026_UiA_Full_Oct
TX-20975,2026-05-27,2026-M05,Q2,T2,SAMF,Fakultet for samfunnsvitenskap (SAMF),Fakultet,3000,Statlig Rammebevilgning (Kap 260.50),3xxx Inntekter,Statlig Rammebevilgning (Kap 260.50) - 2026-M05 (SAMF),-903243.6,EMP-118,EMP-138,True,OK,2026_UiA_Full_Oct
TX-20976,2026-06-09,2026-M06,Q2,T2,SAMF,Fakultet for samfunnsvitenskap (SAMF),Fakultet,3000,Statlig Rammebevilgning (Kap 260.50),3xxx Inntekter,Statlig Rammebevilgning (Kap 260.50) - 2026-M06 (SAMF),-10737615.06,EMP-118,EMP-138,True,OK,2026_UiA_Full_Oct
TX-20977,2026-06-18,2026-M06,Q2,T2,SAMF,Fakultet for samfunnsvitenskap (SAMF),Fakultet,3000,Statlig Rammebevilgning (Kap 260.50),3xxx Inntekter,Statlig Rammebevilgning (Kap 260.50) - 2026-M06 (SAMF),-331647.69,EMP-118,EMP-138,True,OK,2026_UiA_Full_Oct
TX-20978,2026-06-27,2026-M06,Q2,T2,SAMF,Fakultet for samfunnsvitenskap (SAMF),Fakultet,3000,Statlig Rammebevilgning (Kap 260.50),3xxx Inntekter,Statlig Rammebevilgning (Kap 260.50) - 2026-M06 (SAMF),-489414.11,EMP-118,EMP-138,True,OK,2026_UiA_Full_Oct
TX-20979,2026-07-09,2026-M07,Q3,T2,SAMF,Fakultet for samfunnsvitenskap (SAMF),Fakultet,3000,Statlig Rammebevilgning (Kap 260.50),3xxx Inntekter,Statlig Rammebevilgning (Kap 260.50) - 2026-M07 (SAMF),-125304.01,EMP-118,EMP-138,True,OK,2026_UiA_Full_Oct
TX-20980,2026-07-18,2026-M07,Q3,T2,SAMF,Fakultet for samfunnsvitenskap (SAMF),Fakultet,3000,Statlig Rammebevilgning (Kap 260.50),3xxx Inntekter,Statlig Rammebevilgning (Kap 260.50) - 2026-M07 (SAMF),-1798661.08,EMP-118,EMP-138,True,OK,2026_UiA_Full_Oct
TX-20981,2026-07-27,2026-M07,Q3,T2,SAMF,Fakultet for samfunnsvitenskap (SAMF),Fakultet,3000,Statlig Rammebevilgning (Kap 260.50),3xxx Inntekter,Statlig Rammebevilgning (Kap 260.50) - 2026-M07 (SAMF),-9317273.27,EMP-118,EMP-138,True,OK,2026_UiA_Full_Oct
TX-20982,2026-08-09,2026-M08,Q3,T2,SAMF,Fakultet for samfunnsvitenskap (SAMF),Fakultet,3000,Statlig Rammebevilgning (Kap 260.50),3xxx Inntekter,Statlig Rammebevilgning (Kap 260.50) - 2026-M08 (SAMF),-2801514.63,EMP-118,EMP-138,True,OK,2026_UiA_Full_Oct
TX-20983,2026-08-18,2026-M08,Q3,T2,SAMF,Fakultet for samfunnsvitenskap (SAMF),Fakultet,3000,Statlig Rammebevilgning (Kap 260.50),3xxx Inntekter,Statlig Rammebevilgning (Kap 260.50) - 2026-M08 (SAMF),-5276078.19,EMP-118,EMP-138,True,OK,2026_UiA_Full_Oct
TX-20984,2026-08-27,2026-M08,Q3,T2,SAMF,Fakultet for samfunnsvitenskap (SAMF),Fakultet,3000,Statlig Rammebevilgning (Kap 260.50),3xxx Inntekter,Statlig Rammebevilgning (Kap 260.50) - 2026-M08 (SAMF),-3245497.11,EMP-118,EMP-138,True,OK,2026_UiA_Full_Oct
TX-20985,2026-09-09,2026-M09,Q3,T3,SAMF,Fakultet for samfunnsvitenskap (SAMF),Fakultet,3000,Statlig Rammebevilgning (Kap 260.50),3xxx Inntekter,Statlig Rammebevilgning (Kap 260.50) - 2026-M09 (SAMF),-966646.83,EMP-118,EMP-138,True,OK,2026_UiA_Full_Oct
TX-20986,2026-09-18,2026-M09,Q3,T3,SAMF,Fakultet for samfunnsvitenskap (SAMF),Fakultet,3000,Statlig Rammebevilgning (Kap 260.50),3xxx Inntekter,Statlig Rammebevilgning (Kap 260.50) - 2026-M09 (SAMF),-2982613.48,EMP-118,EMP-138,True,OK,2026_UiA_Full_Oct
TX-20987,2026-09-27,2026-M09,Q3,T3,SAMF,Fakultet for samfunnsvitenskap (SAMF),Fakultet,3000,Statlig Rammebevilgning (Kap 260.50),3xxx Inntekter,Statlig Rammebevilgning (Kap 260.50) - 2026-M09 (SAMF),-7510898.38,EMP-118,EMP-138,True,OK,2026_UiA_Full_Oct
TX-20988,2026-10-09,2026-M10,Q4,T3,SAMF,Fakultet for samfunnsvitenskap (SAMF),Fakultet,3000,Statlig Rammebevilgning (Kap 260.50),3xxx Inntekter,Statlig Rammebevilgning (Kap 260.50) - 2026-M10 (SAMF),-2686899.93,EMP-118,EMP-138,True,OK,2026_UiA_Full_Oct
TX-20989,2026-10-18,2026-M10,Q4,T3,SAMF,Fakultet for samfunnsvitenskap (SAMF),Fakultet,3000,Statlig Rammebevilgning (Kap 260.50),3xxx Inntekter,Statlig Rammebevilgning (Kap 260.50) - 2026-M10 (SAMF),-4274996.62,EMP-118,EMP-138,True,OK,2026_UiA_Full_Oct
TX-20990,2026-10-27,2026-M10,Q4,T3,SAMF,Fakultet for samfunnsvitenskap (SAMF),Fakultet,3000,Statlig Rammebevilgning (Kap 260.50),3xxx Inntekter,Statlig Rammebevilgning (Kap 260.50) - 2026-M10 (SAMF),-4304581.24,EMP-118,EMP-138,True,OK,2026_UiA_Full_Oct
TX-20991,2026-01-09,2026-M01,Q1,T1,SAMF,Fakultet for samfunnsvitenskap (SAMF),Fakultet,3400,BOA Ekstern Prosjektstøtte (NFR/EU),3xxx Inntekter,BOA Ekstern Prosjektstøtte (NFR/EU) - 2026-M01 (SAMF),-446640.54,EMP-118,EMP-138,True,OK,2026_UiA_Full_Oct
TX-20992,2026-01-18,2026-M01,Q1,T1,SAMF,Fakultet for samfunnsvitenskap (SAMF),Fakultet,3400,BOA Ekstern Prosjektstøtte (NFR/EU),3xxx Inntekter,BOA Ekstern Prosjektstøtte (NFR/EU) - 2026-M01 (SAMF),-1523851.92,EMP-118,EMP-138,True,OK,2026_UiA_Full_Oct
TX-20993,2026-01-27,2026-M01,Q1,T1,SAMF,Fakultet for samfunnsvitenskap (SAMF),Fakultet,3400,BOA Ekstern Prosjektstøtte (NFR/EU),3xxx Inntekter,BOA Ekstern Prosjektstøtte (NFR/EU) - 2026-M01 (SAMF),-551072.63,EMP-118,EMP-138,True,OK,2026_UiA_Full_Oct
TX-20994,2026-02-09,2026-M02,Q1,T1,SAMF,Fakultet for samfunnsvitenskap (SAMF),Fakultet,3400,BOA Ekstern Prosjektstøtte (NFR/EU),3xxx Inntekter,BOA Ekstern Prosjektstøtte (NFR/EU) - 2026-M02 (SAMF),-367681.11,EMP-118,EMP-138,True,OK,2026_UiA_Full_Oct
TX-20995,2026-02-18,2026-M02,Q1,T1,SAMF,Fakultet for samfunnsvitenskap (SAMF),Fakultet,3400,BOA Ekstern Prosjektstøtte (NFR/EU),3xxx Inntekter,BOA Ekstern Prosjektstøtte (NFR/EU) - 2026-M02 (SAMF),-191395.58,EMP-118,EMP-138,True,OK,2026_UiA_Full_Oct
TX-20996,2026-02-27,2026-M02,Q1,T1,SAMF,Fakultet for samfunnsvitenskap (SAMF),Fakultet,3400,BOA Ekstern Prosjektstøtte (NFR/EU),3xxx Inntekter,BOA Ekstern Prosjektstøtte (NFR/EU) - 2026-M02 (SAMF),-1917170.07,EMP-118,EMP-138,True,OK,2026_UiA_Full_Oct
TX-20997,2026-03-09,2026-M03,Q1,T1,SAMF,Fakultet for samfunnsvitenskap (SAMF),Fakultet,3400,BOA Ekstern Prosjektstøtte (NFR/EU),3xxx Inntekter,BOA Ekstern Prosjektstøtte (NFR/EU) - 2026-M03 (SAMF),-497256.52,EMP-118,EMP-138,True,OK,2026_UiA_Full_Oct
TX-20998,2026-03-18,2026-M03,Q1,T1,SAMF,Fakultet for samfunnsvitenskap (SAMF),Fakultet,3400,BOA Ekstern Prosjektstøtte (NFR/EU),3xxx Inntekter,BOA Ekstern Prosjektstøtte (NFR/EU) - 2026-M03 (SAMF),-1611633.67,EMP-118,EMP-138,True,OK,2026_UiA_Full_Oct
TX-20999,2026-03-27,2026-M03,Q1,T1,SAMF,Fakultet for samfunnsvitenskap (SAMF),Fakultet,3400,BOA Ekstern Prosjektstøtte (NFR/EU),3xxx Inntekter,BOA Ekstern Prosjektstøtte (NFR/EU) - 2026-M03 (SAMF),-367963.71,EMP-118,EMP-138,True,OK,2026_UiA_Full_Oct
TX-21000,2026-04-09,2026-M04,Q2,T1,SAMF,Fakultet for samfunnsvitenskap (SAMF),Fakultet,3400,BOA Ekstern Prosjektstøtte (NFR/EU),3xxx Inntekter,BOA Ekstern Prosjektstøtte (NFR/EU) - 2026-M04 (SAMF),-1066544.51,EMP-118,EMP-138,True,OK,2026_UiA_Full_Oct
TX-21001,2026-04-18,2026-M04,Q2,T1,SAMF,Fakultet for samfunnsvitenskap (SAMF),Fakultet,3400,BOA Ekstern Prosjektstøtte (NFR/EU),3xxx Inntekter,BOA Ekstern Prosjektstøtte (NFR/EU) - 2026-M04 (SAMF),-187609.23,EMP-118,EMP-138,True,OK,2026_UiA_Full_Oct
TX-21002,2026-04-27,2026-M04,Q2,T1,SAMF,Fakultet for samfunnsvitenskap (SAMF),Fakultet,3400,BOA Ekstern Prosjektstøtte (NFR/EU),3xxx Inntekter,BOA Ekstern Prosjektstøtte (NFR/EU) - 2026-M04 (SAMF),-1255995.0,EMP-118,EMP-138,True,OK,2026_UiA_Full_Oct
TX-21003,2026-05-09,2026-M05,Q2,T2,SAMF,Fakultet for samfunnsvitenskap (SAMF),Fakultet,3400,BOA Ekstern Prosjektstøtte (NFR/EU),3xxx Inntekter,BOA Ekstern Prosjektstøtte (NFR/EU) - 2026-M05 (SAMF),-310810.76,EMP-118,EMP-138,True,OK,2026_UiA_Full_Oct
TX-21004,2026-05-18,2026-M05,Q2,T2,SAMF,Fakultet for samfunnsvitenskap (SAMF),Fakultet,3400,BOA Ekstern Prosjektstøtte (NFR/EU),3xxx Inntekter,BOA Ekstern Prosjektstøtte (NFR/EU) - 2026-M05 (SAMF),-242494.05,EMP-118,EMP-138,True,OK,2026_UiA_Full_Oct
TX-21005,2026-05-27,2026-M05,Q2,T2,SAMF,Fakultet for samfunnsvitenskap (SAMF),Fakultet,3400,BOA Ekstern Prosjektstøtte (NFR/EU),3xxx Inntekter,BOA Ekstern Prosjektstøtte (NFR/EU) - 2026-M05 (SAMF),-1955443.46,EMP-118,EMP-138,True,OK,2026_UiA_Full_Oct
TX-21006,2026-06-09,2026-M06,Q2,T2,SAMF,Fakultet for samfunnsvitenskap (SAMF),Fakultet,3400,BOA Ekstern Prosjektstøtte (NFR/EU),3xxx Inntekter,BOA Ekstern Prosjektstøtte (NFR/EU) - 2026-M06 (SAMF),-556667.38,EMP-118,EMP-138,True,OK,2026_UiA_Full_Oct
TX-21007,2026-06-18,2026-M06,Q2,T2,SAMF,Fakultet for samfunnsvitenskap (SAMF),Fakultet,3400,BOA Ekstern Prosjektstøtte (NFR/EU),3xxx Inntekter,BOA Ekstern Prosjektstøtte (NFR/EU) - 2026-M06 (SAMF),-853020.19,EMP-118,EMP-138,True,OK,2026_UiA_Full_Oct
TX-21008,2026-06-27,2026-M06,Q2,T2,SAMF,Fakultet for samfunnsvitenskap (SAMF),Fakultet,3400,BOA Ekstern Prosjektstøtte (NFR/EU),3xxx Inntekter,BOA Ekstern Prosjektstøtte (NFR/EU) - 2026-M06 (SAMF),-1109434.74,EMP-118,EMP-138,True,OK,2026_UiA_Full_Oct
TX-21009,2026-07-09,2026-M07,Q3,T2,SAMF,Fakultet for samfunnsvitenskap (SAMF),Fakultet,3400,BOA Ekstern Prosjektstøtte (NFR/EU),3xxx Inntekter,BOA Ekstern Prosjektstøtte (NFR/EU) - 2026-M07 (SAMF),-883593.99,EMP-118,EMP-138,True,OK,2026_UiA_Full_Oct
TX-21010,2026-07-18,2026-M07,Q3,T2,SAMF,Fakultet for samfunnsvitenskap (SAMF),Fakultet,3400,BOA Ekstern Prosjektstøtte (NFR/EU),3xxx Inntekter,BOA Ekstern Prosjektstøtte (NFR/EU) - 2026-M07 (SAMF),-1503540.39,EMP-118,EMP-138,True,OK,2026_UiA_Full_Oct
TX-21011,2026-07-27,2026-M07,Q3,T2,SAMF,Fakultet for samfunnsvitenskap (SAMF),Fakultet,3400,BOA Ekstern Prosjektstøtte (NFR/EU),3xxx Inntekter,BOA Ekstern Prosjektstøtte (NFR/EU) - 2026-M07 (SAMF),-87085.37,EMP-118,EMP-138,True,OK,2026_UiA_Full_Oct
TX-21012,2026-08-09,2026-M08,Q3,T2,SAMF,Fakultet for samfunnsvitenskap (SAMF),Fakultet,3400,BOA Ekstern Prosjektstøtte (NFR/EU),3xxx Inntekter,BOA Ekstern Prosjektstøtte (NFR/EU) - 2026-M08 (SAMF),-1251214.34,EMP-118,EMP-138,True,OK,2026_UiA_Full_Oct
TX-21013,2026-08-18,2026-M08,Q3,T2,SAMF,Fakultet for samfunnsvitenskap (SAMF),Fakultet,3400,BOA Ekstern Prosjektstøtte (NFR/EU),3xxx Inntekter,BOA Ekstern Prosjektstøtte (NFR/EU) - 2026-M08 (SAMF),-920246.96,EMP-118,EMP-138,True,OK,2026_UiA_Full_Oct
TX-21014,2026-08-27,2026-M08,Q3,T2,SAMF,Fakultet for samfunnsvitenskap (SAMF),Fakultet,3400,BOA Ekstern Prosjektstøtte (NFR/EU),3xxx Inntekter,BOA Ekstern Prosjektstøtte (NFR/EU) - 2026-M08 (SAMF),-319354.13,EMP-118,EMP-138,True,OK,2026_UiA_Full_Oct
TX-21015,2026-09-09,2026-M09,Q3,T3,SAMF,Fakultet for samfunnsvitenskap (SAMF),Fakultet,3400,BOA Ekstern Prosjektstøtte (NFR/EU),3xxx Inntekter,BOA Ekstern Prosjektstøtte (NFR/EU) - 2026-M09 (SAMF),-444989.5,EMP-118,EMP-138,True,OK,2026_UiA_Full_Oct
TX-21016,2026-09-18,2026-M09,Q3,T3,SAMF,Fakultet for samfunnsvitenskap (SAMF),Fakultet,3400,BOA Ekstern Prosjektstøtte (NFR/EU),3xxx Inntekter,BOA Ekstern Prosjektstøtte (NFR/EU) - 2026-M09 (SAMF),-392089.51,EMP-118,EMP-138,True,OK,2026_UiA_Full_Oct
TX-21017,2026-09-27,2026-M09,Q3,T3,SAMF,Fakultet for samfunnsvitenskap (SAMF),Fakultet,3400,BOA Ekstern Prosjektstøtte (NFR/EU),3xxx Inntekter,BOA Ekstern Prosjektstøtte (NFR/EU) - 2026-M09 (SAMF),-1696471.07,EMP-118,EMP-138,True,OK,2026_UiA_Full_Oct
TX-21018,2026-10-09,2026-M10,Q4,T3,SAMF,Fakultet for samfunnsvitenskap (SAMF),Fakultet,3400,BOA Ekstern Prosjektstøtte (NFR/EU),3xxx Inntekter,BOA Ekstern Prosjektstøtte (NFR/EU) - 2026-M10 (SAMF),-938400.71,EMP-118,EMP-138,True,OK,2026_UiA_Full_Oct
TX-21019,2026-10-18,2026-M10,Q4,T3,SAMF,Fakultet for samfunnsvitenskap (SAMF),Fakultet,3400,BOA Ekstern Prosjektstøtte (NFR/EU),3xxx Inntekter,BOA Ekstern Prosjektstøtte (NFR/EU) - 2026-M10 (SAMF),-128286.68,EMP-118,EMP-138,True,OK,2026_UiA_Full_Oct
TX-21020,2026-10-27,2026-M10,Q4,T3,SAMF,Fakultet for samfunnsvitenskap (SAMF),Fakultet,3400,BOA Ekstern Prosjektstøtte (NFR/EU),3xxx Inntekter,BOA Ekstern Prosjektstøtte (NFR/EU) - 2026-M10 (SAMF),-1433604.82,EMP-118,EMP-138,True,OK,2026_UiA_Full_Oct
TX-21021,2026-01-09,2026-M01,Q1,T1,SAMF,Fakultet for samfunnsvitenskap (SAMF),Fakultet,5000,Fast Lønn & Sosiale Kostnader,5xxx Lønn,Fast Lønn & Sosiale Kostnader - 2026-M01 (SAMF),1127304.2,EMP-118,EMP-138,True,OK,2026_UiA_Full_Oct
TX-21022,2026-01-18,2026-M01,Q1,T1,SAMF,Fakultet for samfunnsvitenskap (SAMF),Fakultet,5000,Fast Lønn & Sosiale Kostnader,5xxx Lønn,Fast Lønn & Sosiale Kostnader - 2026-M01 (SAMF),6387998.39,EMP-118,EMP-138,True,OK,2026_UiA_Full_Oct
TX-21023,2026-01-27,2026-M01,Q1,T1,SAMF,Fakultet for samfunnsvitenskap (SAMF),Fakultet,5000,Fast Lønn & Sosiale Kostnader,5xxx Lønn,Fast Lønn & Sosiale Kostnader - 2026-M01 (SAMF),1364058.52,EMP-118,EMP-138,True,OK,2026_UiA_Full_Oct
TX-21024,2026-02-09,2026-M02,Q1,T1,SAMF,Fakultet for samfunnsvitenskap (SAMF),Fakultet,5000,Fast Lønn & Sosiale Kostnader,5xxx Lønn,Fast Lønn & Sosiale Kostnader - 2026-M02 (SAMF),1383919.6,EMP-118,EMP-138,True,OK,2026_UiA_Full_Oct
TX-21025,2026-02-18,2026-M02,Q1,T1,SAMF,Fakultet for samfunnsvitenskap (SAMF),Fakultet,5000,Fast Lønn & Sosiale Kostnader,5xxx Lønn,Fast Lønn & Sosiale Kostnader - 2026-M02 (SAMF),5393938.23,EMP-118,EMP-138,True,OK,2026_UiA_Full_Oct
TX-21026,2026-02-27,2026-M02,Q1,T1,SAMF,Fakultet for samfunnsvitenskap (SAMF),Fakultet,5000,Fast Lønn & Sosiale Kostnader,5xxx Lønn,Fast Lønn & Sosiale Kostnader - 2026-M02 (SAMF),2120989.34,EMP-118,EMP-138,True,OK,2026_UiA_Full_Oct
TX-21027,2026-03-09,2026-M03,Q1,T1,SAMF,Fakultet for samfunnsvitenskap (SAMF),Fakultet,5000,Fast Lønn & Sosiale Kostnader,5xxx Lønn,Fast Lønn & Sosiale Kostnader - 2026-M03 (SAMF),3602765.55,EMP-118,EMP-138,True,OK,2026_UiA_Full_Oct
TX-21028,2026-03-18,2026-M03,Q1,T1,SAMF,Fakultet for samfunnsvitenskap (SAMF),Fakultet,5000,Fast Lønn & Sosiale Kostnader,5xxx Lønn,Fast Lønn & Sosiale Kostnader - 2026-M03 (SAMF),1156952.1,EMP-118,EMP-138,True,OK,2026_UiA_Full_Oct
TX-21029,2026-03-27,2026-M03,Q1,T1,SAMF,Fakultet for samfunnsvitenskap (SAMF),Fakultet,5000,Fast Lønn & Sosiale Kostnader,5xxx Lønn,Fast Lønn & Sosiale Kostnader - 2026-M03 (SAMF),4042038.9,EMP-118,EMP-138,True,OK,2026_UiA_Full_Oct
TX-21030,2026-04-09,2026-M04,Q2,T1,SAMF,Fakultet for samfunnsvitenskap (SAMF),Fakultet,5000,Fast Lønn & Sosiale Kostnader,5xxx Lønn,Fast Lønn & Sosiale Kostnader - 2026-M04 (SAMF),778264.18,EMP-118,EMP-138,True,OK,2026_UiA_Full_Oct
TX-21031,2026-04-18,2026-M04,Q2,T1,SAMF,Fakultet for samfunnsvitenskap (SAMF),Fakultet,5000,Fast Lønn & Sosiale Kostnader,5xxx Lønn,Fast Lønn & Sosiale Kostnader - 2026-M04 (SAMF),6429104.44,EMP-118,EMP-138,True,OK,2026_UiA_Full_Oct
TX-21032,2026-04-27,2026-M04,Q2,T1,SAMF,Fakultet for samfunnsvitenskap (SAMF),Fakultet,5000,Fast Lønn & Sosiale Kostnader,5xxx Lønn,Fast Lønn & Sosiale Kostnader - 2026-M04 (SAMF),1583534.62,EMP-118,EMP-138,True,OK,2026_UiA_Full_Oct
TX-21033,2026-05-09,2026-M05,Q2,T2,SAMF,Fakultet for samfunnsvitenskap (SAMF),Fakultet,5000,Fast Lønn & Sosiale Kostnader,5xxx Lønn,Fast Lønn & Sosiale Kostnader - 2026-M05 (SAMF),1075432.05,EMP-118,EMP-138,True,OK,2026_UiA_Full_Oct
TX-21034,2026-05-18,2026-M05,Q2,T2,SAMF,Fakultet for samfunnsvitenskap (SAMF),Fakultet,5000,Fast Lønn & Sosiale Kostnader,5xxx Lønn,Fast Lønn & Sosiale Kostnader - 2026-M05 (SAMF),4389794.58,EMP-118,EMP-138,True,OK,2026_UiA_Full_Oct
TX-21035,2026-05-27,2026-M05,Q2,T2,SAMF,Fakultet for samfunnsvitenskap (SAMF),Fakultet,5000,Fast Lønn & Sosiale Kostnader,5xxx Lønn,Fast Lønn & Sosiale Kostnader - 2026-M05 (SAMF),3518156.77,EMP-118,EMP-138,True,OK,2026_UiA_Full_Oct
TX-21036,2026-06-09,2026-M06,Q2,T2,SAMF,Fakultet for samfunnsvitenskap (SAMF),Fakultet,5000,Fast Lønn & Sosiale Kostnader,5xxx Lønn,Fast Lønn & Sosiale Kostnader - 2026-M06 (SAMF),1661941.6,EMP-118,EMP-138,True,OK,2026_UiA_Full_Oct
TX-21037,2026-06-18,2026-M06,Q2,T2,SAMF,Fakultet for samfunnsvitenskap (SAMF),Fakultet,5000,Fast Lønn & Sosiale Kostnader,5xxx Lønn,Fast Lønn & Sosiale Kostnader - 2026-M06 (SAMF),5617074.93,EMP-118,EMP-138,True,OK,2026_UiA_Full_Oct
TX-21038,2026-06-27,2026-M06,Q2,T2,SAMF,Fakultet for samfunnsvitenskap (SAMF),Fakultet,5000,Fast Lønn & Sosiale Kostnader,5xxx Lønn,Fast Lønn & Sosiale Kostnader - 2026-M06 (SAMF),1652746.32,EMP-118,EMP-138,True,OK,2026_UiA_Full_Oct
TX-21039,2026-07-09,2026-M07,Q3,T2,SAMF,Fakultet for samfunnsvitenskap (SAMF),Fakultet,5000,Fast Lønn & Sosiale Kostnader,5xxx Lønn,Fast Lønn & Sosiale Kostnader - 2026-M07 (SAMF),3113796.5,EMP-118,EMP-138,True,OK,2026_UiA_Full_Oct
TX-21040,2026-07-18,2026-M07,Q3,T2,SAMF,Fakultet for samfunnsvitenskap (SAMF),Fakultet,5000,Fast Lønn & Sosiale Kostnader,5xxx Lønn,Fast Lønn & Sosiale Kostnader - 2026-M07 (SAMF),1510521.37,EMP-118,EMP-138,True,OK,2026_UiA_Full_Oct
TX-21041,2026-07-27,2026-M07,Q3,T2,SAMF,Fakultet for samfunnsvitenskap (SAMF),Fakultet,5000,Fast Lønn & Sosiale Kostnader,5xxx Lønn,Fast Lønn & Sosiale Kostnader - 2026-M07 (SAMF),4135927.38,EMP-118,EMP-138,True,OK,2026_UiA_Full_Oct
TX-21042,2026-08-09,2026-M08,Q3,T2,SAMF,Fakultet for samfunnsvitenskap (SAMF),Fakultet,5000,Fast Lønn & Sosiale Kostnader,5xxx Lønn,Fast Lønn & Sosiale Kostnader - 2026-M08 (SAMF),1414763.39,EMP-118,EMP-138,True,OK,2026_UiA_Full_Oct
TX-21043,2026-08-18,2026-M08,Q3,T2,SAMF,Fakultet for samfunnsvitenskap (SAMF),Fakultet,5000,Fast Lønn & Sosiale Kostnader,5xxx Lønn,Fast Lønn & Sosiale Kostnader - 2026-M08 (SAMF),6353246.39,EMP-118,EMP-138,True,OK,2026_UiA_Full_Oct
TX-21044,2026-08-27,2026-M08,Q3,T2,SAMF,Fakultet for samfunnsvitenskap (SAMF),Fakultet,5000,Fast Lønn & Sosiale Kostnader,5xxx Lønn,Fast Lønn & Sosiale Kostnader - 2026-M08 (SAMF),1071171.67,EMP-118,EMP-138,True,OK,2026_UiA_Full_Oct
TX-21045,2026-09-09,2026-M09,Q3,T3,SAMF,Fakultet for samfunnsvitenskap (SAMF),Fakultet,5000,Fast Lønn & Sosiale Kostnader,5xxx Lønn,Fast Lønn & Sosiale Kostnader - 2026-M09 (SAMF),6465255.33,EMP-118,EMP-138,True,OK,2026_UiA_Full_Oct
TX-21046,2026-09-18,2026-M09,Q3,T3,SAMF,Fakultet for samfunnsvitenskap (SAMF),Fakultet,5000,Fast Lønn & Sosiale Kostnader,5xxx Lønn,Fast Lønn & Sosiale Kostnader - 2026-M09 (SAMF),457865.96,EMP-118,EMP-138,True,OK,2026_UiA_Full_Oct
TX-21047,2026-09-27,2026-M09,Q3,T3,SAMF,Fakultet for samfunnsvitenskap (SAMF),Fakultet,5000,Fast Lønn & Sosiale Kostnader,5xxx Lønn,Fast Lønn & Sosiale Kostnader - 2026-M09 (SAMF),2043259.62,EMP-118,EMP-138,True,OK,2026_UiA_Full_Oct
TX-21048,2026-10-09,2026-M10,Q4,T3,SAMF,Fakultet for samfunnsvitenskap (SAMF),Fakultet,5000,Fast Lønn & Sosiale Kostnader,5xxx Lønn,Fast Lønn & Sosiale Kostnader - 2026-M10 (SAMF),2079699.7,EMP-118,EMP-138,True,OK,2026_UiA_Full_Oct
TX-21049,2026-10-18,2026-M10,Q4,T3,SAMF,Fakultet for samfunnsvitenskap (SAMF),Fakultet,5000,Fast Lønn & Sosiale Kostnader,5xxx Lønn,Fast Lønn & Sosiale Kostnader - 2026-M10 (SAMF),4506116.2,EMP-118,EMP-138,True,OK,2026_UiA_Full_Oct
TX-21050,2026-10-27,2026-M10,Q4,T3,SAMF,Fakultet for samfunnsvitenskap (SAMF),Fakultet,5000,Fast Lønn & Sosiale Kostnader,5xxx Lønn,Fast Lønn & Sosiale Kostnader - 2026-M10 (SAMF),2300818.2,EMP-118,EMP-138,True,OK,2026_UiA_Full_Oct
TX-21051,2026-01-09,2026-M01,Q1,T1,SAMF,Fakultet for samfunnsvitenskap (SAMF),Fakultet,5330,Sensorhonorar & Timelønnede,5xxx Lønn,Sensorhonorar & Timelønnede - 2026-M01 (SAMF),50573.81,EMP-118,EMP-138,True,OK,2026_UiA_Full_Oct
TX-21052,2026-01-18,2026-M01,Q1,T1,SAMF,Fakultet for samfunnsvitenskap (SAMF),Fakultet,5330,Sensorhonorar & Timelønnede,5xxx Lønn,Sensorhonorar & Timelønnede - 2026-M01 (SAMF),697194.38,EMP-118,EMP-138,True,OK,2026_UiA_Full_Oct
TX-21053,2026-01-27,2026-M01,Q1,T1,SAMF,Fakultet for samfunnsvitenskap (SAMF),Fakultet,5330,Sensorhonorar & Timelønnede,5xxx Lønn,Sensorhonorar & Timelønnede - 2026-M01 (SAMF),80214.74,EMP-118,EMP-138,True,OK,2026_UiA_Full_Oct
TX-21054,2026-02-09,2026-M02,Q1,T1,SAMF,Fakultet for samfunnsvitenskap (SAMF),Fakultet,5330,Sensorhonorar & Timelønnede,5xxx Lønn,Sensorhonorar & Timelønnede - 2026-M02 (SAMF),108750.47,EMP-118,EMP-138,True,OK,2026_UiA_Full_Oct
TX-21055,2026-02-18,2026-M02,Q1,T1,SAMF,Fakultet for samfunnsvitenskap (SAMF),Fakultet,5330,Sensorhonorar & Timelønnede,5xxx Lønn,Sensorhonorar & Timelønnede - 2026-M02 (SAMF),76666.11,EMP-118,EMP-138,True,OK,2026_UiA_Full_Oct
TX-21056,2026-02-27,2026-M02,Q1,T1,SAMF,Fakultet for samfunnsvitenskap (SAMF),Fakultet,5330,Sensorhonorar & Timelønnede,5xxx Lønn,Sensorhonorar & Timelønnede - 2026-M02 (SAMF),657325.34,EMP-118,EMP-138,True,OK,2026_UiA_Full_Oct
TX-21057,2026-03-09,2026-M03,Q1,T1,SAMF,Fakultet for samfunnsvitenskap (SAMF),Fakultet,5330,Sensorhonorar & Timelønnede,5xxx Lønn,Sensorhonorar & Timelønnede - 2026-M03 (SAMF),448572.32,EMP-118,EMP-138,True,OK,2026_UiA_Full_Oct
TX-21058,2026-03-18,2026-M03,Q1,T1,SAMF,Fakultet for samfunnsvitenskap (SAMF),Fakultet,5330,Sensorhonorar & Timelønnede,5xxx Lønn,Sensorhonorar & Timelønnede - 2026-M03 (SAMF),143255.14,EMP-118,EMP-138,True,OK,2026_UiA_Full_Oct
TX-21059,2026-03-27,2026-M03,Q1,T1,SAMF,Fakultet for samfunnsvitenskap (SAMF),Fakultet,5330,Sensorhonorar & Timelønnede,5xxx Lønn,Sensorhonorar & Timelønnede - 2026-M03 (SAMF),229837.07,EMP-118,EMP-138,True,OK,2026_UiA_Full_Oct
TX-21060,2026-04-09,2026-M04,Q2,T1,SAMF,Fakultet for samfunnsvitenskap (SAMF),Fakultet,5330,Sensorhonorar & Timelønnede,5xxx Lønn,Sensorhonorar & Timelønnede - 2026-M04 (SAMF),148628.21,EMP-118,EMP-138,True,OK,2026_UiA_Full_Oct
TX-21061,2026-04-18,2026-M04,Q2,T1,SAMF,Fakultet for samfunnsvitenskap (SAMF),Fakultet,5330,Sensorhonorar & Timelønnede,5xxx Lønn,Sensorhonorar & Timelønnede - 2026-M04 (SAMF),359364.54,EMP-118,EMP-138,True,OK,2026_UiA_Full_Oct
TX-21062,2026-04-27,2026-M04,Q2,T1,SAMF,Fakultet for samfunnsvitenskap (SAMF),Fakultet,5330,Sensorhonorar & Timelønnede,5xxx Lønn,Sensorhonorar & Timelønnede - 2026-M04 (SAMF),328586.95,EMP-118,EMP-138,True,OK,2026_UiA_Full_Oct
TX-21063,2026-05-09,2026-M05,Q2,T2,SAMF,Fakultet for samfunnsvitenskap (SAMF),Fakultet,5330,Sensorhonorar & Timelønnede,5xxx Lønn,Sensorhonorar & Timelønnede - 2026-M05 (SAMF),35932.67,EMP-118,EMP-138,True,OK,2026_UiA_Full_Oct
TX-21064,2026-05-18,2026-M05,Q2,T2,SAMF,Fakultet for samfunnsvitenskap (SAMF),Fakultet,5330,Sensorhonorar & Timelønnede,5xxx Lønn,Sensorhonorar & Timelønnede - 2026-M05 (SAMF),535925.1,EMP-118,EMP-138,True,OK,2026_UiA_Full_Oct
TX-21065,2026-05-27,2026-M05,Q2,T2,SAMF,Fakultet for samfunnsvitenskap (SAMF),Fakultet,5330,Sensorhonorar & Timelønnede,5xxx Lønn,Sensorhonorar & Timelønnede - 2026-M05 (SAMF),256607.57,EMP-118,EMP-138,True,OK,2026_UiA_Full_Oct
TX-21066,2026-06-09,2026-M06,Q2,T2,SAMF,Fakultet for samfunnsvitenskap (SAMF),Fakultet,5330,Sensorhonorar & Timelønnede,5xxx Lønn,Sensorhonorar & Timelønnede - 2026-M06 (SAMF),240262.18,EMP-118,EMP-138,True,OK,2026_UiA_Full_Oct
TX-21067,2026-06-18,2026-M06,Q2,T2,SAMF,Fakultet for samfunnsvitenskap (SAMF),Fakultet,5330,Sensorhonorar & Timelønnede,5xxx Lønn,Sensorhonorar & Timelønnede - 2026-M06 (SAMF),247149.02,EMP-118,EMP-138,True,OK,2026_UiA_Full_Oct
TX-21068,2026-06-27,2026-M06,Q2,T2,SAMF,Fakultet for samfunnsvitenskap (SAMF),Fakultet,5330,Sensorhonorar & Timelønnede,5xxx Lønn,Sensorhonorar & Timelønnede - 2026-M06 (SAMF),334262.12,EMP-118,EMP-138,True,OK,2026_UiA_Full_Oct
TX-21069,2026-07-09,2026-M07,Q3,T2,SAMF,Fakultet for samfunnsvitenskap (SAMF),Fakultet,5330,Sensorhonorar & Timelønnede,5xxx Lønn,Sensorhonorar & Timelønnede - 2026-M07 (SAMF),22092.11,EMP-118,EMP-138,True,OK,2026_UiA_Full_Oct
TX-21070,2026-07-18,2026-M07,Q3,T2,SAMF,Fakultet for samfunnsvitenskap (SAMF),Fakultet,5330,Sensorhonorar & Timelønnede,5xxx Lønn,Sensorhonorar & Timelønnede - 2026-M07 (SAMF),717987.41,EMP-118,EMP-138,True,OK,2026_UiA_Full_Oct
TX-21071,2026-07-27,2026-M07,Q3,T2,SAMF,Fakultet for samfunnsvitenskap (SAMF),Fakultet,5330,Sensorhonorar & Timelønnede,5xxx Lønn,Sensorhonorar & Timelønnede - 2026-M07 (SAMF),92512.04,EMP-118,EMP-138,True,OK,2026_UiA_Full_Oct
TX-21072,2026-08-09,2026-M08,Q3,T2,SAMF,Fakultet for samfunnsvitenskap (SAMF),Fakultet,5330,Sensorhonorar & Timelønnede,5xxx Lønn,Sensorhonorar & Timelønnede - 2026-M08 (SAMF),174138.06,EMP-118,EMP-138,True,OK,2026_UiA_Full_Oct
TX-21073,2026-08-18,2026-M08,Q3,T2,SAMF,Fakultet for samfunnsvitenskap (SAMF),Fakultet,5330,Sensorhonorar & Timelønnede,5xxx Lønn,Sensorhonorar & Timelønnede - 2026-M08 (SAMF),404271.95,EMP-118,EMP-138,True,OK,2026_UiA_Full_Oct
TX-21074,2026-08-27,2026-M08,Q3,T2,SAMF,Fakultet for samfunnsvitenskap (SAMF),Fakultet,5330,Sensorhonorar & Timelønnede,5xxx Lønn,Sensorhonorar & Timelønnede - 2026-M08 (SAMF),266407.72,EMP-118,EMP-138,True,OK,2026_UiA_Full_Oct
TX-21075,2026-09-09,2026-M09,Q3,T3,SAMF,Fakultet for samfunnsvitenskap (SAMF),Fakultet,5330,Sensorhonorar & Timelønnede,5xxx Lønn,Sensorhonorar & Timelønnede - 2026-M09 (SAMF),116560.49,EMP-118,EMP-138,True,OK,2026_UiA_Full_Oct
TX-21076,2026-09-18,2026-M09,Q3,T3,SAMF,Fakultet for samfunnsvitenskap (SAMF),Fakultet,5330,Sensorhonorar & Timelønnede,5xxx Lønn,Sensorhonorar & Timelønnede - 2026-M09 (SAMF),79363.14,EMP-118,EMP-138,True,OK,2026_UiA_Full_Oct
TX-21077,2026-09-27,2026-M09,Q3,T3,SAMF,Fakultet for samfunnsvitenskap (SAMF),Fakultet,5330,Sensorhonorar & Timelønnede,5xxx Lønn,Sensorhonorar & Timelønnede - 2026-M09 (SAMF),641731.56,EMP-118,EMP-138,True,OK,2026_UiA_Full_Oct
TX-21078,2026-10-09,2026-M10,Q4,T3,SAMF,Fakultet for samfunnsvitenskap (SAMF),Fakultet,5330,Sensorhonorar & Timelønnede,5xxx Lønn,Sensorhonorar & Timelønnede - 2026-M10 (SAMF),144591.78,EMP-118,EMP-138,True,OK,2026_UiA_Full_Oct
TX-21079,2026-10-18,2026-M10,Q4,T3,SAMF,Fakultet for samfunnsvitenskap (SAMF),Fakultet,5330,Sensorhonorar & Timelønnede,5xxx Lønn,Sensorhonorar & Timelønnede - 2026-M10 (SAMF),358788.91,EMP-118,EMP-138,True,OK,2026_UiA_Full_Oct
TX-21080,2026-10-27,2026-M10,Q4,T3,SAMF,Fakultet for samfunnsvitenskap (SAMF),Fakultet,5330,Sensorhonorar & Timelønnede,5xxx Lønn,Sensorhonorar & Timelønnede - 2026-M10 (SAMF),340657.25,EMP-118,EMP-138,True,OK,2026_UiA_Full_Oct
TX-21081,2026-01-09,2026-M01,Q1,T1,SAMF,Fakultet for samfunnsvitenskap (SAMF),Fakultet,6000,Husleie & Eiendomsdrift,6xxx Drift,Husleie & Eiendomsdrift - 2026-M01 (SAMF),521403.09,EMP-118,EMP-138,True,OK,2026_UiA_Full_Oct
TX-21082,2026-01-18,2026-M01,Q1,T1,SAMF,Fakultet for samfunnsvitenskap (SAMF),Fakultet,6000,Husleie & Eiendomsdrift,6xxx Drift,Husleie & Eiendomsdrift - 2026-M01 (SAMF),336990.27,EMP-118,EMP-138,True,OK,2026_UiA_Full_Oct
TX-21083,2026-01-27,2026-M01,Q1,T1,SAMF,Fakultet for samfunnsvitenskap (SAMF),Fakultet,6000,Husleie & Eiendomsdrift,6xxx Drift,Husleie & Eiendomsdrift - 2026-M01 (SAMF),1061794.66,EMP-118,EMP-138,True,OK,2026_UiA_Full_Oct
TX-21084,2026-02-09,2026-M02,Q1,T1,SAMF,Fakultet for samfunnsvitenskap (SAMF),Fakultet,6000,Husleie & Eiendomsdrift,6xxx Drift,Husleie & Eiendomsdrift - 2026-M02 (SAMF),667816.25,EMP-118,EMP-138,True,OK,2026_UiA_Full_Oct
TX-21085,2026-02-18,2026-M02,Q1,T1,SAMF,Fakultet for samfunnsvitenskap (SAMF),Fakultet,6000,Husleie & Eiendomsdrift,6xxx Drift,Husleie & Eiendomsdrift - 2026-M02 (SAMF),1129221.37,EMP-118,EMP-138,True,OK,2026_UiA_Full_Oct
TX-21086,2026-02-27,2026-M02,Q1,T1,SAMF,Fakultet for samfunnsvitenskap (SAMF),Fakultet,6000,Husleie & Eiendomsdrift,6xxx Drift,Husleie & Eiendomsdrift - 2026-M02 (SAMF),139835.63,EMP-118,EMP-138,True,OK,2026_UiA_Full_Oct
TX-21087,2026-03-09,2026-M03,Q1,T1,SAMF,Fakultet for samfunnsvitenskap (SAMF),Fakultet,6000,Husleie & Eiendomsdrift,6xxx Drift,Husleie & Eiendomsdrift - 2026-M03 (SAMF),253516.72,EMP-118,EMP-138,True,OK,2026_UiA_Full_Oct
TX-21088,2026-03-18,2026-M03,Q1,T1,SAMF,Fakultet for samfunnsvitenskap (SAMF),Fakultet,6000,Husleie & Eiendomsdrift,6xxx Drift,Husleie & Eiendomsdrift - 2026-M03 (SAMF),259155.64,EMP-118,EMP-138,True,OK,2026_UiA_Full_Oct
TX-21089,2026-03-27,2026-M03,Q1,T1,SAMF,Fakultet for samfunnsvitenskap (SAMF),Fakultet,6000,Husleie & Eiendomsdrift,6xxx Drift,Husleie & Eiendomsdrift - 2026-M03 (SAMF),1421526.73,EMP-118,EMP-138,True,OK,2026_UiA_Full_Oct
TX-21090,2026-04-09,2026-M04,Q2,T1,SAMF,Fakultet for samfunnsvitenskap (SAMF),Fakultet,6000,Husleie & Eiendomsdrift,6xxx Drift,Husleie & Eiendomsdrift - 2026-M04 (SAMF),1129908.49,EMP-118,EMP-138,True,OK,2026_UiA_Full_Oct
TX-21091,2026-04-18,2026-M04,Q2,T1,SAMF,Fakultet for samfunnsvitenskap (SAMF),Fakultet,6000,Husleie & Eiendomsdrift,6xxx Drift,Husleie & Eiendomsdrift - 2026-M04 (SAMF),428167.85,EMP-118,EMP-138,True,OK,2026_UiA_Full_Oct
TX-21092,2026-04-27,2026-M04,Q2,T1,SAMF,Fakultet for samfunnsvitenskap (SAMF),Fakultet,6000,Husleie & Eiendomsdrift,6xxx Drift,Husleie & Eiendomsdrift - 2026-M04 (SAMF),358805.65,EMP-118,EMP-138,True,OK,2026_UiA_Full_Oct
TX-21093,2026-05-09,2026-M05,Q2,T2,SAMF,Fakultet for samfunnsvitenskap (SAMF),Fakultet,6000,Husleie & Eiendomsdrift,6xxx Drift,Husleie & Eiendomsdrift - 2026-M05 (SAMF),235448.3,EMP-118,EMP-138,True,OK,2026_UiA_Full_Oct
TX-21094,2026-05-18,2026-M05,Q2,T2,SAMF,Fakultet for samfunnsvitenskap (SAMF),Fakultet,6000,Husleie & Eiendomsdrift,6xxx Drift,Husleie & Eiendomsdrift - 2026-M05 (SAMF),1456394.2,EMP-118,EMP-138,True,OK,2026_UiA_Full_Oct
TX-21095,2026-05-27,2026-M05,Q2,T2,SAMF,Fakultet for samfunnsvitenskap (SAMF),Fakultet,6000,Husleie & Eiendomsdrift,6xxx Drift,Husleie & Eiendomsdrift - 2026-M05 (SAMF),225312.51,EMP-118,EMP-138,True,OK,2026_UiA_Full_Oct
TX-21096,2026-06-09,2026-M06,Q2,T2,SAMF,Fakultet for samfunnsvitenskap (SAMF),Fakultet,6000,Husleie & Eiendomsdrift,6xxx Drift,Husleie & Eiendomsdrift - 2026-M06 (SAMF),1029879.95,EMP-118,EMP-138,True,OK,2026_UiA_Full_Oct
TX-21097,2026-06-18,2026-M06,Q2,T2,SAMF,Fakultet for samfunnsvitenskap (SAMF),Fakultet,6000,Husleie & Eiendomsdrift,6xxx Drift,Husleie & Eiendomsdrift - 2026-M06 (SAMF),905947.35,EMP-118,EMP-138,True,OK,2026_UiA_Full_Oct
TX-21098,2026-06-27,2026-M06,Q2,T2,SAMF,Fakultet for samfunnsvitenskap (SAMF),Fakultet,6000,Husleie & Eiendomsdrift,6xxx Drift,Husleie & Eiendomsdrift - 2026-M06 (SAMF),25964.78,EMP-118,EMP-138,True,OK,2026_UiA_Full_Oct
TX-21099,2026-07-09,2026-M07,Q3,T2,SAMF,Fakultet for samfunnsvitenskap (SAMF),Fakultet,6000,Husleie & Eiendomsdrift,6xxx Drift,Husleie & Eiendomsdrift - 2026-M07 (SAMF),398828.28,EMP-118,EMP-138,True,OK,2026_UiA_Full_Oct
TX-21100,2026-07-18,2026-M07,Q3,T2,SAMF,Fakultet for samfunnsvitenskap (SAMF),Fakultet,6000,Husleie & Eiendomsdrift,6xxx Drift,Husleie & Eiendomsdrift - 2026-M07 (SAMF),172422.94,EMP-118,EMP-138,True,OK,2026_UiA_Full_Oct
TX-21101,2026-07-27,2026-M07,Q3,T2,SAMF,Fakultet for samfunnsvitenskap (SAMF),Fakultet,6000,Husleie & Eiendomsdrift,6xxx Drift,Husleie & Eiendomsdrift - 2026-M07 (SAMF),1349425.43,EMP-118,EMP-138,True,OK,2026_UiA_Full_Oct
TX-21102,2026-08-09,2026-M08,Q3,T2,SAMF,Fakultet for samfunnsvitenskap (SAMF),Fakultet,6000,Husleie & Eiendomsdrift,6xxx Drift,Husleie & Eiendomsdrift - 2026-M08 (SAMF),1517687.68,EMP-118,EMP-138,True,OK,2026_UiA_Full_Oct
TX-21103,2026-08-18,2026-M08,Q3,T2,SAMF,Fakultet for samfunnsvitenskap (SAMF),Fakultet,6000,Husleie & Eiendomsdrift,6xxx Drift,Husleie & Eiendomsdrift - 2026-M08 (SAMF),83091.85,EMP-118,EMP-138,True,OK,2026_UiA_Full_Oct
TX-21104,2026-08-27,2026-M08,Q3,T2,SAMF,Fakultet for samfunnsvitenskap (SAMF),Fakultet,6000,Husleie & Eiendomsdrift,6xxx Drift,Husleie & Eiendomsdrift - 2026-M08 (SAMF),337887.03,EMP-118,EMP-138,True,OK,2026_UiA_Full_Oct
TX-21105,2026-09-09,2026-M09,Q3,T3,SAMF,Fakultet for samfunnsvitenskap (SAMF),Fakultet,6000,Husleie & Eiendomsdrift,6xxx Drift,Husleie & Eiendomsdrift - 2026-M09 (SAMF),993580.1,EMP-118,EMP-138,True,OK,2026_UiA_Full_Oct
TX-21106,2026-09-18,2026-M09,Q3,T3,SAMF,Fakultet for samfunnsvitenskap (SAMF),Fakultet,6000,Husleie & Eiendomsdrift,6xxx Drift,Husleie & Eiendomsdrift - 2026-M09 (SAMF),466264.23,EMP-118,EMP-138,True,OK,2026_UiA_Full_Oct
TX-21107,2026-09-27,2026-M09,Q3,T3,SAMF,Fakultet for samfunnsvitenskap (SAMF),Fakultet,6000,Husleie & Eiendomsdrift,6xxx Drift,Husleie & Eiendomsdrift - 2026-M09 (SAMF),501690.81,EMP-118,EMP-138,True,OK,2026_UiA_Full_Oct
TX-21108,2026-10-09,2026-M10,Q4,T3,SAMF,Fakultet for samfunnsvitenskap (SAMF),Fakultet,6000,Husleie & Eiendomsdrift,6xxx Drift,Husleie & Eiendomsdrift - 2026-M10 (SAMF),495756.79,EMP-118,EMP-138,True,OK,2026_UiA_Full_Oct
TX-21109,2026-10-18,2026-M10,Q4,T3,SAMF,Fakultet for samfunnsvitenskap (SAMF),Fakultet,6000,Husleie & Eiendomsdrift,6xxx Drift,Husleie & Eiendomsdrift - 2026-M10 (SAMF),89375.34,EMP-118,EMP-138,True,OK,2026_UiA_Full_Oct
TX-21110,2026-10-27,2026-M10,Q4,T3,SAMF,Fakultet for samfunnsvitenskap (SAMF),Fakultet,6000,Husleie & Eiendomsdrift,6xxx Drift,Husleie & Eiendomsdrift - 2026-M10 (SAMF),1352566.47,EMP-118,EMP-138,True,OK,2026_UiA_Full_Oct
TX-21111,2026-01-09,2026-M01,Q1,T1,SAMF,Fakultet for samfunnsvitenskap (SAMF),Fakultet,6800,"IKT, Rekvisita & Utstyr",6xxx Drift,"IKT, Rekvisita & Utstyr - 2026-M01 (SAMF)",337013.41,EMP-118,EMP-138,True,OK,2026_UiA_Full_Oct
TX-21112,2026-01-18,2026-M01,Q1,T1,SAMF,Fakultet for samfunnsvitenskap (SAMF),Fakultet,6800,"IKT, Rekvisita & Utstyr",6xxx Drift,"IKT, Rekvisita & Utstyr - 2026-M01 (SAMF)",106113.68,EMP-118,EMP-138,True,OK,2026_UiA_Full_Oct
TX-21113,2026-01-27,2026-M01,Q1,T1,SAMF,Fakultet for samfunnsvitenskap (SAMF),Fakultet,6800,"IKT, Rekvisita & Utstyr",6xxx Drift,"IKT, Rekvisita & Utstyr - 2026-M01 (SAMF)",681093.11,EMP-118,EMP-138,True,OK,2026_UiA_Full_Oct
TX-21114,2026-02-09,2026-M02,Q1,T1,SAMF,Fakultet for samfunnsvitenskap (SAMF),Fakultet,6800,"IKT, Rekvisita & Utstyr",6xxx Drift,"IKT, Rekvisita & Utstyr - 2026-M02 (SAMF)",555298.98,EMP-118,EMP-138,True,OK,2026_UiA_Full_Oct
TX-21115,2026-02-18,2026-M02,Q1,T1,SAMF,Fakultet for samfunnsvitenskap (SAMF),Fakultet,6800,"IKT, Rekvisita & Utstyr",6xxx Drift,"IKT, Rekvisita & Utstyr - 2026-M02 (SAMF)",26898.83,EMP-118,EMP-138,True,OK,2026_UiA_Full_Oct
TX-21116,2026-02-27,2026-M02,Q1,T1,SAMF,Fakultet for samfunnsvitenskap (SAMF),Fakultet,6800,"IKT, Rekvisita & Utstyr",6xxx Drift,"IKT, Rekvisita & Utstyr - 2026-M02 (SAMF)",512995.65,EMP-118,EMP-138,True,OK,2026_UiA_Full_Oct
TX-21117,2026-03-09,2026-M03,Q1,T1,SAMF,Fakultet for samfunnsvitenskap (SAMF),Fakultet,6800,"IKT, Rekvisita & Utstyr",6xxx Drift,"IKT, Rekvisita & Utstyr - 2026-M03 (SAMF)",41942.42,EMP-118,EMP-138,True,OK,2026_UiA_Full_Oct
TX-21118,2026-03-18,2026-M03,Q1,T1,SAMF,Fakultet for samfunnsvitenskap (SAMF),Fakultet,6800,"IKT, Rekvisita & Utstyr",6xxx Drift,"IKT, Rekvisita & Utstyr - 2026-M03 (SAMF)",297357.63,EMP-118,EMP-138,True,OK,2026_UiA_Full_Oct
TX-21119,2026-03-27,2026-M03,Q1,T1,SAMF,Fakultet for samfunnsvitenskap (SAMF),Fakultet,6800,"IKT, Rekvisita & Utstyr",6xxx Drift,"IKT, Rekvisita & Utstyr - 2026-M03 (SAMF)",783330.5,EMP-118,EMP-138,True,OK,2026_UiA_Full_Oct
TX-21120,2026-04-09,2026-M04,Q2,T1,SAMF,Fakultet for samfunnsvitenskap (SAMF),Fakultet,6800,"IKT, Rekvisita & Utstyr",6xxx Drift,"IKT, Rekvisita & Utstyr - 2026-M04 (SAMF)",300179.5,EMP-118,EMP-138,True,OK,2026_UiA_Full_Oct
TX-21121,2026-04-18,2026-M04,Q2,T1,SAMF,Fakultet for samfunnsvitenskap (SAMF),Fakultet,6800,"IKT, Rekvisita & Utstyr",6xxx Drift,"IKT, Rekvisita & Utstyr - 2026-M04 (SAMF)",344749.93,EMP-118,EMP-138,True,OK,2026_UiA_Full_Oct
TX-21122,2026-04-27,2026-M04,Q2,T1,SAMF,Fakultet for samfunnsvitenskap (SAMF),Fakultet,6800,"IKT, Rekvisita & Utstyr",6xxx Drift,"IKT, Rekvisita & Utstyr - 2026-M04 (SAMF)",479305.53,EMP-118,EMP-138,True,OK,2026_UiA_Full_Oct
TX-21123,2026-05-09,2026-M05,Q2,T2,SAMF,Fakultet for samfunnsvitenskap (SAMF),Fakultet,6800,"IKT, Rekvisita & Utstyr",6xxx Drift,"IKT, Rekvisita & Utstyr - 2026-M05 (SAMF)",66529.45,EMP-118,EMP-138,True,OK,2026_UiA_Full_Oct
TX-21124,2026-05-18,2026-M05,Q2,T2,SAMF,Fakultet for samfunnsvitenskap (SAMF),Fakultet,6800,"IKT, Rekvisita & Utstyr",6xxx Drift,"IKT, Rekvisita & Utstyr - 2026-M05 (SAMF)",77601.06,EMP-118,EMP-138,True,OK,2026_UiA_Full_Oct
TX-21125,2026-05-27,2026-M05,Q2,T2,SAMF,Fakultet for samfunnsvitenskap (SAMF),Fakultet,6800,"IKT, Rekvisita & Utstyr",6xxx Drift,"IKT, Rekvisita & Utstyr - 2026-M05 (SAMF)",955426.87,EMP-118,EMP-138,True,OK,2026_UiA_Full_Oct
TX-21126,2026-06-09,2026-M06,Q2,T2,SAMF,Fakultet for samfunnsvitenskap (SAMF),Fakultet,6800,"IKT, Rekvisita & Utstyr",6xxx Drift,"IKT, Rekvisita & Utstyr - 2026-M06 (SAMF)",312810.79,EMP-118,EMP-138,True,OK,2026_UiA_Full_Oct
TX-21127,2026-06-18,2026-M06,Q2,T2,SAMF,Fakultet for samfunnsvitenskap (SAMF),Fakultet,6800,"IKT, Rekvisita & Utstyr",6xxx Drift,"IKT, Rekvisita & Utstyr - 2026-M06 (SAMF)",740937.22,EMP-118,EMP-138,True,OK,2026_UiA_Full_Oct
TX-21128,2026-06-27,2026-M06,Q2,T2,SAMF,Fakultet for samfunnsvitenskap (SAMF),Fakultet,6800,"IKT, Rekvisita & Utstyr",6xxx Drift,"IKT, Rekvisita & Utstyr - 2026-M06 (SAMF)",70508.67,EMP-118,EMP-138,True,OK,2026_UiA_Full_Oct
TX-21129,2026-07-09,2026-M07,Q3,T2,SAMF,Fakultet for samfunnsvitenskap (SAMF),Fakultet,6800,"IKT, Rekvisita & Utstyr",6xxx Drift,"IKT, Rekvisita & Utstyr - 2026-M07 (SAMF)",451309.57,EMP-118,EMP-138,True,OK,2026_UiA_Full_Oct
TX-21130,2026-07-18,2026-M07,Q3,T2,SAMF,Fakultet for samfunnsvitenskap (SAMF),Fakultet,6800,"IKT, Rekvisita & Utstyr",6xxx Drift,"IKT, Rekvisita & Utstyr - 2026-M07 (SAMF)",155293.76,EMP-118,EMP-118,True,BRUDD: Egengodkjent (BDM == Attestant),2026_UiA_Full_Oct
TX-21131,2026-07-27,2026-M07,Q3,T2,SAMF,Fakultet for samfunnsvitenskap (SAMF),Fakultet,6800,"IKT, Rekvisita & Utstyr",6xxx Drift,"IKT, Rekvisita & Utstyr - 2026-M07 (SAMF)",490426.6,EMP-118,EMP-138,False,BRUDD: Mangler kvittering (>100 NOK),2026_UiA_Full_Oct
TX-21132,2026-08-09,2026-M08,Q3,T2,SAMF,Fakultet for samfunnsvitenskap (SAMF),Fakultet,6800,"IKT, Rekvisita & Utstyr",6xxx Drift,"IKT, Rekvisita & Utstyr - 2026-M08 (SAMF)",276760.13,EMP-118,EMP-138,True,OK,2026_UiA_Full_Oct
TX-21133,2026-08-18,2026-M08,Q3,T2,SAMF,Fakultet for samfunnsvitenskap (SAMF),Fakultet,6800,"IKT, Rekvisita & Utstyr",6xxx Drift,"IKT, Rekvisita & Utstyr - 2026-M08 (SAMF)",356939.56,EMP-118,EMP-138,True,OK,2026_UiA_Full_Oct
TX-21134,2026-08-27,2026-M08,Q3,T2,SAMF,Fakultet for samfunnsvitenskap (SAMF),Fakultet,6800,"IKT, Rekvisita & Utstyr",6xxx Drift,"IKT, Rekvisita & Utstyr - 2026-M08 (SAMF)",491145.96,EMP-118,EMP-138,False,BRUDD: Mangler kvittering (>100 NOK),2026_UiA_Full_Oct
TX-21135,2026-09-09,2026-M09,Q3,T3,SAMF,Fakultet for samfunnsvitenskap (SAMF),Fakultet,6800,"IKT, Rekvisita & Utstyr",6xxx Drift,"IKT, Rekvisita & Utstyr - 2026-M09 (SAMF)",18500.32,EMP-118,EMP-138,True,OK,2026_UiA_Full_Oct
TX-21136,2026-09-18,2026-M09,Q3,T3,SAMF,Fakultet for samfunnsvitenskap (SAMF),Fakultet,6800,"IKT, Rekvisita & Utstyr",6xxx Drift,"IKT, Rekvisita & Utstyr - 2026-M09 (SAMF)",691364.7,EMP-118,EMP-138,True,OK,2026_UiA_Full_Oct
TX-21137,2026-09-27,2026-M09,Q3,T3,SAMF,Fakultet for samfunnsvitenskap (SAMF),Fakultet,6800,"IKT, Rekvisita & Utstyr",6xxx Drift,"IKT, Rekvisita & Utstyr - 2026-M09 (SAMF)",405266.34,EMP-118,EMP-138,True,OK,2026_UiA_Full_Oct
TX-21138,2026-10-09,2026-M10,Q4,T3,SAMF,Fakultet for samfunnsvitenskap (SAMF),Fakultet,6800,"IKT, Rekvisita & Utstyr",6xxx Drift,"IKT, Rekvisita & Utstyr - 2026-M10 (SAMF)",935046.65,EMP-118,EMP-138,True,OK,2026_UiA_Full_Oct
TX-21139,2026-10-18,2026-M10,Q4,T3,SAMF,Fakultet for samfunnsvitenskap (SAMF),Fakultet,6800,"IKT, Rekvisita & Utstyr",6xxx Drift,"IKT, Rekvisita & Utstyr - 2026-M10 (SAMF)",145015.78,EMP-118,EMP-138,True,OK,2026_UiA_Full_Oct
TX-21140,2026-10-27,2026-M10,Q4,T3,SAMF,Fakultet for samfunnsvitenskap (SAMF),Fakultet,6800,"IKT, Rekvisita & Utstyr",6xxx Drift,"IKT, Rekvisita & Utstyr - 2026-M10 (SAMF)",45145.89,EMP-118,EMP-138,True,OK,2026_UiA_Full_Oct
TX-21141,2026-01-09,2026-M01,Q1,T1,SAMF,Fakultet for samfunnsvitenskap (SAMF),Fakultet,7100,Reise & Representasjon,7xxx Reiser,Reise & Representasjon - 2026-M01 (SAMF),251509.99,EMP-118,EMP-138,True,OK,2026_UiA_Full_Oct
TX-21142,2026-01-18,2026-M01,Q1,T1,SAMF,Fakultet for samfunnsvitenskap (SAMF),Fakultet,7100,Reise & Representasjon,7xxx Reiser,Reise & Representasjon - 2026-M01 (SAMF),231175.6,EMP-118,EMP-138,True,OK,2026_UiA_Full_Oct
TX-21143,2026-01-27,2026-M01,Q1,T1,SAMF,Fakultet for samfunnsvitenskap (SAMF),Fakultet,7100,Reise & Representasjon,7xxx Reiser,Reise & Representasjon - 2026-M01 (SAMF),208280.34,EMP-118,EMP-138,True,OK,2026_UiA_Full_Oct
TX-21144,2026-02-09,2026-M02,Q1,T1,SAMF,Fakultet for samfunnsvitenskap (SAMF),Fakultet,7100,Reise & Representasjon,7xxx Reiser,Reise & Representasjon - 2026-M02 (SAMF),320685.09,EMP-118,EMP-138,True,OK,2026_UiA_Full_Oct
TX-21145,2026-02-18,2026-M02,Q1,T1,SAMF,Fakultet for samfunnsvitenskap (SAMF),Fakultet,7100,Reise & Representasjon,7xxx Reiser,Reise & Representasjon - 2026-M02 (SAMF),101870.33,EMP-118,EMP-138,True,OK,2026_UiA_Full_Oct
TX-21146,2026-02-27,2026-M02,Q1,T1,SAMF,Fakultet for samfunnsvitenskap (SAMF),Fakultet,7100,Reise & Representasjon,7xxx Reiser,Reise & Representasjon - 2026-M02 (SAMF),268483.4,EMP-118,EMP-138,False,BRUDD: Mangler kvittering (>100 NOK),2026_UiA_Full_Oct
TX-21147,2026-03-09,2026-M03,Q1,T1,SAMF,Fakultet for samfunnsvitenskap (SAMF),Fakultet,7100,Reise & Representasjon,7xxx Reiser,Reise & Representasjon - 2026-M03 (SAMF),2834.99,EMP-118,EMP-138,True,OK,2026_UiA_Full_Oct
TX-21148,2026-03-18,2026-M03,Q1,T1,SAMF,Fakultet for samfunnsvitenskap (SAMF),Fakultet,7100,Reise & Representasjon,7xxx Reiser,Reise & Representasjon - 2026-M03 (SAMF),330451.41,EMP-118,EMP-138,True,OK,2026_UiA_Full_Oct
TX-21149,2026-03-27,2026-M03,Q1,T1,SAMF,Fakultet for samfunnsvitenskap (SAMF),Fakultet,7100,Reise & Representasjon,7xxx Reiser,Reise & Representasjon - 2026-M03 (SAMF),356216.74,EMP-118,EMP-138,True,OK,2026_UiA_Full_Oct
TX-21150,2026-04-09,2026-M04,Q2,T1,SAMF,Fakultet for samfunnsvitenskap (SAMF),Fakultet,7100,Reise & Representasjon,7xxx Reiser,Reise & Representasjon - 2026-M04 (SAMF),305465.89,EMP-118,EMP-138,True,OK,2026_UiA_Full_Oct
TX-21151,2026-04-18,2026-M04,Q2,T1,SAMF,Fakultet for samfunnsvitenskap (SAMF),Fakultet,7100,Reise & Representasjon,7xxx Reiser,Reise & Representasjon - 2026-M04 (SAMF),38456.1,EMP-118,EMP-138,True,OK,2026_UiA_Full_Oct
TX-21152,2026-04-27,2026-M04,Q2,T1,SAMF,Fakultet for samfunnsvitenskap (SAMF),Fakultet,7100,Reise & Representasjon,7xxx Reiser,Reise & Representasjon - 2026-M04 (SAMF),351318.12,EMP-118,EMP-138,True,OK,2026_UiA_Full_Oct
TX-21153,2026-05-09,2026-M05,Q2,T2,SAMF,Fakultet for samfunnsvitenskap (SAMF),Fakultet,7100,Reise & Representasjon,7xxx Reiser,Reise & Representasjon - 2026-M05 (SAMF),52269.81,EMP-118,EMP-138,True,OK,2026_UiA_Full_Oct
TX-21154,2026-05-18,2026-M05,Q2,T2,SAMF,Fakultet for samfunnsvitenskap (SAMF),Fakultet,7100,Reise & Representasjon,7xxx Reiser,Reise & Representasjon - 2026-M05 (SAMF),484401.74,EMP-118,EMP-138,True,OK,2026_UiA_Full_Oct
TX-21155,2026-05-27,2026-M05,Q2,T2,SAMF,Fakultet for samfunnsvitenskap (SAMF),Fakultet,7100,Reise & Representasjon,7xxx Reiser,Reise & Representasjon - 2026-M05 (SAMF),156533.73,EMP-118,EMP-118,True,BRUDD: Egengodkjent (BDM == Attestant),2026_UiA_Full_Oct
TX-21156,2026-06-09,2026-M06,Q2,T2,SAMF,Fakultet for samfunnsvitenskap (SAMF),Fakultet,7100,Reise & Representasjon,7xxx Reiser,Reise & Representasjon - 2026-M06 (SAMF),104386.12,EMP-118,EMP-138,True,OK,2026_UiA_Full_Oct
TX-21157,2026-06-18,2026-M06,Q2,T2,SAMF,Fakultet for samfunnsvitenskap (SAMF),Fakultet,7100,Reise & Representasjon,7xxx Reiser,Reise & Representasjon - 2026-M06 (SAMF),250211.4,EMP-118,EMP-138,True,OK,2026_UiA_Full_Oct
TX-21158,2026-06-27,2026-M06,Q2,T2,SAMF,Fakultet for samfunnsvitenskap (SAMF),Fakultet,7100,Reise & Representasjon,7xxx Reiser,Reise & Representasjon - 2026-M06 (SAMF),338521.52,EMP-118,EMP-138,True,OK,2026_UiA_Full_Oct
TX-21159,2026-07-09,2026-M07,Q3,T2,SAMF,Fakultet for samfunnsvitenskap (SAMF),Fakultet,7100,Reise & Representasjon,7xxx Reiser,Reise & Representasjon - 2026-M07 (SAMF),242209.06,EMP-118,EMP-138,True,OK,2026_UiA_Full_Oct
TX-21160,2026-07-18,2026-M07,Q3,T2,SAMF,Fakultet for samfunnsvitenskap (SAMF),Fakultet,7100,Reise & Representasjon,7xxx Reiser,Reise & Representasjon - 2026-M07 (SAMF),266513.66,EMP-118,EMP-138,True,OK,2026_UiA_Full_Oct
TX-21161,2026-07-27,2026-M07,Q3,T2,SAMF,Fakultet for samfunnsvitenskap (SAMF),Fakultet,7100,Reise & Representasjon,7xxx Reiser,Reise & Representasjon - 2026-M07 (SAMF),192116.15,EMP-118,EMP-138,True,OK,2026_UiA_Full_Oct
TX-21162,2026-08-09,2026-M08,Q3,T2,SAMF,Fakultet for samfunnsvitenskap (SAMF),Fakultet,7100,Reise & Representasjon,7xxx Reiser,Reise & Representasjon - 2026-M08 (SAMF),131443.34,EMP-118,EMP-138,True,OK,2026_UiA_Full_Oct
TX-21163,2026-08-18,2026-M08,Q3,T2,SAMF,Fakultet for samfunnsvitenskap (SAMF),Fakultet,7100,Reise & Representasjon,7xxx Reiser,Reise & Representasjon - 2026-M08 (SAMF),356730.16,EMP-118,EMP-138,True,OK,2026_UiA_Full_Oct
TX-21164,2026-08-27,2026-M08,Q3,T2,SAMF,Fakultet for samfunnsvitenskap (SAMF),Fakultet,7100,Reise & Representasjon,7xxx Reiser,Reise & Representasjon - 2026-M08 (SAMF),216217.46,EMP-118,EMP-138,True,OK,2026_UiA_Full_Oct
TX-21165,2026-09-09,2026-M09,Q3,T3,SAMF,Fakultet for samfunnsvitenskap (SAMF),Fakultet,7100,Reise & Representasjon,7xxx Reiser,Reise & Representasjon - 2026-M09 (SAMF),358995.77,EMP-118,EMP-138,True,OK,2026_UiA_Full_Oct
TX-21166,2026-09-18,2026-M09,Q3,T3,SAMF,Fakultet for samfunnsvitenskap (SAMF),Fakultet,7100,Reise & Representasjon,7xxx Reiser,Reise & Representasjon - 2026-M09 (SAMF),89054.08,EMP-118,EMP-138,True,OK,2026_UiA_Full_Oct
TX-21167,2026-09-27,2026-M09,Q3,T3,SAMF,Fakultet for samfunnsvitenskap (SAMF),Fakultet,7100,Reise & Representasjon,7xxx Reiser,Reise & Representasjon - 2026-M09 (SAMF),252215.03,EMP-118,EMP-138,True,OK,2026_UiA_Full_Oct
TX-21168,2026-10-09,2026-M10,Q4,T3,SAMF,Fakultet for samfunnsvitenskap (SAMF),Fakultet,7100,Reise & Representasjon,7xxx Reiser,Reise & Representasjon - 2026-M10 (SAMF),345462.17,EMP-118,EMP-138,True,OK,2026_UiA_Full_Oct
TX-21169,2026-10-18,2026-M10,Q4,T3,SAMF,Fakultet for samfunnsvitenskap (SAMF),Fakultet,7100,Reise & Representasjon,7xxx Reiser,Reise & Representasjon - 2026-M10 (SAMF),265372.38,EMP-118,EMP-138,True,OK,2026_UiA_Full_Oct
TX-21170,2026-10-27,2026-M10,Q4,T3,SAMF,Fakultet for samfunnsvitenskap (SAMF),Fakultet,7100,Reise & Representasjon,7xxx Reiser,Reise & Representasjon - 2026-M10 (SAMF),94108.92,EMP-118,EMP-138,True,OK,2026_UiA_Full_Oct
TX-21171,2026-01-09,2026-M01,Q1,T1,SAMF,Fakultet for samfunnsvitenskap (SAMF),Fakultet,7800,Andre Driftskostnader & Konsulenter,7xxx Reiser,Andre Driftskostnader & Konsulenter - 2026-M01 (SAMF),31768.65,EMP-118,EMP-138,True,OK,2026_UiA_Full_Oct
TX-21172,2026-01-18,2026-M01,Q1,T1,SAMF,Fakultet for samfunnsvitenskap (SAMF),Fakultet,7800,Andre Driftskostnader & Konsulenter,7xxx Reiser,Andre Driftskostnader & Konsulenter - 2026-M01 (SAMF),5760.83,EMP-118,EMP-138,True,OK,2026_UiA_Full_Oct
TX-21173,2026-01-27,2026-M01,Q1,T1,SAMF,Fakultet for samfunnsvitenskap (SAMF),Fakultet,7800,Andre Driftskostnader & Konsulenter,7xxx Reiser,Andre Driftskostnader & Konsulenter - 2026-M01 (SAMF),378419.55,EMP-118,EMP-138,True,OK,2026_UiA_Full_Oct
TX-21174,2026-02-09,2026-M02,Q1,T1,SAMF,Fakultet for samfunnsvitenskap (SAMF),Fakultet,7800,Andre Driftskostnader & Konsulenter,7xxx Reiser,Andre Driftskostnader & Konsulenter - 2026-M02 (SAMF),96184.59,EMP-118,EMP-138,True,OK,2026_UiA_Full_Oct
TX-21175,2026-02-18,2026-M02,Q1,T1,SAMF,Fakultet for samfunnsvitenskap (SAMF),Fakultet,7800,Andre Driftskostnader & Konsulenter,7xxx Reiser,Andre Driftskostnader & Konsulenter - 2026-M02 (SAMF),98917.07,EMP-118,EMP-138,True,OK,2026_UiA_Full_Oct
TX-21176,2026-02-27,2026-M02,Q1,T1,SAMF,Fakultet for samfunnsvitenskap (SAMF),Fakultet,7800,Andre Driftskostnader & Konsulenter,7xxx Reiser,Andre Driftskostnader & Konsulenter - 2026-M02 (SAMF),215769.55,EMP-118,EMP-138,True,OK,2026_UiA_Full_Oct
TX-21177,2026-03-09,2026-M03,Q1,T1,SAMF,Fakultet for samfunnsvitenskap (SAMF),Fakultet,7800,Andre Driftskostnader & Konsulenter,7xxx Reiser,Andre Driftskostnader & Konsulenter - 2026-M03 (SAMF),108641.39,EMP-118,EMP-138,True,OK,2026_UiA_Full_Oct
TX-21178,2026-03-18,2026-M03,Q1,T1,SAMF,Fakultet for samfunnsvitenskap (SAMF),Fakultet,7800,Andre Driftskostnader & Konsulenter,7xxx Reiser,Andre Driftskostnader & Konsulenter - 2026-M03 (SAMF),81381.23,EMP-118,EMP-138,True,OK,2026_UiA_Full_Oct
TX-21179,2026-03-27,2026-M03,Q1,T1,SAMF,Fakultet for samfunnsvitenskap (SAMF),Fakultet,7800,Andre Driftskostnader & Konsulenter,7xxx Reiser,Andre Driftskostnader & Konsulenter - 2026-M03 (SAMF),229833.98,EMP-118,EMP-138,True,OK,2026_UiA_Full_Oct
TX-21180,2026-04-09,2026-M04,Q2,T1,SAMF,Fakultet for samfunnsvitenskap (SAMF),Fakultet,7800,Andre Driftskostnader & Konsulenter,7xxx Reiser,Andre Driftskostnader & Konsulenter - 2026-M04 (SAMF),29640.93,EMP-118,EMP-138,True,OK,2026_UiA_Full_Oct
TX-21181,2026-04-18,2026-M04,Q2,T1,SAMF,Fakultet for samfunnsvitenskap (SAMF),Fakultet,7800,Andre Driftskostnader & Konsulenter,7xxx Reiser,Andre Driftskostnader & Konsulenter - 2026-M04 (SAMF),319376.96,EMP-118,EMP-138,True,OK,2026_UiA_Full_Oct
TX-21182,2026-04-27,2026-M04,Q2,T1,SAMF,Fakultet for samfunnsvitenskap (SAMF),Fakultet,7800,Andre Driftskostnader & Konsulenter,7xxx Reiser,Andre Driftskostnader & Konsulenter - 2026-M04 (SAMF),63077.67,EMP-118,EMP-138,True,OK,2026_UiA_Full_Oct
TX-21183,2026-05-09,2026-M05,Q2,T2,SAMF,Fakultet for samfunnsvitenskap (SAMF),Fakultet,7800,Andre Driftskostnader & Konsulenter,7xxx Reiser,Andre Driftskostnader & Konsulenter - 2026-M05 (SAMF),16202.49,EMP-118,EMP-138,True,OK,2026_UiA_Full_Oct
TX-21184,2026-05-18,2026-M05,Q2,T2,SAMF,Fakultet for samfunnsvitenskap (SAMF),Fakultet,7800,Andre Driftskostnader & Konsulenter,7xxx Reiser,Andre Driftskostnader & Konsulenter - 2026-M05 (SAMF),206359.11,EMP-118,EMP-138,True,OK,2026_UiA_Full_Oct
TX-21185,2026-05-27,2026-M05,Q2,T2,SAMF,Fakultet for samfunnsvitenskap (SAMF),Fakultet,7800,Andre Driftskostnader & Konsulenter,7xxx Reiser,Andre Driftskostnader & Konsulenter - 2026-M05 (SAMF),195079.63,EMP-118,EMP-138,True,OK,2026_UiA_Full_Oct
TX-21186,2026-06-09,2026-M06,Q2,T2,SAMF,Fakultet for samfunnsvitenskap (SAMF),Fakultet,7800,Andre Driftskostnader & Konsulenter,7xxx Reiser,Andre Driftskostnader & Konsulenter - 2026-M06 (SAMF),170446.64,EMP-118,EMP-138,True,OK,2026_UiA_Full_Oct
TX-21187,2026-06-18,2026-M06,Q2,T2,SAMF,Fakultet for samfunnsvitenskap (SAMF),Fakultet,7800,Andre Driftskostnader & Konsulenter,7xxx Reiser,Andre Driftskostnader & Konsulenter - 2026-M06 (SAMF),208112.98,EMP-118,EMP-138,True,OK,2026_UiA_Full_Oct
TX-21188,2026-06-27,2026-M06,Q2,T2,SAMF,Fakultet for samfunnsvitenskap (SAMF),Fakultet,7800,Andre Driftskostnader & Konsulenter,7xxx Reiser,Andre Driftskostnader & Konsulenter - 2026-M06 (SAMF),32444.66,EMP-118,EMP-138,True,OK,2026_UiA_Full_Oct
TX-21189,2026-07-09,2026-M07,Q3,T2,SAMF,Fakultet for samfunnsvitenskap (SAMF),Fakultet,7800,Andre Driftskostnader & Konsulenter,7xxx Reiser,Andre Driftskostnader & Konsulenter - 2026-M07 (SAMF),240457.94,EMP-118,EMP-138,True,OK,2026_UiA_Full_Oct
TX-21190,2026-07-18,2026-M07,Q3,T2,SAMF,Fakultet for samfunnsvitenskap (SAMF),Fakultet,7800,Andre Driftskostnader & Konsulenter,7xxx Reiser,Andre Driftskostnader & Konsulenter - 2026-M07 (SAMF),104027.82,EMP-118,EMP-138,True,OK,2026_UiA_Full_Oct
TX-21191,2026-07-27,2026-M07,Q3,T2,SAMF,Fakultet for samfunnsvitenskap (SAMF),Fakultet,7800,Andre Driftskostnader & Konsulenter,7xxx Reiser,Andre Driftskostnader & Konsulenter - 2026-M07 (SAMF),78600.66,EMP-118,EMP-138,True,OK,2026_UiA_Full_Oct
TX-21192,2026-08-09,2026-M08,Q3,T2,SAMF,Fakultet for samfunnsvitenskap (SAMF),Fakultet,7800,Andre Driftskostnader & Konsulenter,7xxx Reiser,Andre Driftskostnader & Konsulenter - 2026-M08 (SAMF),41728.28,EMP-118,EMP-138,True,OK,2026_UiA_Full_Oct
TX-21193,2026-08-18,2026-M08,Q3,T2,SAMF,Fakultet for samfunnsvitenskap (SAMF),Fakultet,7800,Andre Driftskostnader & Konsulenter,7xxx Reiser,Andre Driftskostnader & Konsulenter - 2026-M08 (SAMF),198313.84,EMP-118,EMP-138,True,OK,2026_UiA_Full_Oct
TX-21194,2026-08-27,2026-M08,Q3,T2,SAMF,Fakultet for samfunnsvitenskap (SAMF),Fakultet,7800,Andre Driftskostnader & Konsulenter,7xxx Reiser,Andre Driftskostnader & Konsulenter - 2026-M08 (SAMF),176180.23,EMP-118,EMP-138,True,OK,2026_UiA_Full_Oct
TX-21195,2026-09-09,2026-M09,Q3,T3,SAMF,Fakultet for samfunnsvitenskap (SAMF),Fakultet,7800,Andre Driftskostnader & Konsulenter,7xxx Reiser,Andre Driftskostnader & Konsulenter - 2026-M09 (SAMF),55351.86,EMP-118,EMP-138,True,OK,2026_UiA_Full_Oct
TX-21196,2026-09-18,2026-M09,Q3,T3,SAMF,Fakultet for samfunnsvitenskap (SAMF),Fakultet,7800,Andre Driftskostnader & Konsulenter,7xxx Reiser,Andre Driftskostnader & Konsulenter - 2026-M09 (SAMF),226091.77,EMP-118,EMP-138,True,OK,2026_UiA_Full_Oct
TX-21197,2026-09-27,2026-M09,Q3,T3,SAMF,Fakultet for samfunnsvitenskap (SAMF),Fakultet,7800,Andre Driftskostnader & Konsulenter,7xxx Reiser,Andre Driftskostnader & Konsulenter - 2026-M09 (SAMF),136293.93,EMP-118,EMP-138,True,OK,2026_UiA_Full_Oct
TX-21198,2026-10-09,2026-M10,Q4,T3,SAMF,Fakultet for samfunnsvitenskap (SAMF),Fakultet,7800,Andre Driftskostnader & Konsulenter,7xxx Reiser,Andre Driftskostnader & Konsulenter - 2026-M10 (SAMF),106850.38,EMP-118,EMP-138,True,OK,2026_UiA_Full_Oct
TX-21199,2026-10-18,2026-M10,Q4,T3,SAMF,Fakultet for samfunnsvitenskap (SAMF),Fakultet,7800,Andre Driftskostnader & Konsulenter,7xxx Reiser,Andre Driftskostnader & Konsulenter - 2026-M10 (SAMF),87598.6,EMP-118,EMP-138,True,OK,2026_UiA_Full_Oct
TX-21200,2026-10-27,2026-M10,Q4,T3,SAMF,Fakultet for samfunnsvitenskap (SAMF),Fakultet,7800,Andre Driftskostnader & Konsulenter,7xxx Reiser,Andre Driftskostnader & Konsulenter - 2026-M10 (SAMF),223391.73,EMP-118,EMP-138,True,OK,2026_UiA_Full_Oct
TX-21201,2026-01-09,2026-M01,Q1,T1,TN,Fakultet for teknologi og realfag (TN),Fakultet,3000,Statlig Rammebevilgning (Kap 260.50),3xxx Inntekter,Statlig Rammebevilgning (Kap 260.50) - 2026-M01 (TN),-8268993.41,EMP-107,EMP-127,True,OK,2026_UiA_Full_Oct
TX-21202,2026-01-18,2026-M01,Q1,T1,TN,Fakultet for teknologi og realfag (TN),Fakultet,3000,Statlig Rammebevilgning (Kap 260.50),3xxx Inntekter,Statlig Rammebevilgning (Kap 260.50) - 2026-M01 (TN),-12221591.64,EMP-107,EMP-127,True,OK,2026_UiA_Full_Oct
TX-21203,2026-01-27,2026-M01,Q1,T1,TN,Fakultet for teknologi og realfag (TN),Fakultet,3000,Statlig Rammebevilgning (Kap 260.50),3xxx Inntekter,Statlig Rammebevilgning (Kap 260.50) - 2026-M01 (TN),-21559.12,EMP-107,EMP-127,True,OK,2026_UiA_Full_Oct
TX-21204,2026-02-09,2026-M02,Q1,T1,TN,Fakultet for teknologi og realfag (TN),Fakultet,3000,Statlig Rammebevilgning (Kap 260.50),3xxx Inntekter,Statlig Rammebevilgning (Kap 260.50) - 2026-M02 (TN),-1833155.02,EMP-107,EMP-127,True,OK,2026_UiA_Full_Oct
TX-21205,2026-02-18,2026-M02,Q1,T1,TN,Fakultet for teknologi og realfag (TN),Fakultet,3000,Statlig Rammebevilgning (Kap 260.50),3xxx Inntekter,Statlig Rammebevilgning (Kap 260.50) - 2026-M02 (TN),-5765840.12,EMP-107,EMP-127,True,OK,2026_UiA_Full_Oct
TX-21206,2026-02-27,2026-M02,Q1,T1,TN,Fakultet for teknologi og realfag (TN),Fakultet,3000,Statlig Rammebevilgning (Kap 260.50),3xxx Inntekter,Statlig Rammebevilgning (Kap 260.50) - 2026-M02 (TN),-13089467.02,EMP-107,EMP-127,True,OK,2026_UiA_Full_Oct
TX-21207,2026-03-09,2026-M03,Q1,T1,TN,Fakultet for teknologi og realfag (TN),Fakultet,3000,Statlig Rammebevilgning (Kap 260.50),3xxx Inntekter,Statlig Rammebevilgning (Kap 260.50) - 2026-M03 (TN),-4584017.39,EMP-107,EMP-127,True,OK,2026_UiA_Full_Oct
TX-21208,2026-03-18,2026-M03,Q1,T1,TN,Fakultet for teknologi og realfag (TN),Fakultet,3000,Statlig Rammebevilgning (Kap 260.50),3xxx Inntekter,Statlig Rammebevilgning (Kap 260.50) - 2026-M03 (TN),-11447587.2,EMP-107,EMP-127,True,OK,2026_UiA_Full_Oct
TX-21209,2026-03-27,2026-M03,Q1,T1,TN,Fakultet for teknologi og realfag (TN),Fakultet,3000,Statlig Rammebevilgning (Kap 260.50),3xxx Inntekter,Statlig Rammebevilgning (Kap 260.50) - 2026-M03 (TN),-4485359.24,EMP-107,EMP-127,True,OK,2026_UiA_Full_Oct
TX-21210,2026-04-09,2026-M04,Q2,T1,TN,Fakultet for teknologi og realfag (TN),Fakultet,3000,Statlig Rammebevilgning (Kap 260.50),3xxx Inntekter,Statlig Rammebevilgning (Kap 260.50) - 2026-M04 (TN),-12201551.26,EMP-107,EMP-127,True,OK,2026_UiA_Full_Oct
TX-21211,2026-04-18,2026-M04,Q2,T1,TN,Fakultet for teknologi og realfag (TN),Fakultet,3000,Statlig Rammebevilgning (Kap 260.50),3xxx Inntekter,Statlig Rammebevilgning (Kap 260.50) - 2026-M04 (TN),-6803729.28,EMP-107,EMP-127,True,OK,2026_UiA_Full_Oct
TX-21212,2026-04-27,2026-M04,Q2,T1,TN,Fakultet for teknologi og realfag (TN),Fakultet,3000,Statlig Rammebevilgning (Kap 260.50),3xxx Inntekter,Statlig Rammebevilgning (Kap 260.50) - 2026-M04 (TN),-1508806.04,EMP-107,EMP-127,True,OK,2026_UiA_Full_Oct
TX-21213,2026-05-09,2026-M05,Q2,T2,TN,Fakultet for teknologi og realfag (TN),Fakultet,3000,Statlig Rammebevilgning (Kap 260.50),3xxx Inntekter,Statlig Rammebevilgning (Kap 260.50) - 2026-M05 (TN),-1495880.44,EMP-107,EMP-127,True,OK,2026_UiA_Full_Oct
TX-21214,2026-05-18,2026-M05,Q2,T2,TN,Fakultet for teknologi og realfag (TN),Fakultet,3000,Statlig Rammebevilgning (Kap 260.50),3xxx Inntekter,Statlig Rammebevilgning (Kap 260.50) - 2026-M05 (TN),-9286940.12,EMP-107,EMP-127,True,OK,2026_UiA_Full_Oct
TX-21215,2026-05-27,2026-M05,Q2,T2,TN,Fakultet for teknologi og realfag (TN),Fakultet,3000,Statlig Rammebevilgning (Kap 260.50),3xxx Inntekter,Statlig Rammebevilgning (Kap 260.50) - 2026-M05 (TN),-9636675.83,EMP-107,EMP-127,True,OK,2026_UiA_Full_Oct
TX-21216,2026-06-09,2026-M06,Q2,T2,TN,Fakultet for teknologi og realfag (TN),Fakultet,3000,Statlig Rammebevilgning (Kap 260.50),3xxx Inntekter,Statlig Rammebevilgning (Kap 260.50) - 2026-M06 (TN),-7939420.82,EMP-107,EMP-127,True,OK,2026_UiA_Full_Oct
TX-21217,2026-06-18,2026-M06,Q2,T2,TN,Fakultet for teknologi og realfag (TN),Fakultet,3000,Statlig Rammebevilgning (Kap 260.50),3xxx Inntekter,Statlig Rammebevilgning (Kap 260.50) - 2026-M06 (TN),-431167.84,EMP-107,EMP-127,True,OK,2026_UiA_Full_Oct
TX-21218,2026-06-27,2026-M06,Q2,T2,TN,Fakultet for teknologi og realfag (TN),Fakultet,3000,Statlig Rammebevilgning (Kap 260.50),3xxx Inntekter,Statlig Rammebevilgning (Kap 260.50) - 2026-M06 (TN),-12106399.28,EMP-107,EMP-127,True,OK,2026_UiA_Full_Oct
TX-21219,2026-07-09,2026-M07,Q3,T2,TN,Fakultet for teknologi og realfag (TN),Fakultet,3000,Statlig Rammebevilgning (Kap 260.50),3xxx Inntekter,Statlig Rammebevilgning (Kap 260.50) - 2026-M07 (TN),-6511532.88,EMP-107,EMP-127,True,OK,2026_UiA_Full_Oct
TX-21220,2026-07-18,2026-M07,Q3,T2,TN,Fakultet for teknologi og realfag (TN),Fakultet,3000,Statlig Rammebevilgning (Kap 260.50),3xxx Inntekter,Statlig Rammebevilgning (Kap 260.50) - 2026-M07 (TN),-13813341.91,EMP-107,EMP-127,True,OK,2026_UiA_Full_Oct
TX-21221,2026-07-27,2026-M07,Q3,T2,TN,Fakultet for teknologi og realfag (TN),Fakultet,3000,Statlig Rammebevilgning (Kap 260.50),3xxx Inntekter,Statlig Rammebevilgning (Kap 260.50) - 2026-M07 (TN),-296402.37,EMP-107,EMP-127,True,OK,2026_UiA_Full_Oct
TX-21222,2026-08-09,2026-M08,Q3,T2,TN,Fakultet for teknologi og realfag (TN),Fakultet,3000,Statlig Rammebevilgning (Kap 260.50),3xxx Inntekter,Statlig Rammebevilgning (Kap 260.50) - 2026-M08 (TN),-31507.85,EMP-107,EMP-127,True,OK,2026_UiA_Full_Oct
TX-21223,2026-08-18,2026-M08,Q3,T2,TN,Fakultet for teknologi og realfag (TN),Fakultet,3000,Statlig Rammebevilgning (Kap 260.50),3xxx Inntekter,Statlig Rammebevilgning (Kap 260.50) - 2026-M08 (TN),-19843808.52,EMP-107,EMP-127,True,OK,2026_UiA_Full_Oct
TX-21224,2026-08-27,2026-M08,Q3,T2,TN,Fakultet for teknologi og realfag (TN),Fakultet,3000,Statlig Rammebevilgning (Kap 260.50),3xxx Inntekter,Statlig Rammebevilgning (Kap 260.50) - 2026-M08 (TN),-412792.54,EMP-107,EMP-127,True,OK,2026_UiA_Full_Oct
TX-21225,2026-09-09,2026-M09,Q3,T3,TN,Fakultet for teknologi og realfag (TN),Fakultet,3000,Statlig Rammebevilgning (Kap 260.50),3xxx Inntekter,Statlig Rammebevilgning (Kap 260.50) - 2026-M09 (TN),-3649391.91,EMP-107,EMP-127,True,OK,2026_UiA_Full_Oct
TX-21226,2026-09-18,2026-M09,Q3,T3,TN,Fakultet for teknologi og realfag (TN),Fakultet,3000,Statlig Rammebevilgning (Kap 260.50),3xxx Inntekter,Statlig Rammebevilgning (Kap 260.50) - 2026-M09 (TN),-5706327.69,EMP-107,EMP-127,True,OK,2026_UiA_Full_Oct
TX-21227,2026-09-27,2026-M09,Q3,T3,TN,Fakultet for teknologi og realfag (TN),Fakultet,3000,Statlig Rammebevilgning (Kap 260.50),3xxx Inntekter,Statlig Rammebevilgning (Kap 260.50) - 2026-M09 (TN),-10952395.45,EMP-107,EMP-127,True,OK,2026_UiA_Full_Oct
TX-21228,2026-10-09,2026-M10,Q4,T3,TN,Fakultet for teknologi og realfag (TN),Fakultet,3000,Statlig Rammebevilgning (Kap 260.50),3xxx Inntekter,Statlig Rammebevilgning (Kap 260.50) - 2026-M10 (TN),-1567755.65,EMP-107,EMP-127,True,OK,2026_UiA_Full_Oct
TX-21229,2026-10-18,2026-M10,Q4,T3,TN,Fakultet for teknologi og realfag (TN),Fakultet,3000,Statlig Rammebevilgning (Kap 260.50),3xxx Inntekter,Statlig Rammebevilgning (Kap 260.50) - 2026-M10 (TN),-9742020.83,EMP-107,EMP-127,True,OK,2026_UiA_Full_Oct
TX-21230,2026-10-27,2026-M10,Q4,T3,TN,Fakultet for teknologi og realfag (TN),Fakultet,3000,Statlig Rammebevilgning (Kap 260.50),3xxx Inntekter,Statlig Rammebevilgning (Kap 260.50) - 2026-M10 (TN),-8868324.1,EMP-107,EMP-127,True,OK,2026_UiA_Full_Oct
TX-21231,2026-01-09,2026-M01,Q1,T1,TN,Fakultet for teknologi og realfag (TN),Fakultet,3400,BOA Ekstern Prosjektstøtte (NFR/EU),3xxx Inntekter,BOA Ekstern Prosjektstøtte (NFR/EU) - 2026-M01 (TN),-3433880.48,EMP-107,EMP-127,True,OK,2026_UiA_Full_Oct
TX-21232,2026-01-18,2026-M01,Q1,T1,TN,Fakultet for teknologi og realfag (TN),Fakultet,3400,BOA Ekstern Prosjektstøtte (NFR/EU),3xxx Inntekter,BOA Ekstern Prosjektstøtte (NFR/EU) - 2026-M01 (TN),-917399.38,EMP-107,EMP-127,True,OK,2026_UiA_Full_Oct
TX-21233,2026-01-27,2026-M01,Q1,T1,TN,Fakultet for teknologi og realfag (TN),Fakultet,3400,BOA Ekstern Prosjektstøtte (NFR/EU),3xxx Inntekter,BOA Ekstern Prosjektstøtte (NFR/EU) - 2026-M01 (TN),-90867.95,EMP-107,EMP-127,True,OK,2026_UiA_Full_Oct
TX-21234,2026-02-09,2026-M02,Q1,T1,TN,Fakultet for teknologi og realfag (TN),Fakultet,3400,BOA Ekstern Prosjektstøtte (NFR/EU),3xxx Inntekter,BOA Ekstern Prosjektstøtte (NFR/EU) - 2026-M02 (TN),-720897.14,EMP-107,EMP-127,True,OK,2026_UiA_Full_Oct
TX-21235,2026-02-18,2026-M02,Q1,T1,TN,Fakultet for teknologi og realfag (TN),Fakultet,3400,BOA Ekstern Prosjektstøtte (NFR/EU),3xxx Inntekter,BOA Ekstern Prosjektstøtte (NFR/EU) - 2026-M02 (TN),-2686744.34,EMP-107,EMP-127,True,OK,2026_UiA_Full_Oct
TX-21236,2026-02-27,2026-M02,Q1,T1,TN,Fakultet for teknologi og realfag (TN),Fakultet,3400,BOA Ekstern Prosjektstøtte (NFR/EU),3xxx Inntekter,BOA Ekstern Prosjektstøtte (NFR/EU) - 2026-M02 (TN),-1023368.49,EMP-107,EMP-127,True,OK,2026_UiA_Full_Oct
TX-21237,2026-03-09,2026-M03,Q1,T1,TN,Fakultet for teknologi og realfag (TN),Fakultet,3400,BOA Ekstern Prosjektstøtte (NFR/EU),3xxx Inntekter,BOA Ekstern Prosjektstøtte (NFR/EU) - 2026-M03 (TN),-3193796.95,EMP-107,EMP-127,True,OK,2026_UiA_Full_Oct
TX-21238,2026-03-18,2026-M03,Q1,T1,TN,Fakultet for teknologi og realfag (TN),Fakultet,3400,BOA Ekstern Prosjektstøtte (NFR/EU),3xxx Inntekter,BOA Ekstern Prosjektstøtte (NFR/EU) - 2026-M03 (TN),-124719.41,EMP-107,EMP-127,True,OK,2026_UiA_Full_Oct
TX-21239,2026-03-27,2026-M03,Q1,T1,TN,Fakultet for teknologi og realfag (TN),Fakultet,3400,BOA Ekstern Prosjektstøtte (NFR/EU),3xxx Inntekter,BOA Ekstern Prosjektstøtte (NFR/EU) - 2026-M03 (TN),-1196787.74,EMP-107,EMP-127,True,OK,2026_UiA_Full_Oct
TX-21240,2026-04-09,2026-M04,Q2,T1,TN,Fakultet for teknologi og realfag (TN),Fakultet,3400,BOA Ekstern Prosjektstøtte (NFR/EU),3xxx Inntekter,BOA Ekstern Prosjektstøtte (NFR/EU) - 2026-M04 (TN),-1801371.68,EMP-107,EMP-127,True,OK,2026_UiA_Full_Oct
TX-21241,2026-04-18,2026-M04,Q2,T1,TN,Fakultet for teknologi og realfag (TN),Fakultet,3400,BOA Ekstern Prosjektstøtte (NFR/EU),3xxx Inntekter,BOA Ekstern Prosjektstøtte (NFR/EU) - 2026-M04 (TN),-1740910.44,EMP-107,EMP-127,True,OK,2026_UiA_Full_Oct
TX-21242,2026-04-27,2026-M04,Q2,T1,TN,Fakultet for teknologi og realfag (TN),Fakultet,3400,BOA Ekstern Prosjektstøtte (NFR/EU),3xxx Inntekter,BOA Ekstern Prosjektstøtte (NFR/EU) - 2026-M04 (TN),-899072.71,EMP-107,EMP-127,True,OK,2026_UiA_Full_Oct
TX-21243,2026-05-09,2026-M05,Q2,T2,TN,Fakultet for teknologi og realfag (TN),Fakultet,3400,BOA Ekstern Prosjektstøtte (NFR/EU),3xxx Inntekter,BOA Ekstern Prosjektstøtte (NFR/EU) - 2026-M05 (TN),-1435806.5,EMP-107,EMP-127,True,OK,2026_UiA_Full_Oct
TX-21244,2026-05-18,2026-M05,Q2,T2,TN,Fakultet for teknologi og realfag (TN),Fakultet,3400,BOA Ekstern Prosjektstøtte (NFR/EU),3xxx Inntekter,BOA Ekstern Prosjektstøtte (NFR/EU) - 2026-M05 (TN),-1787388.23,EMP-107,EMP-127,True,OK,2026_UiA_Full_Oct
TX-21245,2026-05-27,2026-M05,Q2,T2,TN,Fakultet for teknologi og realfag (TN),Fakultet,3400,BOA Ekstern Prosjektstøtte (NFR/EU),3xxx Inntekter,BOA Ekstern Prosjektstøtte (NFR/EU) - 2026-M05 (TN),-1281360.39,EMP-107,EMP-127,True,OK,2026_UiA_Full_Oct
TX-21246,2026-06-09,2026-M06,Q2,T2,TN,Fakultet for teknologi og realfag (TN),Fakultet,3400,BOA Ekstern Prosjektstøtte (NFR/EU),3xxx Inntekter,BOA Ekstern Prosjektstøtte (NFR/EU) - 2026-M06 (TN),-1302633.49,EMP-107,EMP-127,True,OK,2026_UiA_Full_Oct
TX-21247,2026-06-18,2026-M06,Q2,T2,TN,Fakultet for teknologi og realfag (TN),Fakultet,3400,BOA Ekstern Prosjektstøtte (NFR/EU),3xxx Inntekter,BOA Ekstern Prosjektstøtte (NFR/EU) - 2026-M06 (TN),-1602130.7,EMP-107,EMP-127,True,OK,2026_UiA_Full_Oct
TX-21248,2026-06-27,2026-M06,Q2,T2,TN,Fakultet for teknologi og realfag (TN),Fakultet,3400,BOA Ekstern Prosjektstøtte (NFR/EU),3xxx Inntekter,BOA Ekstern Prosjektstøtte (NFR/EU) - 2026-M06 (TN),-1541721.81,EMP-107,EMP-127,True,OK,2026_UiA_Full_Oct
TX-21249,2026-07-09,2026-M07,Q3,T2,TN,Fakultet for teknologi og realfag (TN),Fakultet,3400,BOA Ekstern Prosjektstøtte (NFR/EU),3xxx Inntekter,BOA Ekstern Prosjektstøtte (NFR/EU) - 2026-M07 (TN),-426509.25,EMP-107,EMP-127,True,OK,2026_UiA_Full_Oct
TX-21250,2026-07-18,2026-M07,Q3,T2,TN,Fakultet for teknologi og realfag (TN),Fakultet,3400,BOA Ekstern Prosjektstøtte (NFR/EU),3xxx Inntekter,BOA Ekstern Prosjektstøtte (NFR/EU) - 2026-M07 (TN),-3413617.46,EMP-107,EMP-127,True,OK,2026_UiA_Full_Oct
TX-21251,2026-07-27,2026-M07,Q3,T2,TN,Fakultet for teknologi og realfag (TN),Fakultet,3400,BOA Ekstern Prosjektstøtte (NFR/EU),3xxx Inntekter,BOA Ekstern Prosjektstøtte (NFR/EU) - 2026-M07 (TN),-649148.79,EMP-107,EMP-127,True,OK,2026_UiA_Full_Oct
TX-21252,2026-08-09,2026-M08,Q3,T2,TN,Fakultet for teknologi og realfag (TN),Fakultet,3400,BOA Ekstern Prosjektstøtte (NFR/EU),3xxx Inntekter,BOA Ekstern Prosjektstøtte (NFR/EU) - 2026-M08 (TN),-818996.26,EMP-107,EMP-127,True,OK,2026_UiA_Full_Oct
TX-21253,2026-08-18,2026-M08,Q3,T2,TN,Fakultet for teknologi og realfag (TN),Fakultet,3400,BOA Ekstern Prosjektstøtte (NFR/EU),3xxx Inntekter,BOA Ekstern Prosjektstøtte (NFR/EU) - 2026-M08 (TN),-2152095.71,EMP-107,EMP-127,True,OK,2026_UiA_Full_Oct
TX-21254,2026-08-27,2026-M08,Q3,T2,TN,Fakultet for teknologi og realfag (TN),Fakultet,3400,BOA Ekstern Prosjektstøtte (NFR/EU),3xxx Inntekter,BOA Ekstern Prosjektstøtte (NFR/EU) - 2026-M08 (TN),-1531189.29,EMP-107,EMP-127,True,OK,2026_UiA_Full_Oct
TX-21255,2026-09-09,2026-M09,Q3,T3,TN,Fakultet for teknologi og realfag (TN),Fakultet,3400,BOA Ekstern Prosjektstøtte (NFR/EU),3xxx Inntekter,BOA Ekstern Prosjektstøtte (NFR/EU) - 2026-M09 (TN),-1387566.77,EMP-107,EMP-127,True,OK,2026_UiA_Full_Oct
TX-21256,2026-09-18,2026-M09,Q3,T3,TN,Fakultet for teknologi og realfag (TN),Fakultet,3400,BOA Ekstern Prosjektstøtte (NFR/EU),3xxx Inntekter,BOA Ekstern Prosjektstøtte (NFR/EU) - 2026-M09 (TN),-2902155.97,EMP-107,EMP-127,True,OK,2026_UiA_Full_Oct
TX-21257,2026-09-27,2026-M09,Q3,T3,TN,Fakultet for teknologi og realfag (TN),Fakultet,3400,BOA Ekstern Prosjektstøtte (NFR/EU),3xxx Inntekter,BOA Ekstern Prosjektstøtte (NFR/EU) - 2026-M09 (TN),-229181.79,EMP-107,EMP-127,True,OK,2026_UiA_Full_Oct
TX-21258,2026-10-09,2026-M10,Q4,T3,TN,Fakultet for teknologi og realfag (TN),Fakultet,3400,BOA Ekstern Prosjektstøtte (NFR/EU),3xxx Inntekter,BOA Ekstern Prosjektstøtte (NFR/EU) - 2026-M10 (TN),-3449909.14,EMP-107,EMP-127,True,OK,2026_UiA_Full_Oct
TX-21259,2026-10-18,2026-M10,Q4,T3,TN,Fakultet for teknologi og realfag (TN),Fakultet,3400,BOA Ekstern Prosjektstøtte (NFR/EU),3xxx Inntekter,BOA Ekstern Prosjektstøtte (NFR/EU) - 2026-M10 (TN),-721967.25,EMP-107,EMP-127,True,OK,2026_UiA_Full_Oct
TX-21260,2026-10-27,2026-M10,Q4,T3,TN,Fakultet for teknologi og realfag (TN),Fakultet,3400,BOA Ekstern Prosjektstøtte (NFR/EU),3xxx Inntekter,BOA Ekstern Prosjektstøtte (NFR/EU) - 2026-M10 (TN),-338758.7,EMP-107,EMP-127,True,OK,2026_UiA_Full_Oct
TX-21261,2026-01-09,2026-M01,Q1,T1,TN,Fakultet for teknologi og realfag (TN),Fakultet,5000,Fast Lønn & Sosiale Kostnader,5xxx Lønn,Fast Lønn & Sosiale Kostnader - 2026-M01 (TN),1410843.63,EMP-107,EMP-127,True,OK,2026_UiA_Full_Oct
TX-21262,2026-01-18,2026-M01,Q1,T1,TN,Fakultet for teknologi og realfag (TN),Fakultet,5000,Fast Lønn & Sosiale Kostnader,5xxx Lønn,Fast Lønn & Sosiale Kostnader - 2026-M01 (TN),13102649.84,EMP-107,EMP-127,True,OK,2026_UiA_Full_Oct
TX-21263,2026-01-27,2026-M01,Q1,T1,TN,Fakultet for teknologi og realfag (TN),Fakultet,5000,Fast Lønn & Sosiale Kostnader,5xxx Lønn,Fast Lønn & Sosiale Kostnader - 2026-M01 (TN),1509269.92,EMP-107,EMP-127,True,OK,2026_UiA_Full_Oct
TX-21264,2026-02-09,2026-M02,Q1,T1,TN,Fakultet for teknologi og realfag (TN),Fakultet,5000,Fast Lønn & Sosiale Kostnader,5xxx Lønn,Fast Lønn & Sosiale Kostnader - 2026-M02 (TN),5879947.64,EMP-107,EMP-127,True,OK,2026_UiA_Full_Oct
TX-21265,2026-02-18,2026-M02,Q1,T1,TN,Fakultet for teknologi og realfag (TN),Fakultet,5000,Fast Lønn & Sosiale Kostnader,5xxx Lønn,Fast Lønn & Sosiale Kostnader - 2026-M02 (TN),3706961.48,EMP-107,EMP-127,True,OK,2026_UiA_Full_Oct
TX-21266,2026-02-27,2026-M02,Q1,T1,TN,Fakultet for teknologi og realfag (TN),Fakultet,5000,Fast Lønn & Sosiale Kostnader,5xxx Lønn,Fast Lønn & Sosiale Kostnader - 2026-M02 (TN),6132487.69,EMP-107,EMP-127,True,OK,2026_UiA_Full_Oct
TX-21267,2026-03-09,2026-M03,Q1,T1,TN,Fakultet for teknologi og realfag (TN),Fakultet,5000,Fast Lønn & Sosiale Kostnader,5xxx Lønn,Fast Lønn & Sosiale Kostnader - 2026-M03 (TN),918144.58,EMP-107,EMP-127,True,OK,2026_UiA_Full_Oct
TX-21268,2026-03-18,2026-M03,Q1,T1,TN,Fakultet for teknologi og realfag (TN),Fakultet,5000,Fast Lønn & Sosiale Kostnader,5xxx Lønn,Fast Lønn & Sosiale Kostnader - 2026-M03 (TN),14701922.87,EMP-107,EMP-127,True,OK,2026_UiA_Full_Oct
TX-21269,2026-03-27,2026-M03,Q1,T1,TN,Fakultet for teknologi og realfag (TN),Fakultet,5000,Fast Lønn & Sosiale Kostnader,5xxx Lønn,Fast Lønn & Sosiale Kostnader - 2026-M03 (TN),332030.89,EMP-107,EMP-127,True,OK,2026_UiA_Full_Oct
TX-21270,2026-04-09,2026-M04,Q2,T1,TN,Fakultet for teknologi og realfag (TN),Fakultet,5000,Fast Lønn & Sosiale Kostnader,5xxx Lønn,Fast Lønn & Sosiale Kostnader - 2026-M04 (TN),2343802.85,EMP-107,EMP-127,True,OK,2026_UiA_Full_Oct
TX-21271,2026-04-18,2026-M04,Q2,T1,TN,Fakultet for teknologi og realfag (TN),Fakultet,5000,Fast Lønn & Sosiale Kostnader,5xxx Lønn,Fast Lønn & Sosiale Kostnader - 2026-M04 (TN),323785.82,EMP-107,EMP-127,True,OK,2026_UiA_Full_Oct
TX-21272,2026-04-27,2026-M04,Q2,T1,TN,Fakultet for teknologi og realfag (TN),Fakultet,5000,Fast Lønn & Sosiale Kostnader,5xxx Lønn,Fast Lønn & Sosiale Kostnader - 2026-M04 (TN),13423539.11,EMP-107,EMP-127,True,OK,2026_UiA_Full_Oct
TX-21273,2026-05-09,2026-M05,Q2,T2,TN,Fakultet for teknologi og realfag (TN),Fakultet,5000,Fast Lønn & Sosiale Kostnader,5xxx Lønn,Fast Lønn & Sosiale Kostnader - 2026-M05 (TN),7090627.05,EMP-107,EMP-127,True,OK,2026_UiA_Full_Oct
TX-21274,2026-05-18,2026-M05,Q2,T2,TN,Fakultet for teknologi og realfag (TN),Fakultet,5000,Fast Lønn & Sosiale Kostnader,5xxx Lønn,Fast Lønn & Sosiale Kostnader - 2026-M05 (TN),7432496.73,EMP-107,EMP-127,True,OK,2026_UiA_Full_Oct
TX-21275,2026-05-27,2026-M05,Q2,T2,TN,Fakultet for teknologi og realfag (TN),Fakultet,5000,Fast Lønn & Sosiale Kostnader,5xxx Lønn,Fast Lønn & Sosiale Kostnader - 2026-M05 (TN),1646369.75,EMP-107,EMP-127,True,OK,2026_UiA_Full_Oct
TX-21276,2026-06-09,2026-M06,Q2,T2,TN,Fakultet for teknologi og realfag (TN),Fakultet,5000,Fast Lønn & Sosiale Kostnader,5xxx Lønn,Fast Lønn & Sosiale Kostnader - 2026-M06 (TN),4198357.89,EMP-107,EMP-127,True,OK,2026_UiA_Full_Oct
TX-21277,2026-06-18,2026-M06,Q2,T2,TN,Fakultet for teknologi og realfag (TN),Fakultet,5000,Fast Lønn & Sosiale Kostnader,5xxx Lønn,Fast Lønn & Sosiale Kostnader - 2026-M06 (TN),30307.14,EMP-107,EMP-127,True,OK,2026_UiA_Full_Oct
TX-21278,2026-06-27,2026-M06,Q2,T2,TN,Fakultet for teknologi og realfag (TN),Fakultet,5000,Fast Lønn & Sosiale Kostnader,5xxx Lønn,Fast Lønn & Sosiale Kostnader - 2026-M06 (TN),11618903.26,EMP-107,EMP-127,True,OK,2026_UiA_Full_Oct
TX-21279,2026-07-09,2026-M07,Q3,T2,TN,Fakultet for teknologi og realfag (TN),Fakultet,5000,Fast Lønn & Sosiale Kostnader,5xxx Lønn,Fast Lønn & Sosiale Kostnader - 2026-M07 (TN),9504216.98,EMP-107,EMP-127,True,OK,2026_UiA_Full_Oct
TX-21280,2026-07-18,2026-M07,Q3,T2,TN,Fakultet for teknologi og realfag (TN),Fakultet,5000,Fast Lønn & Sosiale Kostnader,5xxx Lønn,Fast Lønn & Sosiale Kostnader - 2026-M07 (TN),6097941.09,EMP-107,EMP-127,True,OK,2026_UiA_Full_Oct
TX-21281,2026-07-27,2026-M07,Q3,T2,TN,Fakultet for teknologi og realfag (TN),Fakultet,5000,Fast Lønn & Sosiale Kostnader,5xxx Lønn,Fast Lønn & Sosiale Kostnader - 2026-M07 (TN),557288.71,EMP-107,EMP-127,True,OK,2026_UiA_Full_Oct
TX-21282,2026-08-09,2026-M08,Q3,T2,TN,Fakultet for teknologi og realfag (TN),Fakultet,5000,Fast Lønn & Sosiale Kostnader,5xxx Lønn,Fast Lønn & Sosiale Kostnader - 2026-M08 (TN),3434563.09,EMP-107,EMP-127,True,OK,2026_UiA_Full_Oct
TX-21283,2026-08-18,2026-M08,Q3,T2,TN,Fakultet for teknologi og realfag (TN),Fakultet,5000,Fast Lønn & Sosiale Kostnader,5xxx Lønn,Fast Lønn & Sosiale Kostnader - 2026-M08 (TN),12009851.06,EMP-107,EMP-127,True,OK,2026_UiA_Full_Oct
TX-21284,2026-08-27,2026-M08,Q3,T2,TN,Fakultet for teknologi og realfag (TN),Fakultet,5000,Fast Lønn & Sosiale Kostnader,5xxx Lønn,Fast Lønn & Sosiale Kostnader - 2026-M08 (TN),503195.5,EMP-107,EMP-127,True,OK,2026_UiA_Full_Oct
TX-21285,2026-09-09,2026-M09,Q3,T3,TN,Fakultet for teknologi og realfag (TN),Fakultet,5000,Fast Lønn & Sosiale Kostnader,5xxx Lønn,Fast Lønn & Sosiale Kostnader - 2026-M09 (TN),1426175.82,EMP-107,EMP-127,True,OK,2026_UiA_Full_Oct
TX-21286,2026-09-18,2026-M09,Q3,T3,TN,Fakultet for teknologi og realfag (TN),Fakultet,5000,Fast Lønn & Sosiale Kostnader,5xxx Lønn,Fast Lønn & Sosiale Kostnader - 2026-M09 (TN),13999162.42,EMP-107,EMP-127,True,OK,2026_UiA_Full_Oct
TX-21287,2026-09-27,2026-M09,Q3,T3,TN,Fakultet for teknologi og realfag (TN),Fakultet,5000,Fast Lønn & Sosiale Kostnader,5xxx Lønn,Fast Lønn & Sosiale Kostnader - 2026-M09 (TN),428818.92,EMP-107,EMP-127,True,OK,2026_UiA_Full_Oct
TX-21288,2026-10-09,2026-M10,Q4,T3,TN,Fakultet for teknologi og realfag (TN),Fakultet,5000,Fast Lønn & Sosiale Kostnader,5xxx Lønn,Fast Lønn & Sosiale Kostnader - 2026-M10 (TN),6084391.23,EMP-107,EMP-127,True,OK,2026_UiA_Full_Oct
TX-21289,2026-10-18,2026-M10,Q4,T3,TN,Fakultet for teknologi og realfag (TN),Fakultet,5000,Fast Lønn & Sosiale Kostnader,5xxx Lønn,Fast Lønn & Sosiale Kostnader - 2026-M10 (TN),5693196.18,EMP-107,EMP-127,True,OK,2026_UiA_Full_Oct
TX-21290,2026-10-27,2026-M10,Q4,T3,TN,Fakultet for teknologi og realfag (TN),Fakultet,5000,Fast Lønn & Sosiale Kostnader,5xxx Lønn,Fast Lønn & Sosiale Kostnader - 2026-M10 (TN),4292900.28,EMP-107,EMP-127,True,OK,2026_UiA_Full_Oct
TX-21291,2026-01-09,2026-M01,Q1,T1,TN,Fakultet for teknologi og realfag (TN),Fakultet,5330,Sensorhonorar & Timelønnede,5xxx Lønn,Sensorhonorar & Timelønnede - 2026-M01 (TN),1297603.81,EMP-107,EMP-127,True,OK,2026_UiA_Full_Oct
TX-21292,2026-01-18,2026-M01,Q1,T1,TN,Fakultet for teknologi og realfag (TN),Fakultet,5330,Sensorhonorar & Timelønnede,5xxx Lønn,Sensorhonorar & Timelønnede - 2026-M01 (TN),131223.23,EMP-107,EMP-127,True,OK,2026_UiA_Full_Oct
TX-21293,2026-01-27,2026-M01,Q1,T1,TN,Fakultet for teknologi og realfag (TN),Fakultet,5330,Sensorhonorar & Timelønnede,5xxx Lønn,Sensorhonorar & Timelønnede - 2026-M01 (TN),75311.7,EMP-107,EMP-127,True,OK,2026_UiA_Full_Oct
TX-21294,2026-02-09,2026-M02,Q1,T1,TN,Fakultet for teknologi og realfag (TN),Fakultet,5330,Sensorhonorar & Timelønnede,5xxx Lønn,Sensorhonorar & Timelønnede - 2026-M02 (TN),95600.41,EMP-107,EMP-127,True,OK,2026_UiA_Full_Oct
TX-21295,2026-02-18,2026-M02,Q1,T1,TN,Fakultet for teknologi og realfag (TN),Fakultet,5330,Sensorhonorar & Timelønnede,5xxx Lønn,Sensorhonorar & Timelønnede - 2026-M02 (TN),77938.6,EMP-107,EMP-127,True,OK,2026_UiA_Full_Oct
TX-21296,2026-02-27,2026-M02,Q1,T1,TN,Fakultet for teknologi og realfag (TN),Fakultet,5330,Sensorhonorar & Timelønnede,5xxx Lønn,Sensorhonorar & Timelønnede - 2026-M02 (TN),1332814.27,EMP-107,EMP-127,True,OK,2026_UiA_Full_Oct
TX-21297,2026-03-09,2026-M03,Q1,T1,TN,Fakultet for teknologi og realfag (TN),Fakultet,5330,Sensorhonorar & Timelønnede,5xxx Lønn,Sensorhonorar & Timelønnede - 2026-M03 (TN),136229.29,EMP-107,EMP-127,True,OK,2026_UiA_Full_Oct
TX-21298,2026-03-18,2026-M03,Q1,T1,TN,Fakultet for teknologi og realfag (TN),Fakultet,5330,Sensorhonorar & Timelønnede,5xxx Lønn,Sensorhonorar & Timelønnede - 2026-M03 (TN),741885.82,EMP-107,EMP-127,True,OK,2026_UiA_Full_Oct
TX-21299,2026-03-27,2026-M03,Q1,T1,TN,Fakultet for teknologi og realfag (TN),Fakultet,5330,Sensorhonorar & Timelønnede,5xxx Lønn,Sensorhonorar & Timelønnede - 2026-M03 (TN),624990.74,EMP-107,EMP-127,True,OK,2026_UiA_Full_Oct
TX-21300,2026-04-09,2026-M04,Q2,T1,TN,Fakultet for teknologi og realfag (TN),Fakultet,5330,Sensorhonorar & Timelønnede,5xxx Lønn,Sensorhonorar & Timelønnede - 2026-M04 (TN),645852.72,EMP-107,EMP-127,True,OK,2026_UiA_Full_Oct
TX-21301,2026-04-18,2026-M04,Q2,T1,TN,Fakultet for teknologi og realfag (TN),Fakultet,5330,Sensorhonorar & Timelønnede,5xxx Lønn,Sensorhonorar & Timelønnede - 2026-M04 (TN),284680.84,EMP-107,EMP-127,True,OK,2026_UiA_Full_Oct
TX-21302,2026-04-27,2026-M04,Q2,T1,TN,Fakultet for teknologi og realfag (TN),Fakultet,5330,Sensorhonorar & Timelønnede,5xxx Lønn,Sensorhonorar & Timelønnede - 2026-M04 (TN),559085.96,EMP-107,EMP-127,True,OK,2026_UiA_Full_Oct
TX-21303,2026-05-09,2026-M05,Q2,T2,TN,Fakultet for teknologi og realfag (TN),Fakultet,5330,Sensorhonorar & Timelønnede,5xxx Lønn,Sensorhonorar & Timelønnede - 2026-M05 (TN),1132946.81,EMP-107,EMP-127,True,OK,2026_UiA_Full_Oct
TX-21304,2026-05-18,2026-M05,Q2,T2,TN,Fakultet for teknologi og realfag (TN),Fakultet,5330,Sensorhonorar & Timelønnede,5xxx Lønn,Sensorhonorar & Timelønnede - 2026-M05 (TN),220221.53,EMP-107,EMP-127,True,OK,2026_UiA_Full_Oct
TX-21305,2026-05-27,2026-M05,Q2,T2,TN,Fakultet for teknologi og realfag (TN),Fakultet,5330,Sensorhonorar & Timelønnede,5xxx Lønn,Sensorhonorar & Timelønnede - 2026-M05 (TN),128190.91,EMP-107,EMP-127,True,OK,2026_UiA_Full_Oct
TX-21306,2026-06-09,2026-M06,Q2,T2,TN,Fakultet for teknologi og realfag (TN),Fakultet,5330,Sensorhonorar & Timelønnede,5xxx Lønn,Sensorhonorar & Timelønnede - 2026-M06 (TN),471905.69,EMP-107,EMP-127,True,OK,2026_UiA_Full_Oct
TX-21307,2026-06-18,2026-M06,Q2,T2,TN,Fakultet for teknologi og realfag (TN),Fakultet,5330,Sensorhonorar & Timelønnede,5xxx Lønn,Sensorhonorar & Timelønnede - 2026-M06 (TN),848652.45,EMP-107,EMP-127,True,OK,2026_UiA_Full_Oct
TX-21308,2026-06-27,2026-M06,Q2,T2,TN,Fakultet for teknologi og realfag (TN),Fakultet,5330,Sensorhonorar & Timelønnede,5xxx Lønn,Sensorhonorar & Timelønnede - 2026-M06 (TN),159248.72,EMP-107,EMP-127,True,OK,2026_UiA_Full_Oct
TX-21309,2026-07-09,2026-M07,Q3,T2,TN,Fakultet for teknologi og realfag (TN),Fakultet,5330,Sensorhonorar & Timelønnede,5xxx Lønn,Sensorhonorar & Timelønnede - 2026-M07 (TN),23100.68,EMP-107,EMP-127,True,OK,2026_UiA_Full_Oct
TX-21310,2026-07-18,2026-M07,Q3,T2,TN,Fakultet for teknologi og realfag (TN),Fakultet,5330,Sensorhonorar & Timelønnede,5xxx Lønn,Sensorhonorar & Timelønnede - 2026-M07 (TN),177432.08,EMP-107,EMP-127,True,OK,2026_UiA_Full_Oct
TX-21311,2026-07-27,2026-M07,Q3,T2,TN,Fakultet for teknologi og realfag (TN),Fakultet,5330,Sensorhonorar & Timelønnede,5xxx Lønn,Sensorhonorar & Timelønnede - 2026-M07 (TN),1275236.99,EMP-107,EMP-127,True,OK,2026_UiA_Full_Oct
TX-21312,2026-08-09,2026-M08,Q3,T2,TN,Fakultet for teknologi og realfag (TN),Fakultet,5330,Sensorhonorar & Timelønnede,5xxx Lønn,Sensorhonorar & Timelønnede - 2026-M08 (TN),557773.26,EMP-107,EMP-127,True,OK,2026_UiA_Full_Oct
TX-21313,2026-08-18,2026-M08,Q3,T2,TN,Fakultet for teknologi og realfag (TN),Fakultet,5330,Sensorhonorar & Timelønnede,5xxx Lønn,Sensorhonorar & Timelønnede - 2026-M08 (TN),474414.12,EMP-107,EMP-127,True,OK,2026_UiA_Full_Oct
TX-21314,2026-08-27,2026-M08,Q3,T2,TN,Fakultet for teknologi og realfag (TN),Fakultet,5330,Sensorhonorar & Timelønnede,5xxx Lønn,Sensorhonorar & Timelønnede - 2026-M08 (TN),445389.07,EMP-107,EMP-127,True,OK,2026_UiA_Full_Oct
TX-21315,2026-09-09,2026-M09,Q3,T3,TN,Fakultet for teknologi og realfag (TN),Fakultet,5330,Sensorhonorar & Timelønnede,5xxx Lønn,Sensorhonorar & Timelønnede - 2026-M09 (TN),517769.51,EMP-107,EMP-127,True,OK,2026_UiA_Full_Oct
TX-21316,2026-09-18,2026-M09,Q3,T3,TN,Fakultet for teknologi og realfag (TN),Fakultet,5330,Sensorhonorar & Timelønnede,5xxx Lønn,Sensorhonorar & Timelønnede - 2026-M09 (TN),4831.45,EMP-107,EMP-127,True,OK,2026_UiA_Full_Oct
TX-21317,2026-09-27,2026-M09,Q3,T3,TN,Fakultet for teknologi og realfag (TN),Fakultet,5330,Sensorhonorar & Timelønnede,5xxx Lønn,Sensorhonorar & Timelønnede - 2026-M09 (TN),956414.44,EMP-107,EMP-127,True,OK,2026_UiA_Full_Oct
TX-21318,2026-10-09,2026-M10,Q4,T3,TN,Fakultet for teknologi og realfag (TN),Fakultet,5330,Sensorhonorar & Timelønnede,5xxx Lønn,Sensorhonorar & Timelønnede - 2026-M10 (TN),120634.82,EMP-107,EMP-127,True,OK,2026_UiA_Full_Oct
TX-21319,2026-10-18,2026-M10,Q4,T3,TN,Fakultet for teknologi og realfag (TN),Fakultet,5330,Sensorhonorar & Timelønnede,5xxx Lønn,Sensorhonorar & Timelønnede - 2026-M10 (TN),175543.4,EMP-107,EMP-127,True,OK,2026_UiA_Full_Oct
TX-21320,2026-10-27,2026-M10,Q4,T3,TN,Fakultet for teknologi og realfag (TN),Fakultet,5330,Sensorhonorar & Timelønnede,5xxx Lønn,Sensorhonorar & Timelønnede - 2026-M10 (TN),1204418.46,EMP-107,EMP-127,True,OK,2026_UiA_Full_Oct
TX-21321,2026-01-09,2026-M01,Q1,T1,TN,Fakultet for teknologi og realfag (TN),Fakultet,6000,Husleie & Eiendomsdrift,6xxx Drift,Husleie & Eiendomsdrift - 2026-M01 (TN),1046085.28,EMP-107,EMP-127,True,OK,2026_UiA_Full_Oct
TX-21322,2026-01-18,2026-M01,Q1,T1,TN,Fakultet for teknologi og realfag (TN),Fakultet,6000,Husleie & Eiendomsdrift,6xxx Drift,Husleie & Eiendomsdrift - 2026-M01 (TN),334147.98,EMP-107,EMP-127,True,OK,2026_UiA_Full_Oct
TX-21323,2026-01-27,2026-M01,Q1,T1,TN,Fakultet for teknologi og realfag (TN),Fakultet,6000,Husleie & Eiendomsdrift,6xxx Drift,Husleie & Eiendomsdrift - 2026-M01 (TN),2077359.2,EMP-107,EMP-127,True,OK,2026_UiA_Full_Oct
TX-21324,2026-02-09,2026-M02,Q1,T1,TN,Fakultet for teknologi og realfag (TN),Fakultet,6000,Husleie & Eiendomsdrift,6xxx Drift,Husleie & Eiendomsdrift - 2026-M02 (TN),948782.37,EMP-107,EMP-127,True,OK,2026_UiA_Full_Oct
TX-21325,2026-02-18,2026-M02,Q1,T1,TN,Fakultet for teknologi og realfag (TN),Fakultet,6000,Husleie & Eiendomsdrift,6xxx Drift,Husleie & Eiendomsdrift - 2026-M02 (TN),399496.85,EMP-107,EMP-127,True,OK,2026_UiA_Full_Oct
TX-21326,2026-02-27,2026-M02,Q1,T1,TN,Fakultet for teknologi og realfag (TN),Fakultet,6000,Husleie & Eiendomsdrift,6xxx Drift,Husleie & Eiendomsdrift - 2026-M02 (TN),2155854.0,EMP-107,EMP-127,True,OK,2026_UiA_Full_Oct
TX-21327,2026-03-09,2026-M03,Q1,T1,TN,Fakultet for teknologi og realfag (TN),Fakultet,6000,Husleie & Eiendomsdrift,6xxx Drift,Husleie & Eiendomsdrift - 2026-M03 (TN),1192329.16,EMP-107,EMP-127,True,OK,2026_UiA_Full_Oct
TX-21328,2026-03-18,2026-M03,Q1,T1,TN,Fakultet for teknologi og realfag (TN),Fakultet,6000,Husleie & Eiendomsdrift,6xxx Drift,Husleie & Eiendomsdrift - 2026-M03 (TN),2100919.61,EMP-107,EMP-127,True,OK,2026_UiA_Full_Oct
TX-21329,2026-03-27,2026-M03,Q1,T1,TN,Fakultet for teknologi og realfag (TN),Fakultet,6000,Husleie & Eiendomsdrift,6xxx Drift,Husleie & Eiendomsdrift - 2026-M03 (TN),151308.95,EMP-107,EMP-127,True,OK,2026_UiA_Full_Oct
TX-21330,2026-04-09,2026-M04,Q2,T1,TN,Fakultet for teknologi og realfag (TN),Fakultet,6000,Husleie & Eiendomsdrift,6xxx Drift,Husleie & Eiendomsdrift - 2026-M04 (TN),333493.68,EMP-107,EMP-127,True,OK,2026_UiA_Full_Oct
TX-21331,2026-04-18,2026-M04,Q2,T1,TN,Fakultet for teknologi og realfag (TN),Fakultet,6000,Husleie & Eiendomsdrift,6xxx Drift,Husleie & Eiendomsdrift - 2026-M04 (TN),1335159.59,EMP-107,EMP-127,True,OK,2026_UiA_Full_Oct
TX-21332,2026-04-27,2026-M04,Q2,T1,TN,Fakultet for teknologi og realfag (TN),Fakultet,6000,Husleie & Eiendomsdrift,6xxx Drift,Husleie & Eiendomsdrift - 2026-M04 (TN),1798802.94,EMP-107,EMP-127,True,OK,2026_UiA_Full_Oct
TX-21333,2026-05-09,2026-M05,Q2,T2,TN,Fakultet for teknologi og realfag (TN),Fakultet,6000,Husleie & Eiendomsdrift,6xxx Drift,Husleie & Eiendomsdrift - 2026-M05 (TN),506505.5,EMP-107,EMP-127,True,OK,2026_UiA_Full_Oct
TX-21334,2026-05-18,2026-M05,Q2,T2,TN,Fakultet for teknologi og realfag (TN),Fakultet,6000,Husleie & Eiendomsdrift,6xxx Drift,Husleie & Eiendomsdrift - 2026-M05 (TN),1831217.7,EMP-107,EMP-127,True,OK,2026_UiA_Full_Oct
TX-21335,2026-05-27,2026-M05,Q2,T2,TN,Fakultet for teknologi og realfag (TN),Fakultet,6000,Husleie & Eiendomsdrift,6xxx Drift,Husleie & Eiendomsdrift - 2026-M05 (TN),1151073.65,EMP-107,EMP-127,True,OK,2026_UiA_Full_Oct
TX-21336,2026-06-09,2026-M06,Q2,T2,TN,Fakultet for teknologi og realfag (TN),Fakultet,6000,Husleie & Eiendomsdrift,6xxx Drift,Husleie & Eiendomsdrift - 2026-M06 (TN),2181832.61,EMP-107,EMP-127,True,OK,2026_UiA_Full_Oct
TX-21337,2026-06-18,2026-M06,Q2,T2,TN,Fakultet for teknologi og realfag (TN),Fakultet,6000,Husleie & Eiendomsdrift,6xxx Drift,Husleie & Eiendomsdrift - 2026-M06 (TN),1175716.24,EMP-107,EMP-127,True,OK,2026_UiA_Full_Oct
TX-21338,2026-06-27,2026-M06,Q2,T2,TN,Fakultet for teknologi og realfag (TN),Fakultet,6000,Husleie & Eiendomsdrift,6xxx Drift,Husleie & Eiendomsdrift - 2026-M06 (TN),101216.8,EMP-107,EMP-127,True,OK,2026_UiA_Full_Oct
TX-21339,2026-07-09,2026-M07,Q3,T2,TN,Fakultet for teknologi og realfag (TN),Fakultet,6000,Husleie & Eiendomsdrift,6xxx Drift,Husleie & Eiendomsdrift - 2026-M07 (TN),1435722.88,EMP-107,EMP-127,True,OK,2026_UiA_Full_Oct
TX-21340,2026-07-18,2026-M07,Q3,T2,TN,Fakultet for teknologi og realfag (TN),Fakultet,6000,Husleie & Eiendomsdrift,6xxx Drift,Husleie & Eiendomsdrift - 2026-M07 (TN),1153602.41,EMP-107,EMP-127,True,OK,2026_UiA_Full_Oct
TX-21341,2026-07-27,2026-M07,Q3,T2,TN,Fakultet for teknologi og realfag (TN),Fakultet,6000,Husleie & Eiendomsdrift,6xxx Drift,Husleie & Eiendomsdrift - 2026-M07 (TN),931310.89,EMP-107,EMP-127,True,OK,2026_UiA_Full_Oct
TX-21342,2026-08-09,2026-M08,Q3,T2,TN,Fakultet for teknologi og realfag (TN),Fakultet,6000,Husleie & Eiendomsdrift,6xxx Drift,Husleie & Eiendomsdrift - 2026-M08 (TN),534991.6,EMP-107,EMP-127,True,OK,2026_UiA_Full_Oct
TX-21343,2026-08-18,2026-M08,Q3,T2,TN,Fakultet for teknologi og realfag (TN),Fakultet,6000,Husleie & Eiendomsdrift,6xxx Drift,Husleie & Eiendomsdrift - 2026-M08 (TN),2632389.31,EMP-107,EMP-127,True,OK,2026_UiA_Full_Oct
TX-21344,2026-08-27,2026-M08,Q3,T2,TN,Fakultet for teknologi og realfag (TN),Fakultet,6000,Husleie & Eiendomsdrift,6xxx Drift,Husleie & Eiendomsdrift - 2026-M08 (TN),371851.55,EMP-107,EMP-127,True,OK,2026_UiA_Full_Oct
TX-21345,2026-09-09,2026-M09,Q3,T3,TN,Fakultet for teknologi og realfag (TN),Fakultet,6000,Husleie & Eiendomsdrift,6xxx Drift,Husleie & Eiendomsdrift - 2026-M09 (TN),1822967.01,EMP-107,EMP-127,True,OK,2026_UiA_Full_Oct
TX-21346,2026-09-18,2026-M09,Q3,T3,TN,Fakultet for teknologi og realfag (TN),Fakultet,6000,Husleie & Eiendomsdrift,6xxx Drift,Husleie & Eiendomsdrift - 2026-M09 (TN),339103.71,EMP-107,EMP-127,True,OK,2026_UiA_Full_Oct
TX-21347,2026-09-27,2026-M09,Q3,T3,TN,Fakultet for teknologi og realfag (TN),Fakultet,6000,Husleie & Eiendomsdrift,6xxx Drift,Husleie & Eiendomsdrift - 2026-M09 (TN),1310950.01,EMP-107,EMP-127,True,OK,2026_UiA_Full_Oct
TX-21348,2026-10-09,2026-M10,Q4,T3,TN,Fakultet for teknologi og realfag (TN),Fakultet,6000,Husleie & Eiendomsdrift,6xxx Drift,Husleie & Eiendomsdrift - 2026-M10 (TN),386599.08,EMP-107,EMP-127,True,OK,2026_UiA_Full_Oct
TX-21349,2026-10-18,2026-M10,Q4,T3,TN,Fakultet for teknologi og realfag (TN),Fakultet,6000,Husleie & Eiendomsdrift,6xxx Drift,Husleie & Eiendomsdrift - 2026-M10 (TN),1368274.58,EMP-107,EMP-127,True,OK,2026_UiA_Full_Oct
TX-21350,2026-10-27,2026-M10,Q4,T3,TN,Fakultet for teknologi og realfag (TN),Fakultet,6000,Husleie & Eiendomsdrift,6xxx Drift,Husleie & Eiendomsdrift - 2026-M10 (TN),1781363.57,EMP-107,EMP-127,True,OK,2026_UiA_Full_Oct
TX-21351,2026-01-09,2026-M01,Q1,T1,TN,Fakultet for teknologi og realfag (TN),Fakultet,6800,"IKT, Rekvisita & Utstyr",6xxx Drift,"IKT, Rekvisita & Utstyr - 2026-M01 (TN)",542895.27,EMP-107,EMP-127,True,OK,2026_UiA_Full_Oct
TX-21352,2026-01-18,2026-M01,Q1,T1,TN,Fakultet for teknologi og realfag (TN),Fakultet,6800,"IKT, Rekvisita & Utstyr",6xxx Drift,"IKT, Rekvisita & Utstyr - 2026-M01 (TN)",1428783.82,EMP-107,EMP-127,True,OK,2026_UiA_Full_Oct
TX-21353,2026-01-27,2026-M01,Q1,T1,TN,Fakultet for teknologi og realfag (TN),Fakultet,6800,"IKT, Rekvisita & Utstyr",6xxx Drift,"IKT, Rekvisita & Utstyr - 2026-M01 (TN)",41923.76,EMP-107,EMP-127,True,OK,2026_UiA_Full_Oct
TX-21354,2026-02-09,2026-M02,Q1,T1,TN,Fakultet for teknologi og realfag (TN),Fakultet,6800,"IKT, Rekvisita & Utstyr",6xxx Drift,"IKT, Rekvisita & Utstyr - 2026-M02 (TN)",952576.91,EMP-107,EMP-127,True,OK,2026_UiA_Full_Oct
TX-21355,2026-02-18,2026-M02,Q1,T1,TN,Fakultet for teknologi og realfag (TN),Fakultet,6800,"IKT, Rekvisita & Utstyr",6xxx Drift,"IKT, Rekvisita & Utstyr - 2026-M02 (TN)",389857.88,EMP-107,EMP-127,True,OK,2026_UiA_Full_Oct
TX-21356,2026-02-27,2026-M02,Q1,T1,TN,Fakultet for teknologi og realfag (TN),Fakultet,6800,"IKT, Rekvisita & Utstyr",6xxx Drift,"IKT, Rekvisita & Utstyr - 2026-M02 (TN)",634435.49,EMP-107,EMP-127,True,OK,2026_UiA_Full_Oct
TX-21357,2026-03-09,2026-M03,Q1,T1,TN,Fakultet for teknologi og realfag (TN),Fakultet,6800,"IKT, Rekvisita & Utstyr",6xxx Drift,"IKT, Rekvisita & Utstyr - 2026-M03 (TN)",1127370.48,EMP-107,EMP-127,True,OK,2026_UiA_Full_Oct
TX-21358,2026-03-18,2026-M03,Q1,T1,TN,Fakultet for teknologi og realfag (TN),Fakultet,6800,"IKT, Rekvisita & Utstyr",6xxx Drift,"IKT, Rekvisita & Utstyr - 2026-M03 (TN)",119718.02,EMP-107,EMP-127,True,OK,2026_UiA_Full_Oct
TX-21359,2026-03-27,2026-M03,Q1,T1,TN,Fakultet for teknologi og realfag (TN),Fakultet,6800,"IKT, Rekvisita & Utstyr",6xxx Drift,"IKT, Rekvisita & Utstyr - 2026-M03 (TN)",771058.14,EMP-107,EMP-127,True,OK,2026_UiA_Full_Oct
TX-21360,2026-04-09,2026-M04,Q2,T1,TN,Fakultet for teknologi og realfag (TN),Fakultet,6800,"IKT, Rekvisita & Utstyr",6xxx Drift,"IKT, Rekvisita & Utstyr - 2026-M04 (TN)",1557279.79,EMP-107,EMP-127,True,OK,2026_UiA_Full_Oct
TX-21361,2026-04-18,2026-M04,Q2,T1,TN,Fakultet for teknologi og realfag (TN),Fakultet,6800,"IKT, Rekvisita & Utstyr",6xxx Drift,"IKT, Rekvisita & Utstyr - 2026-M04 (TN)",283332.01,EMP-107,EMP-127,True,OK,2026_UiA_Full_Oct
TX-21362,2026-04-27,2026-M04,Q2,T1,TN,Fakultet for teknologi og realfag (TN),Fakultet,6800,"IKT, Rekvisita & Utstyr",6xxx Drift,"IKT, Rekvisita & Utstyr - 2026-M04 (TN)",139328.37,EMP-107,EMP-127,True,OK,2026_UiA_Full_Oct
TX-21363,2026-05-09,2026-M05,Q2,T2,TN,Fakultet for teknologi og realfag (TN),Fakultet,6800,"IKT, Rekvisita & Utstyr",6xxx Drift,"IKT, Rekvisita & Utstyr - 2026-M05 (TN)",1659303.56,EMP-107,EMP-127,True,OK,2026_UiA_Full_Oct
TX-21364,2026-05-18,2026-M05,Q2,T2,TN,Fakultet for teknologi og realfag (TN),Fakultet,6800,"IKT, Rekvisita & Utstyr",6xxx Drift,"IKT, Rekvisita & Utstyr - 2026-M05 (TN)",7239.62,EMP-107,EMP-127,True,OK,2026_UiA_Full_Oct
TX-21365,2026-05-27,2026-M05,Q2,T2,TN,Fakultet for teknologi og realfag (TN),Fakultet,6800,"IKT, Rekvisita & Utstyr",6xxx Drift,"IKT, Rekvisita & Utstyr - 2026-M05 (TN)",323446.2,EMP-107,EMP-127,True,OK,2026_UiA_Full_Oct
TX-21366,2026-06-09,2026-M06,Q2,T2,TN,Fakultet for teknologi og realfag (TN),Fakultet,6800,"IKT, Rekvisita & Utstyr",6xxx Drift,"IKT, Rekvisita & Utstyr - 2026-M06 (TN)",690293.35,EMP-107,EMP-127,True,OK,2026_UiA_Full_Oct
TX-21367,2026-06-18,2026-M06,Q2,T2,TN,Fakultet for teknologi og realfag (TN),Fakultet,6800,"IKT, Rekvisita & Utstyr",6xxx Drift,"IKT, Rekvisita & Utstyr - 2026-M06 (TN)",622976.78,EMP-107,EMP-127,True,OK,2026_UiA_Full_Oct
TX-21368,2026-06-27,2026-M06,Q2,T2,TN,Fakultet for teknologi og realfag (TN),Fakultet,6800,"IKT, Rekvisita & Utstyr",6xxx Drift,"IKT, Rekvisita & Utstyr - 2026-M06 (TN)",678122.1,EMP-107,EMP-127,True,OK,2026_UiA_Full_Oct
TX-21369,2026-07-09,2026-M07,Q3,T2,TN,Fakultet for teknologi og realfag (TN),Fakultet,6800,"IKT, Rekvisita & Utstyr",6xxx Drift,"IKT, Rekvisita & Utstyr - 2026-M07 (TN)",1522007.24,EMP-107,EMP-127,True,OK,2026_UiA_Full_Oct
TX-21370,2026-07-18,2026-M07,Q3,T2,TN,Fakultet for teknologi og realfag (TN),Fakultet,6800,"IKT, Rekvisita & Utstyr",6xxx Drift,"IKT, Rekvisita & Utstyr - 2026-M07 (TN)",367294.93,EMP-107,EMP-127,False,BRUDD: Mangler kvittering (>100 NOK),2026_UiA_Full_Oct
TX-21371,2026-07-27,2026-M07,Q3,T2,TN,Fakultet for teknologi og realfag (TN),Fakultet,6800,"IKT, Rekvisita & Utstyr",6xxx Drift,"IKT, Rekvisita & Utstyr - 2026-M07 (TN)",97940.04,EMP-107,EMP-127,True,OK,2026_UiA_Full_Oct
TX-21372,2026-08-09,2026-M08,Q3,T2,TN,Fakultet for teknologi og realfag (TN),Fakultet,6800,"IKT, Rekvisita & Utstyr",6xxx Drift,"IKT, Rekvisita & Utstyr - 2026-M08 (TN)",1038436.76,EMP-107,EMP-127,True,OK,2026_UiA_Full_Oct
TX-21373,2026-08-18,2026-M08,Q3,T2,TN,Fakultet for teknologi og realfag (TN),Fakultet,6800,"IKT, Rekvisita & Utstyr",6xxx Drift,"IKT, Rekvisita & Utstyr - 2026-M08 (TN)",123794.24,EMP-107,EMP-127,True,OK,2026_UiA_Full_Oct
TX-21374,2026-08-27,2026-M08,Q3,T2,TN,Fakultet for teknologi og realfag (TN),Fakultet,6800,"IKT, Rekvisita & Utstyr",6xxx Drift,"IKT, Rekvisita & Utstyr - 2026-M08 (TN)",808457.71,EMP-107,EMP-127,True,OK,2026_UiA_Full_Oct
TX-21375,2026-09-09,2026-M09,Q3,T3,TN,Fakultet for teknologi og realfag (TN),Fakultet,6800,"IKT, Rekvisita & Utstyr",6xxx Drift,"IKT, Rekvisita & Utstyr - 2026-M09 (TN)",340276.64,EMP-107,EMP-127,True,OK,2026_UiA_Full_Oct
TX-21376,2026-09-18,2026-M09,Q3,T3,TN,Fakultet for teknologi og realfag (TN),Fakultet,6800,"IKT, Rekvisita & Utstyr",6xxx Drift,"IKT, Rekvisita & Utstyr - 2026-M09 (TN)",1224428.82,EMP-107,EMP-127,False,BRUDD: Mangler kvittering (>100 NOK),2026_UiA_Full_Oct
TX-21377,2026-09-27,2026-M09,Q3,T3,TN,Fakultet for teknologi og realfag (TN),Fakultet,6800,"IKT, Rekvisita & Utstyr",6xxx Drift,"IKT, Rekvisita & Utstyr - 2026-M09 (TN)",431278.14,EMP-107,EMP-127,True,OK,2026_UiA_Full_Oct
TX-21378,2026-10-09,2026-M10,Q4,T3,TN,Fakultet for teknologi og realfag (TN),Fakultet,6800,"IKT, Rekvisita & Utstyr",6xxx Drift,"IKT, Rekvisita & Utstyr - 2026-M10 (TN)",405988.43,EMP-107,EMP-127,True,OK,2026_UiA_Full_Oct
TX-21379,2026-10-18,2026-M10,Q4,T3,TN,Fakultet for teknologi og realfag (TN),Fakultet,6800,"IKT, Rekvisita & Utstyr",6xxx Drift,"IKT, Rekvisita & Utstyr - 2026-M10 (TN)",93995.37,EMP-107,EMP-127,True,OK,2026_UiA_Full_Oct
TX-21380,2026-10-27,2026-M10,Q4,T3,TN,Fakultet for teknologi og realfag (TN),Fakultet,6800,"IKT, Rekvisita & Utstyr",6xxx Drift,"IKT, Rekvisita & Utstyr - 2026-M10 (TN)",1494788.19,EMP-107,EMP-127,True,OK,2026_UiA_Full_Oct
TX-21381,2026-01-09,2026-M01,Q1,T1,TN,Fakultet for teknologi og realfag (TN),Fakultet,7100,Reise & Representasjon,7xxx Reiser,Reise & Representasjon - 2026-M01 (TN),101570.54,EMP-107,EMP-127,True,OK,2026_UiA_Full_Oct
TX-21382,2026-01-18,2026-M01,Q1,T1,TN,Fakultet for teknologi og realfag (TN),Fakultet,7100,Reise & Representasjon,7xxx Reiser,Reise & Representasjon - 2026-M01 (TN),493906.56,EMP-107,EMP-127,True,OK,2026_UiA_Full_Oct
TX-21383,2026-01-27,2026-M01,Q1,T1,TN,Fakultet for teknologi og realfag (TN),Fakultet,7100,Reise & Representasjon,7xxx Reiser,Reise & Representasjon - 2026-M01 (TN),668946.23,EMP-107,EMP-127,True,OK,2026_UiA_Full_Oct
TX-21384,2026-02-09,2026-M02,Q1,T1,TN,Fakultet for teknologi og realfag (TN),Fakultet,7100,Reise & Representasjon,7xxx Reiser,Reise & Representasjon - 2026-M02 (TN),239560.69,EMP-107,EMP-127,True,OK,2026_UiA_Full_Oct
TX-21385,2026-02-18,2026-M02,Q1,T1,TN,Fakultet for teknologi og realfag (TN),Fakultet,7100,Reise & Representasjon,7xxx Reiser,Reise & Representasjon - 2026-M02 (TN),982153.94,EMP-107,EMP-127,True,OK,2026_UiA_Full_Oct
TX-21386,2026-02-27,2026-M02,Q1,T1,TN,Fakultet for teknologi og realfag (TN),Fakultet,7100,Reise & Representasjon,7xxx Reiser,Reise & Representasjon - 2026-M02 (TN),26937.23,EMP-107,EMP-127,True,OK,2026_UiA_Full_Oct
TX-21387,2026-03-09,2026-M03,Q1,T1,TN,Fakultet for teknologi og realfag (TN),Fakultet,7100,Reise & Representasjon,7xxx Reiser,Reise & Representasjon - 2026-M03 (TN),534144.96,EMP-107,EMP-127,True,OK,2026_UiA_Full_Oct
TX-21388,2026-03-18,2026-M03,Q1,T1,TN,Fakultet for teknologi og realfag (TN),Fakultet,7100,Reise & Representasjon,7xxx Reiser,Reise & Representasjon - 2026-M03 (TN),133695.66,EMP-107,EMP-127,True,OK,2026_UiA_Full_Oct
TX-21389,2026-03-27,2026-M03,Q1,T1,TN,Fakultet for teknologi og realfag (TN),Fakultet,7100,Reise & Representasjon,7xxx Reiser,Reise & Representasjon - 2026-M03 (TN),562578.8,EMP-107,EMP-127,True,OK,2026_UiA_Full_Oct
TX-21390,2026-04-09,2026-M04,Q2,T1,TN,Fakultet for teknologi og realfag (TN),Fakultet,7100,Reise & Representasjon,7xxx Reiser,Reise & Representasjon - 2026-M04 (TN),329379.79,EMP-107,EMP-127,True,OK,2026_UiA_Full_Oct
TX-21391,2026-04-18,2026-M04,Q2,T1,TN,Fakultet for teknologi og realfag (TN),Fakultet,7100,Reise & Representasjon,7xxx Reiser,Reise & Representasjon - 2026-M04 (TN),573778.55,EMP-107,EMP-127,True,OK,2026_UiA_Full_Oct
TX-21392,2026-04-27,2026-M04,Q2,T1,TN,Fakultet for teknologi og realfag (TN),Fakultet,7100,Reise & Representasjon,7xxx Reiser,Reise & Representasjon - 2026-M04 (TN),334226.59,EMP-107,EMP-127,True,OK,2026_UiA_Full_Oct
TX-21393,2026-05-09,2026-M05,Q2,T2,TN,Fakultet for teknologi og realfag (TN),Fakultet,7100,Reise & Representasjon,7xxx Reiser,Reise & Representasjon - 2026-M05 (TN),509239.04,EMP-107,EMP-127,True,OK,2026_UiA_Full_Oct
TX-21394,2026-05-18,2026-M05,Q2,T2,TN,Fakultet for teknologi og realfag (TN),Fakultet,7100,Reise & Representasjon,7xxx Reiser,Reise & Representasjon - 2026-M05 (TN),608778.58,EMP-107,EMP-127,True,OK,2026_UiA_Full_Oct
TX-21395,2026-05-27,2026-M05,Q2,T2,TN,Fakultet for teknologi og realfag (TN),Fakultet,7100,Reise & Representasjon,7xxx Reiser,Reise & Representasjon - 2026-M05 (TN),145640.14,EMP-107,EMP-127,True,OK,2026_UiA_Full_Oct
TX-21396,2026-06-09,2026-M06,Q2,T2,TN,Fakultet for teknologi og realfag (TN),Fakultet,7100,Reise & Representasjon,7xxx Reiser,Reise & Representasjon - 2026-M06 (TN),796216.22,EMP-107,EMP-127,True,OK,2026_UiA_Full_Oct
TX-21397,2026-06-18,2026-M06,Q2,T2,TN,Fakultet for teknologi og realfag (TN),Fakultet,7100,Reise & Representasjon,7xxx Reiser,Reise & Representasjon - 2026-M06 (TN),176006.15,EMP-107,EMP-127,True,OK,2026_UiA_Full_Oct
TX-21398,2026-06-27,2026-M06,Q2,T2,TN,Fakultet for teknologi og realfag (TN),Fakultet,7100,Reise & Representasjon,7xxx Reiser,Reise & Representasjon - 2026-M06 (TN),270586.49,EMP-107,EMP-127,True,OK,2026_UiA_Full_Oct
TX-21399,2026-07-09,2026-M07,Q3,T2,TN,Fakultet for teknologi og realfag (TN),Fakultet,7100,Reise & Representasjon,7xxx Reiser,Reise & Representasjon - 2026-M07 (TN),33225.47,EMP-107,EMP-127,True,OK,2026_UiA_Full_Oct
TX-21400,2026-07-18,2026-M07,Q3,T2,TN,Fakultet for teknologi og realfag (TN),Fakultet,7100,Reise & Representasjon,7xxx Reiser,Reise & Representasjon - 2026-M07 (TN),1053303.84,EMP-107,EMP-127,False,BRUDD: Mangler kvittering (>100 NOK),2026_UiA_Full_Oct
TX-21401,2026-07-27,2026-M07,Q3,T2,TN,Fakultet for teknologi og realfag (TN),Fakultet,7100,Reise & Representasjon,7xxx Reiser,Reise & Representasjon - 2026-M07 (TN),162687.44,EMP-107,EMP-127,True,OK,2026_UiA_Full_Oct
TX-21402,2026-08-09,2026-M08,Q3,T2,TN,Fakultet for teknologi og realfag (TN),Fakultet,7100,Reise & Representasjon,7xxx Reiser,Reise & Representasjon - 2026-M08 (TN),734658.56,EMP-107,EMP-127,True,OK,2026_UiA_Full_Oct
TX-21403,2026-08-18,2026-M08,Q3,T2,TN,Fakultet for teknologi og realfag (TN),Fakultet,7100,Reise & Representasjon,7xxx Reiser,Reise & Representasjon - 2026-M08 (TN),493714.04,EMP-107,EMP-127,True,OK,2026_UiA_Full_Oct
TX-21404,2026-08-27,2026-M08,Q3,T2,TN,Fakultet for teknologi og realfag (TN),Fakultet,7100,Reise & Representasjon,7xxx Reiser,Reise & Representasjon - 2026-M08 (TN),25375.28,EMP-107,EMP-127,True,OK,2026_UiA_Full_Oct
TX-21405,2026-09-09,2026-M09,Q3,T3,TN,Fakultet for teknologi og realfag (TN),Fakultet,7100,Reise & Representasjon,7xxx Reiser,Reise & Representasjon - 2026-M09 (TN),155029.38,EMP-107,EMP-127,True,OK,2026_UiA_Full_Oct
TX-21406,2026-09-18,2026-M09,Q3,T3,TN,Fakultet for teknologi og realfag (TN),Fakultet,7100,Reise & Representasjon,7xxx Reiser,Reise & Representasjon - 2026-M09 (TN),388361.47,EMP-107,EMP-127,True,OK,2026_UiA_Full_Oct
TX-21407,2026-09-27,2026-M09,Q3,T3,TN,Fakultet for teknologi og realfag (TN),Fakultet,7100,Reise & Representasjon,7xxx Reiser,Reise & Representasjon - 2026-M09 (TN),718507.85,EMP-107,EMP-127,False,BRUDD: Mangler kvittering (>100 NOK),2026_UiA_Full_Oct
TX-21408,2026-10-09,2026-M10,Q4,T3,TN,Fakultet for teknologi og realfag (TN),Fakultet,7100,Reise & Representasjon,7xxx Reiser,Reise & Representasjon - 2026-M10 (TN),651211.5,EMP-107,EMP-127,True,OK,2026_UiA_Full_Oct
TX-21409,2026-10-18,2026-M10,Q4,T3,TN,Fakultet for teknologi og realfag (TN),Fakultet,7100,Reise & Representasjon,7xxx Reiser,Reise & Representasjon - 2026-M10 (TN),567271.35,EMP-107,EMP-127,True,OK,2026_UiA_Full_Oct
TX-21410,2026-10-27,2026-M10,Q4,T3,TN,Fakultet for teknologi og realfag (TN),Fakultet,7100,Reise & Representasjon,7xxx Reiser,Reise & Representasjon - 2026-M10 (TN),11064.9,EMP-107,EMP-127,True,OK,2026_UiA_Full_Oct
TX-21411,2026-01-09,2026-M01,Q1,T1,TN,Fakultet for teknologi og realfag (TN),Fakultet,7800,Andre Driftskostnader & Konsulenter,7xxx Reiser,Andre Driftskostnader & Konsulenter - 2026-M01 (TN),500538.63,EMP-107,EMP-127,True,OK,2026_UiA_Full_Oct
TX-21412,2026-01-18,2026-M01,Q1,T1,TN,Fakultet for teknologi og realfag (TN),Fakultet,7800,Andre Driftskostnader & Konsulenter,7xxx Reiser,Andre Driftskostnader & Konsulenter - 2026-M01 (TN),118617.86,EMP-107,EMP-127,True,OK,2026_UiA_Full_Oct
TX-21413,2026-01-27,2026-M01,Q1,T1,TN,Fakultet for teknologi og realfag (TN),Fakultet,7800,Andre Driftskostnader & Konsulenter,7xxx Reiser,Andre Driftskostnader & Konsulenter - 2026-M01 (TN),139704.08,EMP-107,EMP-127,True,OK,2026_UiA_Full_Oct
TX-21414,2026-02-09,2026-M02,Q1,T1,TN,Fakultet for teknologi og realfag (TN),Fakultet,7800,Andre Driftskostnader & Konsulenter,7xxx Reiser,Andre Driftskostnader & Konsulenter - 2026-M02 (TN),615857.15,EMP-107,EMP-127,True,OK,2026_UiA_Full_Oct
TX-21415,2026-02-18,2026-M02,Q1,T1,TN,Fakultet for teknologi og realfag (TN),Fakultet,7800,Andre Driftskostnader & Konsulenter,7xxx Reiser,Andre Driftskostnader & Konsulenter - 2026-M02 (TN),15425.96,EMP-107,EMP-127,True,OK,2026_UiA_Full_Oct
TX-21416,2026-02-27,2026-M02,Q1,T1,TN,Fakultet for teknologi og realfag (TN),Fakultet,7800,Andre Driftskostnader & Konsulenter,7xxx Reiser,Andre Driftskostnader & Konsulenter - 2026-M02 (TN),119754.02,EMP-107,EMP-127,True,OK,2026_UiA_Full_Oct
TX-21417,2026-03-09,2026-M03,Q1,T1,TN,Fakultet for teknologi og realfag (TN),Fakultet,7800,Andre Driftskostnader & Konsulenter,7xxx Reiser,Andre Driftskostnader & Konsulenter - 2026-M03 (TN),282486.48,EMP-107,EMP-127,True,OK,2026_UiA_Full_Oct
TX-21418,2026-03-18,2026-M03,Q1,T1,TN,Fakultet for teknologi og realfag (TN),Fakultet,7800,Andre Driftskostnader & Konsulenter,7xxx Reiser,Andre Driftskostnader & Konsulenter - 2026-M03 (TN),51333.01,EMP-107,EMP-127,True,OK,2026_UiA_Full_Oct
TX-21419,2026-03-27,2026-M03,Q1,T1,TN,Fakultet for teknologi og realfag (TN),Fakultet,7800,Andre Driftskostnader & Konsulenter,7xxx Reiser,Andre Driftskostnader & Konsulenter - 2026-M03 (TN),423151.97,EMP-107,EMP-127,True,OK,2026_UiA_Full_Oct
TX-21420,2026-04-09,2026-M04,Q2,T1,TN,Fakultet for teknologi og realfag (TN),Fakultet,7800,Andre Driftskostnader & Konsulenter,7xxx Reiser,Andre Driftskostnader & Konsulenter - 2026-M04 (TN),265236.6,EMP-107,EMP-127,True,OK,2026_UiA_Full_Oct
TX-21421,2026-04-18,2026-M04,Q2,T1,TN,Fakultet for teknologi og realfag (TN),Fakultet,7800,Andre Driftskostnader & Konsulenter,7xxx Reiser,Andre Driftskostnader & Konsulenter - 2026-M04 (TN),253689.0,EMP-107,EMP-127,True,OK,2026_UiA_Full_Oct
TX-21422,2026-04-27,2026-M04,Q2,T1,TN,Fakultet for teknologi og realfag (TN),Fakultet,7800,Andre Driftskostnader & Konsulenter,7xxx Reiser,Andre Driftskostnader & Konsulenter - 2026-M04 (TN),227245.09,EMP-107,EMP-127,True,OK,2026_UiA_Full_Oct
TX-21423,2026-05-09,2026-M05,Q2,T2,TN,Fakultet for teknologi og realfag (TN),Fakultet,7800,Andre Driftskostnader & Konsulenter,7xxx Reiser,Andre Driftskostnader & Konsulenter - 2026-M05 (TN),158206.48,EMP-107,EMP-127,True,OK,2026_UiA_Full_Oct
TX-21424,2026-05-18,2026-M05,Q2,T2,TN,Fakultet for teknologi og realfag (TN),Fakultet,7800,Andre Driftskostnader & Konsulenter,7xxx Reiser,Andre Driftskostnader & Konsulenter - 2026-M05 (TN),551435.41,EMP-107,EMP-127,True,OK,2026_UiA_Full_Oct
TX-21425,2026-05-27,2026-M05,Q2,T2,TN,Fakultet for teknologi og realfag (TN),Fakultet,7800,Andre Driftskostnader & Konsulenter,7xxx Reiser,Andre Driftskostnader & Konsulenter - 2026-M05 (TN),40074.5,EMP-107,EMP-127,True,OK,2026_UiA_Full_Oct
TX-21426,2026-06-09,2026-M06,Q2,T2,TN,Fakultet for teknologi og realfag (TN),Fakultet,7800,Andre Driftskostnader & Konsulenter,7xxx Reiser,Andre Driftskostnader & Konsulenter - 2026-M06 (TN),349579.2,EMP-107,EMP-127,True,OK,2026_UiA_Full_Oct
TX-21427,2026-06-18,2026-M06,Q2,T2,TN,Fakultet for teknologi og realfag (TN),Fakultet,7800,Andre Driftskostnader & Konsulenter,7xxx Reiser,Andre Driftskostnader & Konsulenter - 2026-M06 (TN),22923.23,EMP-107,EMP-127,True,OK,2026_UiA_Full_Oct
TX-21428,2026-06-27,2026-M06,Q2,T2,TN,Fakultet for teknologi og realfag (TN),Fakultet,7800,Andre Driftskostnader & Konsulenter,7xxx Reiser,Andre Driftskostnader & Konsulenter - 2026-M06 (TN),369145.43,EMP-107,EMP-127,True,OK,2026_UiA_Full_Oct
TX-21429,2026-07-09,2026-M07,Q3,T2,TN,Fakultet for teknologi og realfag (TN),Fakultet,7800,Andre Driftskostnader & Konsulenter,7xxx Reiser,Andre Driftskostnader & Konsulenter - 2026-M07 (TN),23150.71,EMP-107,EMP-127,True,OK,2026_UiA_Full_Oct
TX-21430,2026-07-18,2026-M07,Q3,T2,TN,Fakultet for teknologi og realfag (TN),Fakultet,7800,Andre Driftskostnader & Konsulenter,7xxx Reiser,Andre Driftskostnader & Konsulenter - 2026-M07 (TN),575343.34,EMP-107,EMP-127,True,OK,2026_UiA_Full_Oct
TX-21431,2026-07-27,2026-M07,Q3,T2,TN,Fakultet for teknologi og realfag (TN),Fakultet,7800,Andre Driftskostnader & Konsulenter,7xxx Reiser,Andre Driftskostnader & Konsulenter - 2026-M07 (TN),140507.76,EMP-107,EMP-127,True,OK,2026_UiA_Full_Oct
TX-21432,2026-08-09,2026-M08,Q3,T2,TN,Fakultet for teknologi og realfag (TN),Fakultet,7800,Andre Driftskostnader & Konsulenter,7xxx Reiser,Andre Driftskostnader & Konsulenter - 2026-M08 (TN),32173.42,EMP-107,EMP-127,True,OK,2026_UiA_Full_Oct
TX-21433,2026-08-18,2026-M08,Q3,T2,TN,Fakultet for teknologi og realfag (TN),Fakultet,7800,Andre Driftskostnader & Konsulenter,7xxx Reiser,Andre Driftskostnader & Konsulenter - 2026-M08 (TN),92721.06,EMP-107,EMP-127,True,OK,2026_UiA_Full_Oct
TX-21434,2026-08-27,2026-M08,Q3,T2,TN,Fakultet for teknologi og realfag (TN),Fakultet,7800,Andre Driftskostnader & Konsulenter,7xxx Reiser,Andre Driftskostnader & Konsulenter - 2026-M08 (TN),628168.73,EMP-107,EMP-127,True,OK,2026_UiA_Full_Oct
TX-21435,2026-09-09,2026-M09,Q3,T3,TN,Fakultet for teknologi og realfag (TN),Fakultet,7800,Andre Driftskostnader & Konsulenter,7xxx Reiser,Andre Driftskostnader & Konsulenter - 2026-M09 (TN),56535.13,EMP-107,EMP-127,True,OK,2026_UiA_Full_Oct
TX-21436,2026-09-18,2026-M09,Q3,T3,TN,Fakultet for teknologi og realfag (TN),Fakultet,7800,Andre Driftskostnader & Konsulenter,7xxx Reiser,Andre Driftskostnader & Konsulenter - 2026-M09 (TN),413480.44,EMP-107,EMP-127,True,OK,2026_UiA_Full_Oct
TX-21437,2026-09-27,2026-M09,Q3,T3,TN,Fakultet for teknologi og realfag (TN),Fakultet,7800,Andre Driftskostnader & Konsulenter,7xxx Reiser,Andre Driftskostnader & Konsulenter - 2026-M09 (TN),287783.84,EMP-107,EMP-127,True,OK,2026_UiA_Full_Oct
TX-21438,2026-10-09,2026-M10,Q4,T3,TN,Fakultet for teknologi og realfag (TN),Fakultet,7800,Andre Driftskostnader & Konsulenter,7xxx Reiser,Andre Driftskostnader & Konsulenter - 2026-M10 (TN),417260.2,EMP-107,EMP-127,True,OK,2026_UiA_Full_Oct
TX-21439,2026-10-18,2026-M10,Q4,T3,TN,Fakultet for teknologi og realfag (TN),Fakultet,7800,Andre Driftskostnader & Konsulenter,7xxx Reiser,Andre Driftskostnader & Konsulenter - 2026-M10 (TN),46010.09,EMP-107,EMP-127,True,OK,2026_UiA_Full_Oct
TX-21440,2026-10-27,2026-M10,Q4,T3,TN,Fakultet for teknologi og realfag (TN),Fakultet,7800,Andre Driftskostnader & Konsulenter,7xxx Reiser,Andre Driftskostnader & Konsulenter - 2026-M10 (TN),276640.62,EMP-107,EMP-127,True,OK,2026_UiA_Full_Oct
TX-21441,2026-01-09,2026-M01,Q1,T1,ADM,Fellesadministrasjon & Fellestjenester (ADM),Administrasjon,3000,Statlig Rammebevilgning (Kap 260.50),3xxx Inntekter,Statlig Rammebevilgning (Kap 260.50) - 2026-M01 (ADM),-6745973.89,EMP-107,EMP-127,True,OK,2026_UiA_Full_Oct
TX-21442,2026-01-18,2026-M01,Q1,T1,ADM,Fellesadministrasjon & Fellestjenester (ADM),Administrasjon,3000,Statlig Rammebevilgning (Kap 260.50),3xxx Inntekter,Statlig Rammebevilgning (Kap 260.50) - 2026-M01 (ADM),-7173186.72,EMP-107,EMP-127,True,OK,2026_UiA_Full_Oct
TX-21443,2026-01-27,2026-M01,Q1,T1,ADM,Fellesadministrasjon & Fellestjenester (ADM),Administrasjon,3000,Statlig Rammebevilgning (Kap 260.50),3xxx Inntekter,Statlig Rammebevilgning (Kap 260.50) - 2026-M01 (ADM),-15944958.9,EMP-107,EMP-127,True,OK,2026_UiA_Full_Oct
TX-21444,2026-02-09,2026-M02,Q1,T1,ADM,Fellesadministrasjon & Fellestjenester (ADM),Administrasjon,3000,Statlig Rammebevilgning (Kap 260.50),3xxx Inntekter,Statlig Rammebevilgning (Kap 260.50) - 2026-M02 (ADM),-3483869.32,EMP-107,EMP-127,True,OK,2026_UiA_Full_Oct
TX-21445,2026-02-18,2026-M02,Q1,T1,ADM,Fellesadministrasjon & Fellestjenester (ADM),Administrasjon,3000,Statlig Rammebevilgning (Kap 260.50),3xxx Inntekter,Statlig Rammebevilgning (Kap 260.50) - 2026-M02 (ADM),-17469852.77,EMP-107,EMP-127,True,OK,2026_UiA_Full_Oct
TX-21446,2026-02-27,2026-M02,Q1,T1,ADM,Fellesadministrasjon & Fellestjenester (ADM),Administrasjon,3000,Statlig Rammebevilgning (Kap 260.50),3xxx Inntekter,Statlig Rammebevilgning (Kap 260.50) - 2026-M02 (ADM),-9184354.11,EMP-107,EMP-127,True,OK,2026_UiA_Full_Oct
TX-21447,2026-03-09,2026-M03,Q1,T1,ADM,Fellesadministrasjon & Fellestjenester (ADM),Administrasjon,3000,Statlig Rammebevilgning (Kap 260.50),3xxx Inntekter,Statlig Rammebevilgning (Kap 260.50) - 2026-M03 (ADM),-23192356.24,EMP-107,EMP-127,True,OK,2026_UiA_Full_Oct
TX-21448,2026-03-18,2026-M03,Q1,T1,ADM,Fellesadministrasjon & Fellestjenester (ADM),Administrasjon,3000,Statlig Rammebevilgning (Kap 260.50),3xxx Inntekter,Statlig Rammebevilgning (Kap 260.50) - 2026-M03 (ADM),-5554380.01,EMP-107,EMP-127,True,OK,2026_UiA_Full_Oct
TX-21449,2026-03-27,2026-M03,Q1,T1,ADM,Fellesadministrasjon & Fellestjenester (ADM),Administrasjon,3000,Statlig Rammebevilgning (Kap 260.50),3xxx Inntekter,Statlig Rammebevilgning (Kap 260.50) - 2026-M03 (ADM),-1602480.74,EMP-107,EMP-127,True,OK,2026_UiA_Full_Oct
TX-21450,2026-04-09,2026-M04,Q2,T1,ADM,Fellesadministrasjon & Fellestjenester (ADM),Administrasjon,3000,Statlig Rammebevilgning (Kap 260.50),3xxx Inntekter,Statlig Rammebevilgning (Kap 260.50) - 2026-M04 (ADM),-14399223.76,EMP-107,EMP-127,True,OK,2026_UiA_Full_Oct
TX-21451,2026-04-18,2026-M04,Q2,T1,ADM,Fellesadministrasjon & Fellestjenester (ADM),Administrasjon,3000,Statlig Rammebevilgning (Kap 260.50),3xxx Inntekter,Statlig Rammebevilgning (Kap 260.50) - 2026-M04 (ADM),-5044856.89,EMP-107,EMP-127,True,OK,2026_UiA_Full_Oct
TX-21452,2026-04-27,2026-M04,Q2,T1,ADM,Fellesadministrasjon & Fellestjenester (ADM),Administrasjon,3000,Statlig Rammebevilgning (Kap 260.50),3xxx Inntekter,Statlig Rammebevilgning (Kap 260.50) - 2026-M04 (ADM),-10675602.7,EMP-107,EMP-127,True,OK,2026_UiA_Full_Oct
TX-21453,2026-05-09,2026-M05,Q2,T2,ADM,Fellesadministrasjon & Fellestjenester (ADM),Administrasjon,3000,Statlig Rammebevilgning (Kap 260.50),3xxx Inntekter,Statlig Rammebevilgning (Kap 260.50) - 2026-M05 (ADM),-52480.44,EMP-107,EMP-127,True,OK,2026_UiA_Full_Oct
TX-21454,2026-05-18,2026-M05,Q2,T2,ADM,Fellesadministrasjon & Fellestjenester (ADM),Administrasjon,3000,Statlig Rammebevilgning (Kap 260.50),3xxx Inntekter,Statlig Rammebevilgning (Kap 260.50) - 2026-M05 (ADM),-9434078.84,EMP-107,EMP-127,True,OK,2026_UiA_Full_Oct
TX-21455,2026-05-27,2026-M05,Q2,T2,ADM,Fellesadministrasjon & Fellestjenester (ADM),Administrasjon,3000,Statlig Rammebevilgning (Kap 260.50),3xxx Inntekter,Statlig Rammebevilgning (Kap 260.50) - 2026-M05 (ADM),-20504468.4,EMP-107,EMP-127,True,OK,2026_UiA_Full_Oct
TX-21456,2026-06-09,2026-M06,Q2,T2,ADM,Fellesadministrasjon & Fellestjenester (ADM),Administrasjon,3000,Statlig Rammebevilgning (Kap 260.50),3xxx Inntekter,Statlig Rammebevilgning (Kap 260.50) - 2026-M06 (ADM),-3171017.92,EMP-107,EMP-127,True,OK,2026_UiA_Full_Oct
TX-21457,2026-06-18,2026-M06,Q2,T2,ADM,Fellesadministrasjon & Fellestjenester (ADM),Administrasjon,3000,Statlig Rammebevilgning (Kap 260.50),3xxx Inntekter,Statlig Rammebevilgning (Kap 260.50) - 2026-M06 (ADM),-20777949.13,EMP-107,EMP-127,True,OK,2026_UiA_Full_Oct
TX-21458,2026-06-27,2026-M06,Q2,T2,ADM,Fellesadministrasjon & Fellestjenester (ADM),Administrasjon,3000,Statlig Rammebevilgning (Kap 260.50),3xxx Inntekter,Statlig Rammebevilgning (Kap 260.50) - 2026-M06 (ADM),-5711425.1,EMP-107,EMP-127,True,OK,2026_UiA_Full_Oct
TX-21459,2026-07-09,2026-M07,Q3,T2,ADM,Fellesadministrasjon & Fellestjenester (ADM),Administrasjon,3000,Statlig Rammebevilgning (Kap 260.50),3xxx Inntekter,Statlig Rammebevilgning (Kap 260.50) - 2026-M07 (ADM),-10609689.23,EMP-107,EMP-127,True,OK,2026_UiA_Full_Oct
TX-21460,2026-07-18,2026-M07,Q3,T2,ADM,Fellesadministrasjon & Fellestjenester (ADM),Administrasjon,3000,Statlig Rammebevilgning (Kap 260.50),3xxx Inntekter,Statlig Rammebevilgning (Kap 260.50) - 2026-M07 (ADM),-13375799.77,EMP-107,EMP-127,True,OK,2026_UiA_Full_Oct
TX-21461,2026-07-27,2026-M07,Q3,T2,ADM,Fellesadministrasjon & Fellestjenester (ADM),Administrasjon,3000,Statlig Rammebevilgning (Kap 260.50),3xxx Inntekter,Statlig Rammebevilgning (Kap 260.50) - 2026-M07 (ADM),-5957501.57,EMP-107,EMP-127,True,OK,2026_UiA_Full_Oct
TX-21462,2026-08-09,2026-M08,Q3,T2,ADM,Fellesadministrasjon & Fellestjenester (ADM),Administrasjon,3000,Statlig Rammebevilgning (Kap 260.50),3xxx Inntekter,Statlig Rammebevilgning (Kap 260.50) - 2026-M08 (ADM),-2919941.69,EMP-107,EMP-127,True,OK,2026_UiA_Full_Oct
TX-21463,2026-08-18,2026-M08,Q3,T2,ADM,Fellesadministrasjon & Fellestjenester (ADM),Administrasjon,3000,Statlig Rammebevilgning (Kap 260.50),3xxx Inntekter,Statlig Rammebevilgning (Kap 260.50) - 2026-M08 (ADM),-3223081.27,EMP-107,EMP-127,True,OK,2026_UiA_Full_Oct
TX-21464,2026-08-27,2026-M08,Q3,T2,ADM,Fellesadministrasjon & Fellestjenester (ADM),Administrasjon,3000,Statlig Rammebevilgning (Kap 260.50),3xxx Inntekter,Statlig Rammebevilgning (Kap 260.50) - 2026-M08 (ADM),-23938063.97,EMP-107,EMP-127,True,OK,2026_UiA_Full_Oct
TX-21465,2026-09-09,2026-M09,Q3,T3,ADM,Fellesadministrasjon & Fellestjenester (ADM),Administrasjon,3000,Statlig Rammebevilgning (Kap 260.50),3xxx Inntekter,Statlig Rammebevilgning (Kap 260.50) - 2026-M09 (ADM),-12475001.59,EMP-107,EMP-127,True,OK,2026_UiA_Full_Oct
TX-21466,2026-09-18,2026-M09,Q3,T3,ADM,Fellesadministrasjon & Fellestjenester (ADM),Administrasjon,3000,Statlig Rammebevilgning (Kap 260.50),3xxx Inntekter,Statlig Rammebevilgning (Kap 260.50) - 2026-M09 (ADM),-7298966.25,EMP-107,EMP-127,True,OK,2026_UiA_Full_Oct
TX-21467,2026-09-27,2026-M09,Q3,T3,ADM,Fellesadministrasjon & Fellestjenester (ADM),Administrasjon,3000,Statlig Rammebevilgning (Kap 260.50),3xxx Inntekter,Statlig Rammebevilgning (Kap 260.50) - 2026-M09 (ADM),-10266804.84,EMP-107,EMP-127,True,OK,2026_UiA_Full_Oct
TX-21468,2026-10-09,2026-M10,Q4,T3,ADM,Fellesadministrasjon & Fellestjenester (ADM),Administrasjon,3000,Statlig Rammebevilgning (Kap 260.50),3xxx Inntekter,Statlig Rammebevilgning (Kap 260.50) - 2026-M10 (ADM),-3899664.15,EMP-107,EMP-127,True,OK,2026_UiA_Full_Oct
TX-21469,2026-10-18,2026-M10,Q4,T3,ADM,Fellesadministrasjon & Fellestjenester (ADM),Administrasjon,3000,Statlig Rammebevilgning (Kap 260.50),3xxx Inntekter,Statlig Rammebevilgning (Kap 260.50) - 2026-M10 (ADM),-9390232.33,EMP-107,EMP-127,True,OK,2026_UiA_Full_Oct
TX-21470,2026-10-27,2026-M10,Q4,T3,ADM,Fellesadministrasjon & Fellestjenester (ADM),Administrasjon,3000,Statlig Rammebevilgning (Kap 260.50),3xxx Inntekter,Statlig Rammebevilgning (Kap 260.50) - 2026-M10 (ADM),-16523173.39,EMP-107,EMP-127,True,OK,2026_UiA_Full_Oct
TX-21471,2026-01-09,2026-M01,Q1,T1,ADM,Fellesadministrasjon & Fellestjenester (ADM),Administrasjon,3400,BOA Ekstern Prosjektstøtte (NFR/EU),3xxx Inntekter,BOA Ekstern Prosjektstøtte (NFR/EU) - 2026-M01 (ADM),-3994710.78,EMP-107,EMP-127,True,OK,2026_UiA_Full_Oct
TX-21472,2026-01-18,2026-M01,Q1,T1,ADM,Fellesadministrasjon & Fellestjenester (ADM),Administrasjon,3400,BOA Ekstern Prosjektstøtte (NFR/EU),3xxx Inntekter,BOA Ekstern Prosjektstøtte (NFR/EU) - 2026-M01 (ADM),-42090.49,EMP-107,EMP-127,True,OK,2026_UiA_Full_Oct
TX-21473,2026-01-27,2026-M01,Q1,T1,ADM,Fellesadministrasjon & Fellestjenester (ADM),Administrasjon,3400,BOA Ekstern Prosjektstøtte (NFR/EU),3xxx Inntekter,BOA Ekstern Prosjektstøtte (NFR/EU) - 2026-M01 (ADM),-2534673.33,EMP-107,EMP-127,True,OK,2026_UiA_Full_Oct
TX-21474,2026-02-09,2026-M02,Q1,T1,ADM,Fellesadministrasjon & Fellestjenester (ADM),Administrasjon,3400,BOA Ekstern Prosjektstøtte (NFR/EU),3xxx Inntekter,BOA Ekstern Prosjektstøtte (NFR/EU) - 2026-M02 (ADM),-2049207.62,EMP-107,EMP-127,True,OK,2026_UiA_Full_Oct
TX-21475,2026-02-18,2026-M02,Q1,T1,ADM,Fellesadministrasjon & Fellestjenester (ADM),Administrasjon,3400,BOA Ekstern Prosjektstøtte (NFR/EU),3xxx Inntekter,BOA Ekstern Prosjektstøtte (NFR/EU) - 2026-M02 (ADM),-1366099.58,EMP-107,EMP-127,True,OK,2026_UiA_Full_Oct
TX-21476,2026-02-27,2026-M02,Q1,T1,ADM,Fellesadministrasjon & Fellestjenester (ADM),Administrasjon,3400,BOA Ekstern Prosjektstøtte (NFR/EU),3xxx Inntekter,BOA Ekstern Prosjektstøtte (NFR/EU) - 2026-M02 (ADM),-3271197.38,EMP-107,EMP-127,True,OK,2026_UiA_Full_Oct
TX-21477,2026-03-09,2026-M03,Q1,T1,ADM,Fellesadministrasjon & Fellestjenester (ADM),Administrasjon,3400,BOA Ekstern Prosjektstøtte (NFR/EU),3xxx Inntekter,BOA Ekstern Prosjektstøtte (NFR/EU) - 2026-M03 (ADM),-851604.48,EMP-107,EMP-127,True,OK,2026_UiA_Full_Oct
TX-21478,2026-03-18,2026-M03,Q1,T1,ADM,Fellesadministrasjon & Fellestjenester (ADM),Administrasjon,3400,BOA Ekstern Prosjektstøtte (NFR/EU),3xxx Inntekter,BOA Ekstern Prosjektstøtte (NFR/EU) - 2026-M03 (ADM),-1059158.63,EMP-107,EMP-127,True,OK,2026_UiA_Full_Oct
TX-21479,2026-03-27,2026-M03,Q1,T1,ADM,Fellesadministrasjon & Fellestjenester (ADM),Administrasjon,3400,BOA Ekstern Prosjektstøtte (NFR/EU),3xxx Inntekter,BOA Ekstern Prosjektstøtte (NFR/EU) - 2026-M03 (ADM),-4683530.74,EMP-107,EMP-127,True,OK,2026_UiA_Full_Oct
TX-21480,2026-04-09,2026-M04,Q2,T1,ADM,Fellesadministrasjon & Fellestjenester (ADM),Administrasjon,3400,BOA Ekstern Prosjektstøtte (NFR/EU),3xxx Inntekter,BOA Ekstern Prosjektstøtte (NFR/EU) - 2026-M04 (ADM),-394794.44,EMP-107,EMP-127,True,OK,2026_UiA_Full_Oct
TX-21481,2026-04-18,2026-M04,Q2,T1,ADM,Fellesadministrasjon & Fellestjenester (ADM),Administrasjon,3400,BOA Ekstern Prosjektstøtte (NFR/EU),3xxx Inntekter,BOA Ekstern Prosjektstøtte (NFR/EU) - 2026-M04 (ADM),-3612882.79,EMP-107,EMP-127,True,OK,2026_UiA_Full_Oct
TX-21482,2026-04-27,2026-M04,Q2,T1,ADM,Fellesadministrasjon & Fellestjenester (ADM),Administrasjon,3400,BOA Ekstern Prosjektstøtte (NFR/EU),3xxx Inntekter,BOA Ekstern Prosjektstøtte (NFR/EU) - 2026-M04 (ADM),-2600570.82,EMP-107,EMP-127,True,OK,2026_UiA_Full_Oct
TX-21483,2026-05-09,2026-M05,Q2,T2,ADM,Fellesadministrasjon & Fellestjenester (ADM),Administrasjon,3400,BOA Ekstern Prosjektstøtte (NFR/EU),3xxx Inntekter,BOA Ekstern Prosjektstøtte (NFR/EU) - 2026-M05 (ADM),-1206673.55,EMP-107,EMP-127,True,OK,2026_UiA_Full_Oct
TX-21484,2026-05-18,2026-M05,Q2,T2,ADM,Fellesadministrasjon & Fellestjenester (ADM),Administrasjon,3400,BOA Ekstern Prosjektstøtte (NFR/EU),3xxx Inntekter,BOA Ekstern Prosjektstøtte (NFR/EU) - 2026-M05 (ADM),-2473674.3,EMP-107,EMP-127,True,OK,2026_UiA_Full_Oct
TX-21485,2026-05-27,2026-M05,Q2,T2,ADM,Fellesadministrasjon & Fellestjenester (ADM),Administrasjon,3400,BOA Ekstern Prosjektstøtte (NFR/EU),3xxx Inntekter,BOA Ekstern Prosjektstøtte (NFR/EU) - 2026-M05 (ADM),-2965860.07,EMP-107,EMP-127,True,OK,2026_UiA_Full_Oct
TX-21486,2026-06-09,2026-M06,Q2,T2,ADM,Fellesadministrasjon & Fellestjenester (ADM),Administrasjon,3400,BOA Ekstern Prosjektstøtte (NFR/EU),3xxx Inntekter,BOA Ekstern Prosjektstøtte (NFR/EU) - 2026-M06 (ADM),-19280.1,EMP-107,EMP-127,True,OK,2026_UiA_Full_Oct
TX-21487,2026-06-18,2026-M06,Q2,T2,ADM,Fellesadministrasjon & Fellestjenester (ADM),Administrasjon,3400,BOA Ekstern Prosjektstøtte (NFR/EU),3xxx Inntekter,BOA Ekstern Prosjektstøtte (NFR/EU) - 2026-M06 (ADM),-3172590.6,EMP-107,EMP-127,True,OK,2026_UiA_Full_Oct
TX-21488,2026-06-27,2026-M06,Q2,T2,ADM,Fellesadministrasjon & Fellestjenester (ADM),Administrasjon,3400,BOA Ekstern Prosjektstøtte (NFR/EU),3xxx Inntekter,BOA Ekstern Prosjektstøtte (NFR/EU) - 2026-M06 (ADM),-3445196.32,EMP-107,EMP-127,True,OK,2026_UiA_Full_Oct
TX-21489,2026-07-09,2026-M07,Q3,T2,ADM,Fellesadministrasjon & Fellestjenester (ADM),Administrasjon,3400,BOA Ekstern Prosjektstøtte (NFR/EU),3xxx Inntekter,BOA Ekstern Prosjektstøtte (NFR/EU) - 2026-M07 (ADM),-125304.13,EMP-107,EMP-127,True,OK,2026_UiA_Full_Oct
TX-21490,2026-07-18,2026-M07,Q3,T2,ADM,Fellesadministrasjon & Fellestjenester (ADM),Administrasjon,3400,BOA Ekstern Prosjektstøtte (NFR/EU),3xxx Inntekter,BOA Ekstern Prosjektstøtte (NFR/EU) - 2026-M07 (ADM),-1754355.18,EMP-107,EMP-127,True,OK,2026_UiA_Full_Oct
TX-21491,2026-07-27,2026-M07,Q3,T2,ADM,Fellesadministrasjon & Fellestjenester (ADM),Administrasjon,3400,BOA Ekstern Prosjektstøtte (NFR/EU),3xxx Inntekter,BOA Ekstern Prosjektstøtte (NFR/EU) - 2026-M07 (ADM),-4751146.98,EMP-107,EMP-127,True,OK,2026_UiA_Full_Oct
TX-21492,2026-08-09,2026-M08,Q3,T2,ADM,Fellesadministrasjon & Fellestjenester (ADM),Administrasjon,3400,BOA Ekstern Prosjektstøtte (NFR/EU),3xxx Inntekter,BOA Ekstern Prosjektstøtte (NFR/EU) - 2026-M08 (ADM),-4635102.31,EMP-107,EMP-127,True,OK,2026_UiA_Full_Oct
TX-21493,2026-08-18,2026-M08,Q3,T2,ADM,Fellesadministrasjon & Fellestjenester (ADM),Administrasjon,3400,BOA Ekstern Prosjektstøtte (NFR/EU),3xxx Inntekter,BOA Ekstern Prosjektstøtte (NFR/EU) - 2026-M08 (ADM),-190545.19,EMP-107,EMP-127,True,OK,2026_UiA_Full_Oct
TX-21494,2026-08-27,2026-M08,Q3,T2,ADM,Fellesadministrasjon & Fellestjenester (ADM),Administrasjon,3400,BOA Ekstern Prosjektstøtte (NFR/EU),3xxx Inntekter,BOA Ekstern Prosjektstøtte (NFR/EU) - 2026-M08 (ADM),-1775330.92,EMP-107,EMP-127,True,OK,2026_UiA_Full_Oct
TX-21495,2026-09-09,2026-M09,Q3,T3,ADM,Fellesadministrasjon & Fellestjenester (ADM),Administrasjon,3400,BOA Ekstern Prosjektstøtte (NFR/EU),3xxx Inntekter,BOA Ekstern Prosjektstøtte (NFR/EU) - 2026-M09 (ADM),-443514.59,EMP-107,EMP-127,True,OK,2026_UiA_Full_Oct
TX-21496,2026-09-18,2026-M09,Q3,T3,ADM,Fellesadministrasjon & Fellestjenester (ADM),Administrasjon,3400,BOA Ekstern Prosjektstøtte (NFR/EU),3xxx Inntekter,BOA Ekstern Prosjektstøtte (NFR/EU) - 2026-M09 (ADM),-2951174.98,EMP-107,EMP-127,True,OK,2026_UiA_Full_Oct
TX-21497,2026-09-27,2026-M09,Q3,T3,ADM,Fellesadministrasjon & Fellestjenester (ADM),Administrasjon,3400,BOA Ekstern Prosjektstøtte (NFR/EU),3xxx Inntekter,BOA Ekstern Prosjektstøtte (NFR/EU) - 2026-M09 (ADM),-3248478.43,EMP-107,EMP-127,True,OK,2026_UiA_Full_Oct
TX-21498,2026-10-09,2026-M10,Q4,T3,ADM,Fellesadministrasjon & Fellestjenester (ADM),Administrasjon,3400,BOA Ekstern Prosjektstøtte (NFR/EU),3xxx Inntekter,BOA Ekstern Prosjektstøtte (NFR/EU) - 2026-M10 (ADM),-273771.8,EMP-107,EMP-127,True,OK,2026_UiA_Full_Oct
TX-21499,2026-10-18,2026-M10,Q4,T3,ADM,Fellesadministrasjon & Fellestjenester (ADM),Administrasjon,3400,BOA Ekstern Prosjektstøtte (NFR/EU),3xxx Inntekter,BOA Ekstern Prosjektstøtte (NFR/EU) - 2026-M10 (ADM),-154436.04,EMP-107,EMP-127,True,OK,2026_UiA_Full_Oct
TX-21500,2026-10-27,2026-M10,Q4,T3,ADM,Fellesadministrasjon & Fellestjenester (ADM),Administrasjon,3400,BOA Ekstern Prosjektstøtte (NFR/EU),3xxx Inntekter,BOA Ekstern Prosjektstøtte (NFR/EU) - 2026-M10 (ADM),-6248944.34,EMP-107,EMP-127,True,OK,2026_UiA_Full_Oct
TX-21501,2026-01-09,2026-M01,Q1,T1,ADM,Fellesadministrasjon & Fellestjenester (ADM),Administrasjon,5000,Fast Lønn & Sosiale Kostnader,5xxx Lønn,Fast Lønn & Sosiale Kostnader - 2026-M01 (ADM),5943424.38,EMP-107,EMP-127,True,OK,2026_UiA_Full_Oct
TX-21502,2026-01-18,2026-M01,Q1,T1,ADM,Fellesadministrasjon & Fellestjenester (ADM),Administrasjon,5000,Fast Lønn & Sosiale Kostnader,5xxx Lønn,Fast Lønn & Sosiale Kostnader - 2026-M01 (ADM),8696829.54,EMP-107,EMP-127,True,OK,2026_UiA_Full_Oct
TX-21503,2026-01-27,2026-M01,Q1,T1,ADM,Fellesadministrasjon & Fellestjenester (ADM),Administrasjon,5000,Fast Lønn & Sosiale Kostnader,5xxx Lønn,Fast Lønn & Sosiale Kostnader - 2026-M01 (ADM),9008289.04,EMP-107,EMP-127,True,OK,2026_UiA_Full_Oct
TX-21504,2026-02-09,2026-M02,Q1,T1,ADM,Fellesadministrasjon & Fellestjenester (ADM),Administrasjon,5000,Fast Lønn & Sosiale Kostnader,5xxx Lønn,Fast Lønn & Sosiale Kostnader - 2026-M02 (ADM),3731500.63,EMP-107,EMP-127,True,OK,2026_UiA_Full_Oct
TX-21505,2026-02-18,2026-M02,Q1,T1,ADM,Fellesadministrasjon & Fellestjenester (ADM),Administrasjon,5000,Fast Lønn & Sosiale Kostnader,5xxx Lønn,Fast Lønn & Sosiale Kostnader - 2026-M02 (ADM),10206058.97,EMP-107,EMP-127,True,OK,2026_UiA_Full_Oct
TX-21506,2026-02-27,2026-M02,Q1,T1,ADM,Fellesadministrasjon & Fellestjenester (ADM),Administrasjon,5000,Fast Lønn & Sosiale Kostnader,5xxx Lønn,Fast Lønn & Sosiale Kostnader - 2026-M02 (ADM),9478539.66,EMP-107,EMP-127,True,OK,2026_UiA_Full_Oct
TX-21507,2026-03-09,2026-M03,Q1,T1,ADM,Fellesadministrasjon & Fellestjenester (ADM),Administrasjon,5000,Fast Lønn & Sosiale Kostnader,5xxx Lønn,Fast Lønn & Sosiale Kostnader - 2026-M03 (ADM),5319960.86,EMP-107,EMP-127,True,OK,2026_UiA_Full_Oct
TX-21508,2026-03-18,2026-M03,Q1,T1,ADM,Fellesadministrasjon & Fellestjenester (ADM),Administrasjon,5000,Fast Lønn & Sosiale Kostnader,5xxx Lønn,Fast Lønn & Sosiale Kostnader - 2026-M03 (ADM),551993.01,EMP-107,EMP-127,True,OK,2026_UiA_Full_Oct
TX-21509,2026-03-27,2026-M03,Q1,T1,ADM,Fellesadministrasjon & Fellestjenester (ADM),Administrasjon,5000,Fast Lønn & Sosiale Kostnader,5xxx Lønn,Fast Lønn & Sosiale Kostnader - 2026-M03 (ADM),17748398.94,EMP-107,EMP-127,True,OK,2026_UiA_Full_Oct
TX-21510,2026-04-09,2026-M04,Q2,T1,ADM,Fellesadministrasjon & Fellestjenester (ADM),Administrasjon,5000,Fast Lønn & Sosiale Kostnader,5xxx Lønn,Fast Lønn & Sosiale Kostnader - 2026-M04 (ADM),6541255.35,EMP-107,EMP-127,True,OK,2026_UiA_Full_Oct
TX-21511,2026-04-18,2026-M04,Q2,T1,ADM,Fellesadministrasjon & Fellestjenester (ADM),Administrasjon,5000,Fast Lønn & Sosiale Kostnader,5xxx Lønn,Fast Lønn & Sosiale Kostnader - 2026-M04 (ADM),511416.81,EMP-107,EMP-127,True,OK,2026_UiA_Full_Oct
TX-21512,2026-04-27,2026-M04,Q2,T1,ADM,Fellesadministrasjon & Fellestjenester (ADM),Administrasjon,5000,Fast Lønn & Sosiale Kostnader,5xxx Lønn,Fast Lønn & Sosiale Kostnader - 2026-M04 (ADM),16150748.13,EMP-107,EMP-127,True,OK,2026_UiA_Full_Oct
TX-21513,2026-05-09,2026-M05,Q2,T2,ADM,Fellesadministrasjon & Fellestjenester (ADM),Administrasjon,5000,Fast Lønn & Sosiale Kostnader,5xxx Lønn,Fast Lønn & Sosiale Kostnader - 2026-M05 (ADM),6107605.46,EMP-107,EMP-127,True,OK,2026_UiA_Full_Oct
TX-21514,2026-05-18,2026-M05,Q2,T2,ADM,Fellesadministrasjon & Fellestjenester (ADM),Administrasjon,5000,Fast Lønn & Sosiale Kostnader,5xxx Lønn,Fast Lønn & Sosiale Kostnader - 2026-M05 (ADM),17062880.79,EMP-107,EMP-127,True,OK,2026_UiA_Full_Oct
TX-21515,2026-05-27,2026-M05,Q2,T2,ADM,Fellesadministrasjon & Fellestjenester (ADM),Administrasjon,5000,Fast Lønn & Sosiale Kostnader,5xxx Lønn,Fast Lønn & Sosiale Kostnader - 2026-M05 (ADM),568451.13,EMP-107,EMP-127,True,OK,2026_UiA_Full_Oct
TX-21516,2026-06-09,2026-M06,Q2,T2,ADM,Fellesadministrasjon & Fellestjenester (ADM),Administrasjon,5000,Fast Lønn & Sosiale Kostnader,5xxx Lønn,Fast Lønn & Sosiale Kostnader - 2026-M06 (ADM),7393420.37,EMP-107,EMP-127,True,OK,2026_UiA_Full_Oct
TX-21517,2026-06-18,2026-M06,Q2,T2,ADM,Fellesadministrasjon & Fellestjenester (ADM),Administrasjon,5000,Fast Lønn & Sosiale Kostnader,5xxx Lønn,Fast Lønn & Sosiale Kostnader - 2026-M06 (ADM),12841099.07,EMP-107,EMP-127,True,OK,2026_UiA_Full_Oct
TX-21518,2026-06-27,2026-M06,Q2,T2,ADM,Fellesadministrasjon & Fellestjenester (ADM),Administrasjon,5000,Fast Lønn & Sosiale Kostnader,5xxx Lønn,Fast Lønn & Sosiale Kostnader - 2026-M06 (ADM),3243716.61,EMP-107,EMP-127,True,OK,2026_UiA_Full_Oct
TX-21519,2026-07-09,2026-M07,Q3,T2,ADM,Fellesadministrasjon & Fellestjenester (ADM),Administrasjon,5000,Fast Lønn & Sosiale Kostnader,5xxx Lønn,Fast Lønn & Sosiale Kostnader - 2026-M07 (ADM),7150049.93,EMP-107,EMP-127,True,OK,2026_UiA_Full_Oct
TX-21520,2026-07-18,2026-M07,Q3,T2,ADM,Fellesadministrasjon & Fellestjenester (ADM),Administrasjon,5000,Fast Lønn & Sosiale Kostnader,5xxx Lønn,Fast Lønn & Sosiale Kostnader - 2026-M07 (ADM),12672241.45,EMP-107,EMP-127,True,OK,2026_UiA_Full_Oct
TX-21521,2026-07-27,2026-M07,Q3,T2,ADM,Fellesadministrasjon & Fellestjenester (ADM),Administrasjon,5000,Fast Lønn & Sosiale Kostnader,5xxx Lønn,Fast Lønn & Sosiale Kostnader - 2026-M07 (ADM),3968141.53,EMP-107,EMP-127,True,OK,2026_UiA_Full_Oct
TX-21522,2026-08-09,2026-M08,Q3,T2,ADM,Fellesadministrasjon & Fellestjenester (ADM),Administrasjon,5000,Fast Lønn & Sosiale Kostnader,5xxx Lønn,Fast Lønn & Sosiale Kostnader - 2026-M08 (ADM),8127155.58,EMP-107,EMP-127,True,OK,2026_UiA_Full_Oct
TX-21523,2026-08-18,2026-M08,Q3,T2,ADM,Fellesadministrasjon & Fellestjenester (ADM),Administrasjon,5000,Fast Lønn & Sosiale Kostnader,5xxx Lønn,Fast Lønn & Sosiale Kostnader - 2026-M08 (ADM),727050.86,EMP-107,EMP-127,True,OK,2026_UiA_Full_Oct
TX-21524,2026-08-27,2026-M08,Q3,T2,ADM,Fellesadministrasjon & Fellestjenester (ADM),Administrasjon,5000,Fast Lønn & Sosiale Kostnader,5xxx Lønn,Fast Lønn & Sosiale Kostnader - 2026-M08 (ADM),14540082.36,EMP-107,EMP-127,True,OK,2026_UiA_Full_Oct
TX-21525,2026-09-09,2026-M09,Q3,T3,ADM,Fellesadministrasjon & Fellestjenester (ADM),Administrasjon,5000,Fast Lønn & Sosiale Kostnader,5xxx Lønn,Fast Lønn & Sosiale Kostnader - 2026-M09 (ADM),11858247.14,EMP-107,EMP-127,True,OK,2026_UiA_Full_Oct
TX-21526,2026-09-18,2026-M09,Q3,T3,ADM,Fellesadministrasjon & Fellestjenester (ADM),Administrasjon,5000,Fast Lønn & Sosiale Kostnader,5xxx Lønn,Fast Lønn & Sosiale Kostnader - 2026-M09 (ADM),7698267.15,EMP-107,EMP-127,True,OK,2026_UiA_Full_Oct
TX-21527,2026-09-27,2026-M09,Q3,T3,ADM,Fellesadministrasjon & Fellestjenester (ADM),Administrasjon,5000,Fast Lønn & Sosiale Kostnader,5xxx Lønn,Fast Lønn & Sosiale Kostnader - 2026-M09 (ADM),3717783.62,EMP-107,EMP-127,True,OK,2026_UiA_Full_Oct
TX-21528,2026-10-09,2026-M10,Q4,T3,ADM,Fellesadministrasjon & Fellestjenester (ADM),Administrasjon,5000,Fast Lønn & Sosiale Kostnader,5xxx Lønn,Fast Lønn & Sosiale Kostnader - 2026-M10 (ADM),11027999.73,EMP-107,EMP-127,True,OK,2026_UiA_Full_Oct
TX-21529,2026-10-18,2026-M10,Q4,T3,ADM,Fellesadministrasjon & Fellestjenester (ADM),Administrasjon,5000,Fast Lønn & Sosiale Kostnader,5xxx Lønn,Fast Lønn & Sosiale Kostnader - 2026-M10 (ADM),5577293.58,EMP-107,EMP-127,True,OK,2026_UiA_Full_Oct
TX-21530,2026-10-27,2026-M10,Q4,T3,ADM,Fellesadministrasjon & Fellestjenester (ADM),Administrasjon,5000,Fast Lønn & Sosiale Kostnader,5xxx Lønn,Fast Lønn & Sosiale Kostnader - 2026-M10 (ADM),7121321.58,EMP-107,EMP-127,True,OK,2026_UiA_Full_Oct
TX-21531,2026-01-09,2026-M01,Q1,T1,ADM,Fellesadministrasjon & Fellestjenester (ADM),Administrasjon,5330,Sensorhonorar & Timelønnede,5xxx Lønn,Sensorhonorar & Timelønnede - 2026-M01 (ADM),62925.13,EMP-107,EMP-127,True,OK,2026_UiA_Full_Oct
TX-21532,2026-01-18,2026-M01,Q1,T1,ADM,Fellesadministrasjon & Fellestjenester (ADM),Administrasjon,5330,Sensorhonorar & Timelønnede,5xxx Lønn,Sensorhonorar & Timelønnede - 2026-M01 (ADM),1499133.47,EMP-107,EMP-127,True,OK,2026_UiA_Full_Oct
TX-21533,2026-01-27,2026-M01,Q1,T1,ADM,Fellesadministrasjon & Fellestjenester (ADM),Administrasjon,5330,Sensorhonorar & Timelønnede,5xxx Lønn,Sensorhonorar & Timelønnede - 2026-M01 (ADM),609707.07,EMP-107,EMP-127,True,OK,2026_UiA_Full_Oct
TX-21534,2026-02-09,2026-M02,Q1,T1,ADM,Fellesadministrasjon & Fellestjenester (ADM),Administrasjon,5330,Sensorhonorar & Timelønnede,5xxx Lønn,Sensorhonorar & Timelønnede - 2026-M02 (ADM),223447.52,EMP-107,EMP-127,True,OK,2026_UiA_Full_Oct
TX-21535,2026-02-18,2026-M02,Q1,T1,ADM,Fellesadministrasjon & Fellestjenester (ADM),Administrasjon,5330,Sensorhonorar & Timelønnede,5xxx Lønn,Sensorhonorar & Timelønnede - 2026-M02 (ADM),1076325.09,EMP-107,EMP-127,True,OK,2026_UiA_Full_Oct
TX-21536,2026-02-27,2026-M02,Q1,T1,ADM,Fellesadministrasjon & Fellestjenester (ADM),Administrasjon,5330,Sensorhonorar & Timelønnede,5xxx Lønn,Sensorhonorar & Timelønnede - 2026-M02 (ADM),888743.78,EMP-107,EMP-127,True,OK,2026_UiA_Full_Oct
TX-21537,2026-03-09,2026-M03,Q1,T1,ADM,Fellesadministrasjon & Fellestjenester (ADM),Administrasjon,5330,Sensorhonorar & Timelønnede,5xxx Lønn,Sensorhonorar & Timelønnede - 2026-M03 (ADM),69368.28,EMP-107,EMP-127,True,OK,2026_UiA_Full_Oct
TX-21538,2026-03-18,2026-M03,Q1,T1,ADM,Fellesadministrasjon & Fellestjenester (ADM),Administrasjon,5330,Sensorhonorar & Timelønnede,5xxx Lønn,Sensorhonorar & Timelønnede - 2026-M03 (ADM),1754984.05,EMP-107,EMP-127,True,OK,2026_UiA_Full_Oct
TX-21539,2026-03-27,2026-M03,Q1,T1,ADM,Fellesadministrasjon & Fellestjenester (ADM),Administrasjon,5330,Sensorhonorar & Timelønnede,5xxx Lønn,Sensorhonorar & Timelønnede - 2026-M03 (ADM),385626.69,EMP-107,EMP-127,True,OK,2026_UiA_Full_Oct
TX-21540,2026-04-09,2026-M04,Q2,T1,ADM,Fellesadministrasjon & Fellestjenester (ADM),Administrasjon,5330,Sensorhonorar & Timelønnede,5xxx Lønn,Sensorhonorar & Timelønnede - 2026-M04 (ADM),878471.47,EMP-107,EMP-127,True,OK,2026_UiA_Full_Oct
TX-21541,2026-04-18,2026-M04,Q2,T1,ADM,Fellesadministrasjon & Fellestjenester (ADM),Administrasjon,5330,Sensorhonorar & Timelønnede,5xxx Lønn,Sensorhonorar & Timelønnede - 2026-M04 (ADM),415086.02,EMP-107,EMP-127,True,OK,2026_UiA_Full_Oct
TX-21542,2026-04-27,2026-M04,Q2,T1,ADM,Fellesadministrasjon & Fellestjenester (ADM),Administrasjon,5330,Sensorhonorar & Timelønnede,5xxx Lønn,Sensorhonorar & Timelønnede - 2026-M04 (ADM),904573.94,EMP-107,EMP-127,True,OK,2026_UiA_Full_Oct
TX-21543,2026-05-09,2026-M05,Q2,T2,ADM,Fellesadministrasjon & Fellestjenester (ADM),Administrasjon,5330,Sensorhonorar & Timelønnede,5xxx Lønn,Sensorhonorar & Timelønnede - 2026-M05 (ADM),461892.72,EMP-107,EMP-127,True,OK,2026_UiA_Full_Oct
TX-21544,2026-05-18,2026-M05,Q2,T2,ADM,Fellesadministrasjon & Fellestjenester (ADM),Administrasjon,5330,Sensorhonorar & Timelønnede,5xxx Lønn,Sensorhonorar & Timelønnede - 2026-M05 (ADM),1661446.81,EMP-107,EMP-127,True,OK,2026_UiA_Full_Oct
TX-21545,2026-05-27,2026-M05,Q2,T2,ADM,Fellesadministrasjon & Fellestjenester (ADM),Administrasjon,5330,Sensorhonorar & Timelønnede,5xxx Lønn,Sensorhonorar & Timelønnede - 2026-M05 (ADM),97680.63,EMP-107,EMP-127,True,OK,2026_UiA_Full_Oct
TX-21546,2026-06-09,2026-M06,Q2,T2,ADM,Fellesadministrasjon & Fellestjenester (ADM),Administrasjon,5330,Sensorhonorar & Timelønnede,5xxx Lønn,Sensorhonorar & Timelønnede - 2026-M06 (ADM),1027430.18,EMP-107,EMP-127,True,OK,2026_UiA_Full_Oct
TX-21547,2026-06-18,2026-M06,Q2,T2,ADM,Fellesadministrasjon & Fellestjenester (ADM),Administrasjon,5330,Sensorhonorar & Timelønnede,5xxx Lønn,Sensorhonorar & Timelønnede - 2026-M06 (ADM),117034.25,EMP-107,EMP-127,True,OK,2026_UiA_Full_Oct
TX-21548,2026-06-27,2026-M06,Q2,T2,ADM,Fellesadministrasjon & Fellestjenester (ADM),Administrasjon,5330,Sensorhonorar & Timelønnede,5xxx Lønn,Sensorhonorar & Timelønnede - 2026-M06 (ADM),1067139.39,EMP-107,EMP-127,True,OK,2026_UiA_Full_Oct
TX-21549,2026-07-09,2026-M07,Q3,T2,ADM,Fellesadministrasjon & Fellestjenester (ADM),Administrasjon,5330,Sensorhonorar & Timelønnede,5xxx Lønn,Sensorhonorar & Timelønnede - 2026-M07 (ADM),170802.34,EMP-107,EMP-127,True,OK,2026_UiA_Full_Oct
TX-21550,2026-07-18,2026-M07,Q3,T2,ADM,Fellesadministrasjon & Fellestjenester (ADM),Administrasjon,5330,Sensorhonorar & Timelønnede,5xxx Lønn,Sensorhonorar & Timelønnede - 2026-M07 (ADM),351328.42,EMP-107,EMP-127,True,OK,2026_UiA_Full_Oct
TX-21551,2026-07-27,2026-M07,Q3,T2,ADM,Fellesadministrasjon & Fellestjenester (ADM),Administrasjon,5330,Sensorhonorar & Timelønnede,5xxx Lønn,Sensorhonorar & Timelønnede - 2026-M07 (ADM),1671109.78,EMP-107,EMP-127,True,OK,2026_UiA_Full_Oct
TX-21552,2026-08-09,2026-M08,Q3,T2,ADM,Fellesadministrasjon & Fellestjenester (ADM),Administrasjon,5330,Sensorhonorar & Timelønnede,5xxx Lønn,Sensorhonorar & Timelønnede - 2026-M08 (ADM),1517342.81,EMP-107,EMP-127,True,OK,2026_UiA_Full_Oct
TX-21553,2026-08-18,2026-M08,Q3,T2,ADM,Fellesadministrasjon & Fellestjenester (ADM),Administrasjon,5330,Sensorhonorar & Timelønnede,5xxx Lønn,Sensorhonorar & Timelønnede - 2026-M08 (ADM),279867.44,EMP-107,EMP-127,True,OK,2026_UiA_Full_Oct
TX-21554,2026-08-27,2026-M08,Q3,T2,ADM,Fellesadministrasjon & Fellestjenester (ADM),Administrasjon,5330,Sensorhonorar & Timelønnede,5xxx Lønn,Sensorhonorar & Timelønnede - 2026-M08 (ADM),428821.47,EMP-107,EMP-127,True,OK,2026_UiA_Full_Oct
TX-21555,2026-09-09,2026-M09,Q3,T3,ADM,Fellesadministrasjon & Fellestjenester (ADM),Administrasjon,5330,Sensorhonorar & Timelønnede,5xxx Lønn,Sensorhonorar & Timelønnede - 2026-M09 (ADM),1321888.61,EMP-107,EMP-127,True,OK,2026_UiA_Full_Oct
TX-21556,2026-09-18,2026-M09,Q3,T3,ADM,Fellesadministrasjon & Fellestjenester (ADM),Administrasjon,5330,Sensorhonorar & Timelønnede,5xxx Lønn,Sensorhonorar & Timelønnede - 2026-M09 (ADM),557170.61,EMP-107,EMP-127,True,OK,2026_UiA_Full_Oct
TX-21557,2026-09-27,2026-M09,Q3,T3,ADM,Fellesadministrasjon & Fellestjenester (ADM),Administrasjon,5330,Sensorhonorar & Timelønnede,5xxx Lønn,Sensorhonorar & Timelønnede - 2026-M09 (ADM),327988.77,EMP-107,EMP-127,True,OK,2026_UiA_Full_Oct
TX-21558,2026-10-09,2026-M10,Q4,T3,ADM,Fellesadministrasjon & Fellestjenester (ADM),Administrasjon,5330,Sensorhonorar & Timelønnede,5xxx Lønn,Sensorhonorar & Timelønnede - 2026-M10 (ADM),558694.61,EMP-107,EMP-127,True,OK,2026_UiA_Full_Oct
TX-21559,2026-10-18,2026-M10,Q4,T3,ADM,Fellesadministrasjon & Fellestjenester (ADM),Administrasjon,5330,Sensorhonorar & Timelønnede,5xxx Lønn,Sensorhonorar & Timelønnede - 2026-M10 (ADM),575489.17,EMP-107,EMP-127,True,OK,2026_UiA_Full_Oct
TX-21560,2026-10-27,2026-M10,Q4,T3,ADM,Fellesadministrasjon & Fellestjenester (ADM),Administrasjon,5330,Sensorhonorar & Timelønnede,5xxx Lønn,Sensorhonorar & Timelønnede - 2026-M10 (ADM),1071906.29,EMP-107,EMP-127,True,OK,2026_UiA_Full_Oct
TX-21561,2026-01-09,2026-M01,Q1,T1,ADM,Fellesadministrasjon & Fellestjenester (ADM),Administrasjon,6000,Husleie & Eiendomsdrift,6xxx Drift,Husleie & Eiendomsdrift - 2026-M01 (ADM),3034413.26,EMP-107,EMP-127,True,OK,2026_UiA_Full_Oct
TX-21562,2026-01-18,2026-M01,Q1,T1,ADM,Fellesadministrasjon & Fellestjenester (ADM),Administrasjon,6000,Husleie & Eiendomsdrift,6xxx Drift,Husleie & Eiendomsdrift - 2026-M01 (ADM),893833.7,EMP-107,EMP-127,True,OK,2026_UiA_Full_Oct
TX-21563,2026-01-27,2026-M01,Q1,T1,ADM,Fellesadministrasjon & Fellestjenester (ADM),Administrasjon,6000,Husleie & Eiendomsdrift,6xxx Drift,Husleie & Eiendomsdrift - 2026-M01 (ADM),1232209.33,EMP-107,EMP-127,True,OK,2026_UiA_Full_Oct
TX-21564,2026-02-09,2026-M02,Q1,T1,ADM,Fellesadministrasjon & Fellestjenester (ADM),Administrasjon,6000,Husleie & Eiendomsdrift,6xxx Drift,Husleie & Eiendomsdrift - 2026-M02 (ADM),389503.4,EMP-107,EMP-127,True,OK,2026_UiA_Full_Oct
TX-21565,2026-02-18,2026-M02,Q1,T1,ADM,Fellesadministrasjon & Fellestjenester (ADM),Administrasjon,6000,Husleie & Eiendomsdrift,6xxx Drift,Husleie & Eiendomsdrift - 2026-M02 (ADM),2055876.27,EMP-107,EMP-127,True,OK,2026_UiA_Full_Oct
TX-21566,2026-02-27,2026-M02,Q1,T1,ADM,Fellesadministrasjon & Fellestjenester (ADM),Administrasjon,6000,Husleie & Eiendomsdrift,6xxx Drift,Husleie & Eiendomsdrift - 2026-M02 (ADM),2684526.32,EMP-107,EMP-127,True,OK,2026_UiA_Full_Oct
TX-21567,2026-03-09,2026-M03,Q1,T1,ADM,Fellesadministrasjon & Fellestjenester (ADM),Administrasjon,6000,Husleie & Eiendomsdrift,6xxx Drift,Husleie & Eiendomsdrift - 2026-M03 (ADM),2465699.28,EMP-107,EMP-127,True,OK,2026_UiA_Full_Oct
TX-21568,2026-03-18,2026-M03,Q1,T1,ADM,Fellesadministrasjon & Fellestjenester (ADM),Administrasjon,6000,Husleie & Eiendomsdrift,6xxx Drift,Husleie & Eiendomsdrift - 2026-M03 (ADM),2370080.65,EMP-107,EMP-127,True,OK,2026_UiA_Full_Oct
TX-21569,2026-03-27,2026-M03,Q1,T1,ADM,Fellesadministrasjon & Fellestjenester (ADM),Administrasjon,6000,Husleie & Eiendomsdrift,6xxx Drift,Husleie & Eiendomsdrift - 2026-M03 (ADM),322030.64,EMP-107,EMP-127,True,OK,2026_UiA_Full_Oct
TX-21570,2026-04-09,2026-M04,Q2,T1,ADM,Fellesadministrasjon & Fellestjenester (ADM),Administrasjon,6000,Husleie & Eiendomsdrift,6xxx Drift,Husleie & Eiendomsdrift - 2026-M04 (ADM),3432238.24,EMP-107,EMP-127,True,OK,2026_UiA_Full_Oct
TX-21571,2026-04-18,2026-M04,Q2,T1,ADM,Fellesadministrasjon & Fellestjenester (ADM),Administrasjon,6000,Husleie & Eiendomsdrift,6xxx Drift,Husleie & Eiendomsdrift - 2026-M04 (ADM),1520482.19,EMP-107,EMP-127,True,OK,2026_UiA_Full_Oct
TX-21572,2026-04-27,2026-M04,Q2,T1,ADM,Fellesadministrasjon & Fellestjenester (ADM),Administrasjon,6000,Husleie & Eiendomsdrift,6xxx Drift,Husleie & Eiendomsdrift - 2026-M04 (ADM),152692.44,EMP-107,EMP-127,True,OK,2026_UiA_Full_Oct
TX-21573,2026-05-09,2026-M05,Q2,T2,ADM,Fellesadministrasjon & Fellestjenester (ADM),Administrasjon,6000,Husleie & Eiendomsdrift,6xxx Drift,Husleie & Eiendomsdrift - 2026-M05 (ADM),1494753.91,EMP-107,EMP-127,True,OK,2026_UiA_Full_Oct
TX-21574,2026-05-18,2026-M05,Q2,T2,ADM,Fellesadministrasjon & Fellestjenester (ADM),Administrasjon,6000,Husleie & Eiendomsdrift,6xxx Drift,Husleie & Eiendomsdrift - 2026-M05 (ADM),2251244.9,EMP-107,EMP-127,True,OK,2026_UiA_Full_Oct
TX-21575,2026-05-27,2026-M05,Q2,T2,ADM,Fellesadministrasjon & Fellestjenester (ADM),Administrasjon,6000,Husleie & Eiendomsdrift,6xxx Drift,Husleie & Eiendomsdrift - 2026-M05 (ADM),1448855.14,EMP-107,EMP-127,True,OK,2026_UiA_Full_Oct
TX-21576,2026-06-09,2026-M06,Q2,T2,ADM,Fellesadministrasjon & Fellestjenester (ADM),Administrasjon,6000,Husleie & Eiendomsdrift,6xxx Drift,Husleie & Eiendomsdrift - 2026-M06 (ADM),1580345.09,EMP-107,EMP-127,True,OK,2026_UiA_Full_Oct
TX-21577,2026-06-18,2026-M06,Q2,T2,ADM,Fellesadministrasjon & Fellestjenester (ADM),Administrasjon,6000,Husleie & Eiendomsdrift,6xxx Drift,Husleie & Eiendomsdrift - 2026-M06 (ADM),3166995.05,EMP-107,EMP-127,True,OK,2026_UiA_Full_Oct
TX-21578,2026-06-27,2026-M06,Q2,T2,ADM,Fellesadministrasjon & Fellestjenester (ADM),Administrasjon,6000,Husleie & Eiendomsdrift,6xxx Drift,Husleie & Eiendomsdrift - 2026-M06 (ADM),413260.05,EMP-107,EMP-127,True,OK,2026_UiA_Full_Oct
TX-21579,2026-07-09,2026-M07,Q3,T2,ADM,Fellesadministrasjon & Fellestjenester (ADM),Administrasjon,6000,Husleie & Eiendomsdrift,6xxx Drift,Husleie & Eiendomsdrift - 2026-M07 (ADM),389878.92,EMP-107,EMP-127,True,OK,2026_UiA_Full_Oct
TX-21580,2026-07-18,2026-M07,Q3,T2,ADM,Fellesadministrasjon & Fellestjenester (ADM),Administrasjon,6000,Husleie & Eiendomsdrift,6xxx Drift,Husleie & Eiendomsdrift - 2026-M07 (ADM),2507307.33,EMP-107,EMP-127,True,OK,2026_UiA_Full_Oct
TX-21581,2026-07-27,2026-M07,Q3,T2,ADM,Fellesadministrasjon & Fellestjenester (ADM),Administrasjon,6000,Husleie & Eiendomsdrift,6xxx Drift,Husleie & Eiendomsdrift - 2026-M07 (ADM),2204724.99,EMP-107,EMP-127,True,OK,2026_UiA_Full_Oct
TX-21582,2026-08-09,2026-M08,Q3,T2,ADM,Fellesadministrasjon & Fellestjenester (ADM),Administrasjon,6000,Husleie & Eiendomsdrift,6xxx Drift,Husleie & Eiendomsdrift - 2026-M08 (ADM),1963194.71,EMP-107,EMP-127,True,OK,2026_UiA_Full_Oct
TX-21583,2026-08-18,2026-M08,Q3,T2,ADM,Fellesadministrasjon & Fellestjenester (ADM),Administrasjon,6000,Husleie & Eiendomsdrift,6xxx Drift,Husleie & Eiendomsdrift - 2026-M08 (ADM),286711.52,EMP-107,EMP-127,True,OK,2026_UiA_Full_Oct
TX-21584,2026-08-27,2026-M08,Q3,T2,ADM,Fellesadministrasjon & Fellestjenester (ADM),Administrasjon,6000,Husleie & Eiendomsdrift,6xxx Drift,Husleie & Eiendomsdrift - 2026-M08 (ADM),2870800.42,EMP-107,EMP-127,True,OK,2026_UiA_Full_Oct
TX-21585,2026-09-09,2026-M09,Q3,T3,ADM,Fellesadministrasjon & Fellestjenester (ADM),Administrasjon,6000,Husleie & Eiendomsdrift,6xxx Drift,Husleie & Eiendomsdrift - 2026-M09 (ADM),10408.16,EMP-107,EMP-127,True,OK,2026_UiA_Full_Oct
TX-21586,2026-09-18,2026-M09,Q3,T3,ADM,Fellesadministrasjon & Fellestjenester (ADM),Administrasjon,6000,Husleie & Eiendomsdrift,6xxx Drift,Husleie & Eiendomsdrift - 2026-M09 (ADM),3809853.17,EMP-107,EMP-127,True,OK,2026_UiA_Full_Oct
TX-21587,2026-09-27,2026-M09,Q3,T3,ADM,Fellesadministrasjon & Fellestjenester (ADM),Administrasjon,6000,Husleie & Eiendomsdrift,6xxx Drift,Husleie & Eiendomsdrift - 2026-M09 (ADM),1349688.17,EMP-107,EMP-127,True,OK,2026_UiA_Full_Oct
TX-21588,2026-10-09,2026-M10,Q4,T3,ADM,Fellesadministrasjon & Fellestjenester (ADM),Administrasjon,6000,Husleie & Eiendomsdrift,6xxx Drift,Husleie & Eiendomsdrift - 2026-M10 (ADM),1024770.03,EMP-107,EMP-127,True,OK,2026_UiA_Full_Oct
TX-21589,2026-10-18,2026-M10,Q4,T3,ADM,Fellesadministrasjon & Fellestjenester (ADM),Administrasjon,6000,Husleie & Eiendomsdrift,6xxx Drift,Husleie & Eiendomsdrift - 2026-M10 (ADM),303909.55,EMP-107,EMP-127,True,OK,2026_UiA_Full_Oct
TX-21590,2026-10-27,2026-M10,Q4,T3,ADM,Fellesadministrasjon & Fellestjenester (ADM),Administrasjon,6000,Husleie & Eiendomsdrift,6xxx Drift,Husleie & Eiendomsdrift - 2026-M10 (ADM),3831258.23,EMP-107,EMP-127,True,OK,2026_UiA_Full_Oct
TX-21591,2026-01-09,2026-M01,Q1,T1,ADM,Fellesadministrasjon & Fellestjenester (ADM),Administrasjon,6800,"IKT, Rekvisita & Utstyr",6xxx Drift,"IKT, Rekvisita & Utstyr - 2026-M01 (ADM)",1940286.11,EMP-107,EMP-127,True,OK,2026_UiA_Full_Oct
TX-21592,2026-01-18,2026-M01,Q1,T1,ADM,Fellesadministrasjon & Fellestjenester (ADM),Administrasjon,6800,"IKT, Rekvisita & Utstyr",6xxx Drift,"IKT, Rekvisita & Utstyr - 2026-M01 (ADM)",183931.49,EMP-107,EMP-127,True,OK,2026_UiA_Full_Oct
TX-21593,2026-01-27,2026-M01,Q1,T1,ADM,Fellesadministrasjon & Fellestjenester (ADM),Administrasjon,6800,"IKT, Rekvisita & Utstyr",6xxx Drift,"IKT, Rekvisita & Utstyr - 2026-M01 (ADM)",841176.75,EMP-107,EMP-127,True,OK,2026_UiA_Full_Oct
TX-21594,2026-02-09,2026-M02,Q1,T1,ADM,Fellesadministrasjon & Fellestjenester (ADM),Administrasjon,6800,"IKT, Rekvisita & Utstyr",6xxx Drift,"IKT, Rekvisita & Utstyr - 2026-M02 (ADM)",1626247.16,EMP-107,EMP-127,True,OK,2026_UiA_Full_Oct
TX-21595,2026-02-18,2026-M02,Q1,T1,ADM,Fellesadministrasjon & Fellestjenester (ADM),Administrasjon,6800,"IKT, Rekvisita & Utstyr",6xxx Drift,"IKT, Rekvisita & Utstyr - 2026-M02 (ADM)",161134.38,EMP-107,EMP-127,True,OK,2026_UiA_Full_Oct
TX-21596,2026-02-27,2026-M02,Q1,T1,ADM,Fellesadministrasjon & Fellestjenester (ADM),Administrasjon,6800,"IKT, Rekvisita & Utstyr",6xxx Drift,"IKT, Rekvisita & Utstyr - 2026-M02 (ADM)",1125733.19,EMP-107,EMP-127,True,OK,2026_UiA_Full_Oct
TX-21597,2026-03-09,2026-M03,Q1,T1,ADM,Fellesadministrasjon & Fellestjenester (ADM),Administrasjon,6800,"IKT, Rekvisita & Utstyr",6xxx Drift,"IKT, Rekvisita & Utstyr - 2026-M03 (ADM)",420366.14,EMP-107,EMP-127,True,OK,2026_UiA_Full_Oct
TX-21598,2026-03-18,2026-M03,Q1,T1,ADM,Fellesadministrasjon & Fellestjenester (ADM),Administrasjon,6800,"IKT, Rekvisita & Utstyr",6xxx Drift,"IKT, Rekvisita & Utstyr - 2026-M03 (ADM)",1251489.96,EMP-107,EMP-127,True,OK,2026_UiA_Full_Oct
TX-21599,2026-03-27,2026-M03,Q1,T1,ADM,Fellesadministrasjon & Fellestjenester (ADM),Administrasjon,6800,"IKT, Rekvisita & Utstyr",6xxx Drift,"IKT, Rekvisita & Utstyr - 2026-M03 (ADM)",1290223.8,EMP-107,EMP-127,True,OK,2026_UiA_Full_Oct
TX-21600,2026-04-09,2026-M04,Q2,T1,ADM,Fellesadministrasjon & Fellestjenester (ADM),Administrasjon,6800,"IKT, Rekvisita & Utstyr",6xxx Drift,"IKT, Rekvisita & Utstyr - 2026-M04 (ADM)",1164081.85,EMP-107,EMP-127,True,OK,2026_UiA_Full_Oct
TX-21601,2026-04-18,2026-M04,Q2,T1,ADM,Fellesadministrasjon & Fellestjenester (ADM),Administrasjon,6800,"IKT, Rekvisita & Utstyr",6xxx Drift,"IKT, Rekvisita & Utstyr - 2026-M04 (ADM)",1642486.94,EMP-107,EMP-107,True,BRUDD: Egengodkjent (BDM == Attestant),2026_UiA_Full_Oct
TX-21602,2026-04-27,2026-M04,Q2,T1,ADM,Fellesadministrasjon & Fellestjenester (ADM),Administrasjon,6800,"IKT, Rekvisita & Utstyr",6xxx Drift,"IKT, Rekvisita & Utstyr - 2026-M04 (ADM)",105136.62,EMP-107,EMP-127,True,OK,2026_UiA_Full_Oct
TX-21603,2026-05-09,2026-M05,Q2,T2,ADM,Fellesadministrasjon & Fellestjenester (ADM),Administrasjon,6800,"IKT, Rekvisita & Utstyr",6xxx Drift,"IKT, Rekvisita & Utstyr - 2026-M05 (ADM)",1964421.07,EMP-107,EMP-127,True,OK,2026_UiA_Full_Oct
TX-21604,2026-05-18,2026-M05,Q2,T2,ADM,Fellesadministrasjon & Fellestjenester (ADM),Administrasjon,6800,"IKT, Rekvisita & Utstyr",6xxx Drift,"IKT, Rekvisita & Utstyr - 2026-M05 (ADM)",445272.15,EMP-107,EMP-127,True,OK,2026_UiA_Full_Oct
TX-21605,2026-05-27,2026-M05,Q2,T2,ADM,Fellesadministrasjon & Fellestjenester (ADM),Administrasjon,6800,"IKT, Rekvisita & Utstyr",6xxx Drift,"IKT, Rekvisita & Utstyr - 2026-M05 (ADM)",493270.9,EMP-107,EMP-127,True,OK,2026_UiA_Full_Oct
TX-21606,2026-06-09,2026-M06,Q2,T2,ADM,Fellesadministrasjon & Fellestjenester (ADM),Administrasjon,6800,"IKT, Rekvisita & Utstyr",6xxx Drift,"IKT, Rekvisita & Utstyr - 2026-M06 (ADM)",367503.16,EMP-107,EMP-127,True,OK,2026_UiA_Full_Oct
TX-21607,2026-06-18,2026-M06,Q2,T2,ADM,Fellesadministrasjon & Fellestjenester (ADM),Administrasjon,6800,"IKT, Rekvisita & Utstyr",6xxx Drift,"IKT, Rekvisita & Utstyr - 2026-M06 (ADM)",1434845.85,EMP-107,EMP-127,True,OK,2026_UiA_Full_Oct
TX-21608,2026-06-27,2026-M06,Q2,T2,ADM,Fellesadministrasjon & Fellestjenester (ADM),Administrasjon,6800,"IKT, Rekvisita & Utstyr",6xxx Drift,"IKT, Rekvisita & Utstyr - 2026-M06 (ADM)",1122011.12,EMP-107,EMP-127,True,OK,2026_UiA_Full_Oct
TX-21609,2026-07-09,2026-M07,Q3,T2,ADM,Fellesadministrasjon & Fellestjenester (ADM),Administrasjon,6800,"IKT, Rekvisita & Utstyr",6xxx Drift,"IKT, Rekvisita & Utstyr - 2026-M07 (ADM)",942697.45,EMP-107,EMP-127,True,OK,2026_UiA_Full_Oct
TX-21610,2026-07-18,2026-M07,Q3,T2,ADM,Fellesadministrasjon & Fellestjenester (ADM),Administrasjon,6800,"IKT, Rekvisita & Utstyr",6xxx Drift,"IKT, Rekvisita & Utstyr - 2026-M07 (ADM)",1140447.75,EMP-107,EMP-127,True,OK,2026_UiA_Full_Oct
TX-21611,2026-07-27,2026-M07,Q3,T2,ADM,Fellesadministrasjon & Fellestjenester (ADM),Administrasjon,6800,"IKT, Rekvisita & Utstyr",6xxx Drift,"IKT, Rekvisita & Utstyr - 2026-M07 (ADM)",853676.26,EMP-107,EMP-127,True,OK,2026_UiA_Full_Oct
TX-21612,2026-08-09,2026-M08,Q3,T2,ADM,Fellesadministrasjon & Fellestjenester (ADM),Administrasjon,6800,"IKT, Rekvisita & Utstyr",6xxx Drift,"IKT, Rekvisita & Utstyr - 2026-M08 (ADM)",158069.85,EMP-107,EMP-127,True,OK,2026_UiA_Full_Oct
TX-21613,2026-08-18,2026-M08,Q3,T2,ADM,Fellesadministrasjon & Fellestjenester (ADM),Administrasjon,6800,"IKT, Rekvisita & Utstyr",6xxx Drift,"IKT, Rekvisita & Utstyr - 2026-M08 (ADM)",2763047.68,EMP-107,EMP-127,True,OK,2026_UiA_Full_Oct
TX-21614,2026-08-27,2026-M08,Q3,T2,ADM,Fellesadministrasjon & Fellestjenester (ADM),Administrasjon,6800,"IKT, Rekvisita & Utstyr",6xxx Drift,"IKT, Rekvisita & Utstyr - 2026-M08 (ADM)",42135.55,EMP-107,EMP-127,True,OK,2026_UiA_Full_Oct
TX-21615,2026-09-09,2026-M09,Q3,T3,ADM,Fellesadministrasjon & Fellestjenester (ADM),Administrasjon,6800,"IKT, Rekvisita & Utstyr",6xxx Drift,"IKT, Rekvisita & Utstyr - 2026-M09 (ADM)",696695.31,EMP-107,EMP-127,True,OK,2026_UiA_Full_Oct
TX-21616,2026-09-18,2026-M09,Q3,T3,ADM,Fellesadministrasjon & Fellestjenester (ADM),Administrasjon,6800,"IKT, Rekvisita & Utstyr",6xxx Drift,"IKT, Rekvisita & Utstyr - 2026-M09 (ADM)",2197879.89,EMP-107,EMP-127,True,OK,2026_UiA_Full_Oct
TX-21617,2026-09-27,2026-M09,Q3,T3,ADM,Fellesadministrasjon & Fellestjenester (ADM),Administrasjon,6800,"IKT, Rekvisita & Utstyr",6xxx Drift,"IKT, Rekvisita & Utstyr - 2026-M09 (ADM)",26862.63,EMP-107,EMP-127,True,OK,2026_UiA_Full_Oct
TX-21618,2026-10-09,2026-M10,Q4,T3,ADM,Fellesadministrasjon & Fellestjenester (ADM),Administrasjon,6800,"IKT, Rekvisita & Utstyr",6xxx Drift,"IKT, Rekvisita & Utstyr - 2026-M10 (ADM)",588005.39,EMP-107,EMP-127,True,OK,2026_UiA_Full_Oct
TX-21619,2026-10-18,2026-M10,Q4,T3,ADM,Fellesadministrasjon & Fellestjenester (ADM),Administrasjon,6800,"IKT, Rekvisita & Utstyr",6xxx Drift,"IKT, Rekvisita & Utstyr - 2026-M10 (ADM)",500767.33,EMP-107,EMP-127,True,OK,2026_UiA_Full_Oct
TX-21620,2026-10-27,2026-M10,Q4,T3,ADM,Fellesadministrasjon & Fellestjenester (ADM),Administrasjon,6800,"IKT, Rekvisita & Utstyr",6xxx Drift,"IKT, Rekvisita & Utstyr - 2026-M10 (ADM)",1838720.16,EMP-107,EMP-127,False,BRUDD: Mangler kvittering (>100 NOK),2026_UiA_Full_Oct
TX-21621,2026-01-09,2026-M01,Q1,T1,ADM,Fellesadministrasjon & Fellestjenester (ADM),Administrasjon,7100,Reise & Representasjon,7xxx Reiser,Reise & Representasjon - 2026-M01 (ADM),694938.02,EMP-107,EMP-127,True,OK,2026_UiA_Full_Oct
TX-21622,2026-01-18,2026-M01,Q1,T1,ADM,Fellesadministrasjon & Fellestjenester (ADM),Administrasjon,7100,Reise & Representasjon,7xxx Reiser,Reise & Representasjon - 2026-M01 (ADM),365011.51,EMP-107,EMP-127,True,OK,2026_UiA_Full_Oct
TX-21623,2026-01-27,2026-M01,Q1,T1,ADM,Fellesadministrasjon & Fellestjenester (ADM),Administrasjon,7100,Reise & Representasjon,7xxx Reiser,Reise & Representasjon - 2026-M01 (ADM),765423.05,EMP-107,EMP-127,True,OK,2026_UiA_Full_Oct
TX-21624,2026-02-09,2026-M02,Q1,T1,ADM,Fellesadministrasjon & Fellestjenester (ADM),Administrasjon,7100,Reise & Representasjon,7xxx Reiser,Reise & Representasjon - 2026-M02 (ADM),211497.49,EMP-107,EMP-127,True,OK,2026_UiA_Full_Oct
TX-21625,2026-02-18,2026-M02,Q1,T1,ADM,Fellesadministrasjon & Fellestjenester (ADM),Administrasjon,7100,Reise & Representasjon,7xxx Reiser,Reise & Representasjon - 2026-M02 (ADM),787285.62,EMP-107,EMP-127,True,OK,2026_UiA_Full_Oct
TX-21626,2026-02-27,2026-M02,Q1,T1,ADM,Fellesadministrasjon & Fellestjenester (ADM),Administrasjon,7100,Reise & Representasjon,7xxx Reiser,Reise & Representasjon - 2026-M02 (ADM),841000.02,EMP-107,EMP-107,True,BRUDD: Egengodkjent (BDM == Attestant),2026_UiA_Full_Oct
TX-21627,2026-03-09,2026-M03,Q1,T1,ADM,Fellesadministrasjon & Fellestjenester (ADM),Administrasjon,7100,Reise & Representasjon,7xxx Reiser,Reise & Representasjon - 2026-M03 (ADM),1416647.65,EMP-107,EMP-127,True,OK,2026_UiA_Full_Oct
TX-21628,2026-03-18,2026-M03,Q1,T1,ADM,Fellesadministrasjon & Fellestjenester (ADM),Administrasjon,7100,Reise & Representasjon,7xxx Reiser,Reise & Representasjon - 2026-M03 (ADM),207104.31,EMP-107,EMP-127,True,OK,2026_UiA_Full_Oct
TX-21629,2026-03-27,2026-M03,Q1,T1,ADM,Fellesadministrasjon & Fellestjenester (ADM),Administrasjon,7100,Reise & Representasjon,7xxx Reiser,Reise & Representasjon - 2026-M03 (ADM),206633.1,EMP-107,EMP-127,True,OK,2026_UiA_Full_Oct
TX-21630,2026-04-09,2026-M04,Q2,T1,ADM,Fellesadministrasjon & Fellestjenester (ADM),Administrasjon,7100,Reise & Representasjon,7xxx Reiser,Reise & Representasjon - 2026-M04 (ADM),826944.55,EMP-107,EMP-127,False,BRUDD: Mangler kvittering (>100 NOK),2026_UiA_Full_Oct
TX-21631,2026-04-18,2026-M04,Q2,T1,ADM,Fellesadministrasjon & Fellestjenester (ADM),Administrasjon,7100,Reise & Representasjon,7xxx Reiser,Reise & Representasjon - 2026-M04 (ADM),154377.92,EMP-107,EMP-127,True,OK,2026_UiA_Full_Oct
TX-21632,2026-04-27,2026-M04,Q2,T1,ADM,Fellesadministrasjon & Fellestjenester (ADM),Administrasjon,7100,Reise & Representasjon,7xxx Reiser,Reise & Representasjon - 2026-M04 (ADM),832624.58,EMP-107,EMP-127,True,OK,2026_UiA_Full_Oct
TX-21633,2026-05-09,2026-M05,Q2,T2,ADM,Fellesadministrasjon & Fellestjenester (ADM),Administrasjon,7100,Reise & Representasjon,7xxx Reiser,Reise & Representasjon - 2026-M05 (ADM),247356.66,EMP-107,EMP-127,False,BRUDD: Mangler kvittering (>100 NOK),2026_UiA_Full_Oct
TX-21634,2026-05-18,2026-M05,Q2,T2,ADM,Fellesadministrasjon & Fellestjenester (ADM),Administrasjon,7100,Reise & Representasjon,7xxx Reiser,Reise & Representasjon - 2026-M05 (ADM),962547.56,EMP-107,EMP-127,True,OK,2026_UiA_Full_Oct
TX-21635,2026-05-27,2026-M05,Q2,T2,ADM,Fellesadministrasjon & Fellestjenester (ADM),Administrasjon,7100,Reise & Representasjon,7xxx Reiser,Reise & Representasjon - 2026-M05 (ADM),600399.06,EMP-107,EMP-127,True,OK,2026_UiA_Full_Oct
TX-21636,2026-06-09,2026-M06,Q2,T2,ADM,Fellesadministrasjon & Fellestjenester (ADM),Administrasjon,7100,Reise & Representasjon,7xxx Reiser,Reise & Representasjon - 2026-M06 (ADM),331902.9,EMP-107,EMP-127,True,OK,2026_UiA_Full_Oct
TX-21637,2026-06-18,2026-M06,Q2,T2,ADM,Fellesadministrasjon & Fellestjenester (ADM),Administrasjon,7100,Reise & Representasjon,7xxx Reiser,Reise & Representasjon - 2026-M06 (ADM),1453499.79,EMP-107,EMP-127,True,OK,2026_UiA_Full_Oct
TX-21638,2026-06-27,2026-M06,Q2,T2,ADM,Fellesadministrasjon & Fellestjenester (ADM),Administrasjon,7100,Reise & Representasjon,7xxx Reiser,Reise & Representasjon - 2026-M06 (ADM),36412.36,EMP-107,EMP-127,True,OK,2026_UiA_Full_Oct
TX-21639,2026-07-09,2026-M07,Q3,T2,ADM,Fellesadministrasjon & Fellestjenester (ADM),Administrasjon,7100,Reise & Representasjon,7xxx Reiser,Reise & Representasjon - 2026-M07 (ADM),441015.47,EMP-107,EMP-127,False,BRUDD: Mangler kvittering (>100 NOK),2026_UiA_Full_Oct
TX-21640,2026-07-18,2026-M07,Q3,T2,ADM,Fellesadministrasjon & Fellestjenester (ADM),Administrasjon,7100,Reise & Representasjon,7xxx Reiser,Reise & Representasjon - 2026-M07 (ADM),1105358.41,EMP-107,EMP-127,True,OK,2026_UiA_Full_Oct
TX-21641,2026-07-27,2026-M07,Q3,T2,ADM,Fellesadministrasjon & Fellestjenester (ADM),Administrasjon,7100,Reise & Representasjon,7xxx Reiser,Reise & Representasjon - 2026-M07 (ADM),313795.96,EMP-107,EMP-127,True,OK,2026_UiA_Full_Oct
TX-21642,2026-08-09,2026-M08,Q3,T2,ADM,Fellesadministrasjon & Fellestjenester (ADM),Administrasjon,7100,Reise & Representasjon,7xxx Reiser,Reise & Representasjon - 2026-M08 (ADM),662487.58,EMP-107,EMP-127,True,OK,2026_UiA_Full_Oct
TX-21643,2026-08-18,2026-M08,Q3,T2,ADM,Fellesadministrasjon & Fellestjenester (ADM),Administrasjon,7100,Reise & Representasjon,7xxx Reiser,Reise & Representasjon - 2026-M08 (ADM),746524.02,EMP-107,EMP-127,True,OK,2026_UiA_Full_Oct
TX-21644,2026-08-27,2026-M08,Q3,T2,ADM,Fellesadministrasjon & Fellestjenester (ADM),Administrasjon,7100,Reise & Representasjon,7xxx Reiser,Reise & Representasjon - 2026-M08 (ADM),434530.42,EMP-107,EMP-127,True,OK,2026_UiA_Full_Oct
TX-21645,2026-09-09,2026-M09,Q3,T3,ADM,Fellesadministrasjon & Fellestjenester (ADM),Administrasjon,7100,Reise & Representasjon,7xxx Reiser,Reise & Representasjon - 2026-M09 (ADM),1692207.54,EMP-107,EMP-127,True,OK,2026_UiA_Full_Oct
TX-21646,2026-09-18,2026-M09,Q3,T3,ADM,Fellesadministrasjon & Fellestjenester (ADM),Administrasjon,7100,Reise & Representasjon,7xxx Reiser,Reise & Representasjon - 2026-M09 (ADM),64715.38,EMP-107,EMP-127,True,OK,2026_UiA_Full_Oct
TX-21647,2026-09-27,2026-M09,Q3,T3,ADM,Fellesadministrasjon & Fellestjenester (ADM),Administrasjon,7100,Reise & Representasjon,7xxx Reiser,Reise & Representasjon - 2026-M09 (ADM),70488.0,EMP-107,EMP-127,True,OK,2026_UiA_Full_Oct
TX-21648,2026-10-09,2026-M10,Q4,T3,ADM,Fellesadministrasjon & Fellestjenester (ADM),Administrasjon,7100,Reise & Representasjon,7xxx Reiser,Reise & Representasjon - 2026-M10 (ADM),10812.57,EMP-107,EMP-127,True,OK,2026_UiA_Full_Oct
TX-21649,2026-10-18,2026-M10,Q4,T3,ADM,Fellesadministrasjon & Fellestjenester (ADM),Administrasjon,7100,Reise & Representasjon,7xxx Reiser,Reise & Representasjon - 2026-M10 (ADM),1013036.73,EMP-107,EMP-127,True,OK,2026_UiA_Full_Oct
TX-21650,2026-10-27,2026-M10,Q4,T3,ADM,Fellesadministrasjon & Fellestjenester (ADM),Administrasjon,7100,Reise & Representasjon,7xxx Reiser,Reise & Representasjon - 2026-M10 (ADM),798159.76,EMP-107,EMP-127,True,OK,2026_UiA_Full_Oct
TX-21651,2026-01-09,2026-M01,Q1,T1,ADM,Fellesadministrasjon & Fellestjenester (ADM),Administrasjon,7800,Andre Driftskostnader & Konsulenter,7xxx Reiser,Andre Driftskostnader & Konsulenter - 2026-M01 (ADM),1065568.13,EMP-107,EMP-127,True,OK,2026_UiA_Full_Oct
TX-21652,2026-01-18,2026-M01,Q1,T1,ADM,Fellesadministrasjon & Fellestjenester (ADM),Administrasjon,7800,Andre Driftskostnader & Konsulenter,7xxx Reiser,Andre Driftskostnader & Konsulenter - 2026-M01 (ADM),43590.46,EMP-107,EMP-127,True,OK,2026_UiA_Full_Oct
TX-21653,2026-01-27,2026-M01,Q1,T1,ADM,Fellesadministrasjon & Fellestjenester (ADM),Administrasjon,7800,Andre Driftskostnader & Konsulenter,7xxx Reiser,Andre Driftskostnader & Konsulenter - 2026-M01 (ADM),1503.09,EMP-107,EMP-127,True,OK,2026_UiA_Full_Oct
TX-21654,2026-02-09,2026-M02,Q1,T1,ADM,Fellesadministrasjon & Fellestjenester (ADM),Administrasjon,7800,Andre Driftskostnader & Konsulenter,7xxx Reiser,Andre Driftskostnader & Konsulenter - 2026-M02 (ADM),11297.53,EMP-107,EMP-127,True,OK,2026_UiA_Full_Oct
TX-21655,2026-02-18,2026-M02,Q1,T1,ADM,Fellesadministrasjon & Fellestjenester (ADM),Administrasjon,7800,Andre Driftskostnader & Konsulenter,7xxx Reiser,Andre Driftskostnader & Konsulenter - 2026-M02 (ADM),70531.13,EMP-107,EMP-127,True,OK,2026_UiA_Full_Oct
TX-21656,2026-02-27,2026-M02,Q1,T1,ADM,Fellesadministrasjon & Fellestjenester (ADM),Administrasjon,7800,Andre Driftskostnader & Konsulenter,7xxx Reiser,Andre Driftskostnader & Konsulenter - 2026-M02 (ADM),1023589.3,EMP-107,EMP-127,True,OK,2026_UiA_Full_Oct
TX-21657,2026-03-09,2026-M03,Q1,T1,ADM,Fellesadministrasjon & Fellestjenester (ADM),Administrasjon,7800,Andre Driftskostnader & Konsulenter,7xxx Reiser,Andre Driftskostnader & Konsulenter - 2026-M03 (ADM),840207.96,EMP-107,EMP-127,True,OK,2026_UiA_Full_Oct
TX-21658,2026-03-18,2026-M03,Q1,T1,ADM,Fellesadministrasjon & Fellestjenester (ADM),Administrasjon,7800,Andre Driftskostnader & Konsulenter,7xxx Reiser,Andre Driftskostnader & Konsulenter - 2026-M03 (ADM),174579.1,EMP-107,EMP-127,True,OK,2026_UiA_Full_Oct
TX-21659,2026-03-27,2026-M03,Q1,T1,ADM,Fellesadministrasjon & Fellestjenester (ADM),Administrasjon,7800,Andre Driftskostnader & Konsulenter,7xxx Reiser,Andre Driftskostnader & Konsulenter - 2026-M03 (ADM),103025.37,EMP-107,EMP-127,True,OK,2026_UiA_Full_Oct
TX-21660,2026-04-09,2026-M04,Q2,T1,ADM,Fellesadministrasjon & Fellestjenester (ADM),Administrasjon,7800,Andre Driftskostnader & Konsulenter,7xxx Reiser,Andre Driftskostnader & Konsulenter - 2026-M04 (ADM),1046751.03,EMP-107,EMP-127,True,OK,2026_UiA_Full_Oct
TX-21661,2026-04-18,2026-M04,Q2,T1,ADM,Fellesadministrasjon & Fellestjenester (ADM),Administrasjon,7800,Andre Driftskostnader & Konsulenter,7xxx Reiser,Andre Driftskostnader & Konsulenter - 2026-M04 (ADM),17193.51,EMP-107,EMP-127,True,OK,2026_UiA_Full_Oct
TX-21662,2026-04-27,2026-M04,Q2,T1,ADM,Fellesadministrasjon & Fellestjenester (ADM),Administrasjon,7800,Andre Driftskostnader & Konsulenter,7xxx Reiser,Andre Driftskostnader & Konsulenter - 2026-M04 (ADM),28181.19,EMP-107,EMP-127,True,OK,2026_UiA_Full_Oct
TX-21663,2026-05-09,2026-M05,Q2,T2,ADM,Fellesadministrasjon & Fellestjenester (ADM),Administrasjon,7800,Andre Driftskostnader & Konsulenter,7xxx Reiser,Andre Driftskostnader & Konsulenter - 2026-M05 (ADM),112056.6,EMP-107,EMP-127,True,OK,2026_UiA_Full_Oct
TX-21664,2026-05-18,2026-M05,Q2,T2,ADM,Fellesadministrasjon & Fellestjenester (ADM),Administrasjon,7800,Andre Driftskostnader & Konsulenter,7xxx Reiser,Andre Driftskostnader & Konsulenter - 2026-M05 (ADM),866724.68,EMP-107,EMP-127,True,OK,2026_UiA_Full_Oct
TX-21665,2026-05-27,2026-M05,Q2,T2,ADM,Fellesadministrasjon & Fellestjenester (ADM),Administrasjon,7800,Andre Driftskostnader & Konsulenter,7xxx Reiser,Andre Driftskostnader & Konsulenter - 2026-M05 (ADM),136830.77,EMP-107,EMP-127,True,OK,2026_UiA_Full_Oct
TX-21666,2026-06-09,2026-M06,Q2,T2,ADM,Fellesadministrasjon & Fellestjenester (ADM),Administrasjon,7800,Andre Driftskostnader & Konsulenter,7xxx Reiser,Andre Driftskostnader & Konsulenter - 2026-M06 (ADM),740356.59,EMP-107,EMP-127,True,OK,2026_UiA_Full_Oct
TX-21667,2026-06-18,2026-M06,Q2,T2,ADM,Fellesadministrasjon & Fellestjenester (ADM),Administrasjon,7800,Andre Driftskostnader & Konsulenter,7xxx Reiser,Andre Driftskostnader & Konsulenter - 2026-M06 (ADM),63513.22,EMP-107,EMP-127,True,OK,2026_UiA_Full_Oct
TX-21668,2026-06-27,2026-M06,Q2,T2,ADM,Fellesadministrasjon & Fellestjenester (ADM),Administrasjon,7800,Andre Driftskostnader & Konsulenter,7xxx Reiser,Andre Driftskostnader & Konsulenter - 2026-M06 (ADM),282013.21,EMP-107,EMP-127,True,OK,2026_UiA_Full_Oct
TX-21669,2026-07-09,2026-M07,Q3,T2,ADM,Fellesadministrasjon & Fellestjenester (ADM),Administrasjon,7800,Andre Driftskostnader & Konsulenter,7xxx Reiser,Andre Driftskostnader & Konsulenter - 2026-M07 (ADM),387684.43,EMP-107,EMP-127,True,OK,2026_UiA_Full_Oct
TX-21670,2026-07-18,2026-M07,Q3,T2,ADM,Fellesadministrasjon & Fellestjenester (ADM),Administrasjon,7800,Andre Driftskostnader & Konsulenter,7xxx Reiser,Andre Driftskostnader & Konsulenter - 2026-M07 (ADM),82071.37,EMP-107,EMP-127,True,OK,2026_UiA_Full_Oct
TX-21671,2026-07-27,2026-M07,Q3,T2,ADM,Fellesadministrasjon & Fellestjenester (ADM),Administrasjon,7800,Andre Driftskostnader & Konsulenter,7xxx Reiser,Andre Driftskostnader & Konsulenter - 2026-M07 (ADM),615822.04,EMP-107,EMP-127,True,OK,2026_UiA_Full_Oct
TX-21672,2026-08-09,2026-M08,Q3,T2,ADM,Fellesadministrasjon & Fellestjenester (ADM),Administrasjon,7800,Andre Driftskostnader & Konsulenter,7xxx Reiser,Andre Driftskostnader & Konsulenter - 2026-M08 (ADM),56439.53,EMP-107,EMP-127,True,OK,2026_UiA_Full_Oct
TX-21673,2026-08-18,2026-M08,Q3,T2,ADM,Fellesadministrasjon & Fellestjenester (ADM),Administrasjon,7800,Andre Driftskostnader & Konsulenter,7xxx Reiser,Andre Driftskostnader & Konsulenter - 2026-M08 (ADM),796386.54,EMP-107,EMP-127,True,OK,2026_UiA_Full_Oct
TX-21674,2026-08-27,2026-M08,Q3,T2,ADM,Fellesadministrasjon & Fellestjenester (ADM),Administrasjon,7800,Andre Driftskostnader & Konsulenter,7xxx Reiser,Andre Driftskostnader & Konsulenter - 2026-M08 (ADM),242744.96,EMP-107,EMP-127,True,OK,2026_UiA_Full_Oct
TX-21675,2026-09-09,2026-M09,Q3,T3,ADM,Fellesadministrasjon & Fellestjenester (ADM),Administrasjon,7800,Andre Driftskostnader & Konsulenter,7xxx Reiser,Andre Driftskostnader & Konsulenter - 2026-M09 (ADM),131706.41,EMP-107,EMP-127,True,OK,2026_UiA_Full_Oct
TX-21676,2026-09-18,2026-M09,Q3,T3,ADM,Fellesadministrasjon & Fellestjenester (ADM),Administrasjon,7800,Andre Driftskostnader & Konsulenter,7xxx Reiser,Andre Driftskostnader & Konsulenter - 2026-M09 (ADM),279532.03,EMP-107,EMP-127,True,OK,2026_UiA_Full_Oct
TX-21677,2026-09-27,2026-M09,Q3,T3,ADM,Fellesadministrasjon & Fellestjenester (ADM),Administrasjon,7800,Andre Driftskostnader & Konsulenter,7xxx Reiser,Andre Driftskostnader & Konsulenter - 2026-M09 (ADM),690925.06,EMP-107,EMP-127,True,OK,2026_UiA_Full_Oct
TX-21678,2026-10-09,2026-M10,Q4,T3,ADM,Fellesadministrasjon & Fellestjenester (ADM),Administrasjon,7800,Andre Driftskostnader & Konsulenter,7xxx Reiser,Andre Driftskostnader & Konsulenter - 2026-M10 (ADM),52989.82,EMP-107,EMP-127,True,OK,2026_UiA_Full_Oct
TX-21679,2026-10-18,2026-M10,Q4,T3,ADM,Fellesadministrasjon & Fellestjenester (ADM),Administrasjon,7800,Andre Driftskostnader & Konsulenter,7xxx Reiser,Andre Driftskostnader & Konsulenter - 2026-M10 (ADM),61608.15,EMP-107,EMP-127,True,OK,2026_UiA_Full_Oct
TX-21680,2026-10-27,2026-M10,Q4,T3,ADM,Fellesadministrasjon & Fellestjenester (ADM),Administrasjon,7800,Andre Driftskostnader & Konsulenter,7xxx Reiser,Andre Driftskostnader & Konsulenter - 2026-M10 (ADM),1001732.87,EMP-107,EMP-127,True,OK,2026_UiA_Full_Oct
TX-21681,2026-01-09,2026-M01,Q1,T1,FELLES,Særkostnader & Fellesutgifter (FELLES),Fellesutgifter,3000,Statlig Rammebevilgning (Kap 260.50),3xxx Inntekter,Statlig Rammebevilgning (Kap 260.50) - 2026-M01 (FELLES),-5964544.09,EMP-101,EMP-121,True,OK,2026_UiA_Full_Oct
TX-21682,2026-01-18,2026-M01,Q1,T1,FELLES,Særkostnader & Fellesutgifter (FELLES),Fellesutgifter,3000,Statlig Rammebevilgning (Kap 260.50),3xxx Inntekter,Statlig Rammebevilgning (Kap 260.50) - 2026-M01 (FELLES),-8604290.99,EMP-101,EMP-121,True,OK,2026_UiA_Full_Oct
TX-21683,2026-01-27,2026-M01,Q1,T1,FELLES,Særkostnader & Fellesutgifter (FELLES),Fellesutgifter,3000,Statlig Rammebevilgning (Kap 260.50),3xxx Inntekter,Statlig Rammebevilgning (Kap 260.50) - 2026-M01 (FELLES),-19296842.21,EMP-101,EMP-121,True,OK,2026_UiA_Full_Oct
TX-21684,2026-02-09,2026-M02,Q1,T1,FELLES,Særkostnader & Fellesutgifter (FELLES),Fellesutgifter,3000,Statlig Rammebevilgning (Kap 260.50),3xxx Inntekter,Statlig Rammebevilgning (Kap 260.50) - 2026-M02 (FELLES),-16525582.65,EMP-101,EMP-121,True,OK,2026_UiA_Full_Oct
TX-21685,2026-02-18,2026-M02,Q1,T1,FELLES,Særkostnader & Fellesutgifter (FELLES),Fellesutgifter,3000,Statlig Rammebevilgning (Kap 260.50),3xxx Inntekter,Statlig Rammebevilgning (Kap 260.50) - 2026-M02 (FELLES),-6769904.93,EMP-101,EMP-121,True,OK,2026_UiA_Full_Oct
TX-21686,2026-02-27,2026-M02,Q1,T1,FELLES,Særkostnader & Fellesutgifter (FELLES),Fellesutgifter,3000,Statlig Rammebevilgning (Kap 260.50),3xxx Inntekter,Statlig Rammebevilgning (Kap 260.50) - 2026-M02 (FELLES),-10069842.34,EMP-101,EMP-121,True,OK,2026_UiA_Full_Oct
TX-21687,2026-03-09,2026-M03,Q1,T1,FELLES,Særkostnader & Fellesutgifter (FELLES),Fellesutgifter,3000,Statlig Rammebevilgning (Kap 260.50),3xxx Inntekter,Statlig Rammebevilgning (Kap 260.50) - 2026-M03 (FELLES),-20686082.89,EMP-101,EMP-121,True,OK,2026_UiA_Full_Oct
TX-21688,2026-03-18,2026-M03,Q1,T1,FELLES,Særkostnader & Fellesutgifter (FELLES),Fellesutgifter,3000,Statlig Rammebevilgning (Kap 260.50),3xxx Inntekter,Statlig Rammebevilgning (Kap 260.50) - 2026-M03 (FELLES),-2299376.75,EMP-101,EMP-121,True,OK,2026_UiA_Full_Oct
TX-21689,2026-03-27,2026-M03,Q1,T1,FELLES,Særkostnader & Fellesutgifter (FELLES),Fellesutgifter,3000,Statlig Rammebevilgning (Kap 260.50),3xxx Inntekter,Statlig Rammebevilgning (Kap 260.50) - 2026-M03 (FELLES),-10643861.17,EMP-101,EMP-121,True,OK,2026_UiA_Full_Oct
TX-21690,2026-04-09,2026-M04,Q2,T1,FELLES,Særkostnader & Fellesutgifter (FELLES),Fellesutgifter,3000,Statlig Rammebevilgning (Kap 260.50),3xxx Inntekter,Statlig Rammebevilgning (Kap 260.50) - 2026-M04 (FELLES),-11071092.57,EMP-101,EMP-121,True,OK,2026_UiA_Full_Oct
TX-21691,2026-04-18,2026-M04,Q2,T1,FELLES,Særkostnader & Fellesutgifter (FELLES),Fellesutgifter,3000,Statlig Rammebevilgning (Kap 260.50),3xxx Inntekter,Statlig Rammebevilgning (Kap 260.50) - 2026-M04 (FELLES),-17658140.65,EMP-101,EMP-121,True,OK,2026_UiA_Full_Oct
TX-21692,2026-04-27,2026-M04,Q2,T1,FELLES,Særkostnader & Fellesutgifter (FELLES),Fellesutgifter,3000,Statlig Rammebevilgning (Kap 260.50),3xxx Inntekter,Statlig Rammebevilgning (Kap 260.50) - 2026-M04 (FELLES),-5130220.72,EMP-101,EMP-121,True,OK,2026_UiA_Full_Oct
TX-21693,2026-05-09,2026-M05,Q2,T2,FELLES,Særkostnader & Fellesutgifter (FELLES),Fellesutgifter,3000,Statlig Rammebevilgning (Kap 260.50),3xxx Inntekter,Statlig Rammebevilgning (Kap 260.50) - 2026-M05 (FELLES),-15938651.67,EMP-101,EMP-121,True,OK,2026_UiA_Full_Oct
TX-21694,2026-05-18,2026-M05,Q2,T2,FELLES,Særkostnader & Fellesutgifter (FELLES),Fellesutgifter,3000,Statlig Rammebevilgning (Kap 260.50),3xxx Inntekter,Statlig Rammebevilgning (Kap 260.50) - 2026-M05 (FELLES),-11339708.78,EMP-101,EMP-121,True,OK,2026_UiA_Full_Oct
TX-21695,2026-05-27,2026-M05,Q2,T2,FELLES,Særkostnader & Fellesutgifter (FELLES),Fellesutgifter,3000,Statlig Rammebevilgning (Kap 260.50),3xxx Inntekter,Statlig Rammebevilgning (Kap 260.50) - 2026-M05 (FELLES),-6697365.03,EMP-101,EMP-121,True,OK,2026_UiA_Full_Oct
TX-21696,2026-06-09,2026-M06,Q2,T2,FELLES,Særkostnader & Fellesutgifter (FELLES),Fellesutgifter,3000,Statlig Rammebevilgning (Kap 260.50),3xxx Inntekter,Statlig Rammebevilgning (Kap 260.50) - 2026-M06 (FELLES),-19554748.29,EMP-101,EMP-121,True,OK,2026_UiA_Full_Oct
TX-21697,2026-06-18,2026-M06,Q2,T2,FELLES,Særkostnader & Fellesutgifter (FELLES),Fellesutgifter,3000,Statlig Rammebevilgning (Kap 260.50),3xxx Inntekter,Statlig Rammebevilgning (Kap 260.50) - 2026-M06 (FELLES),-11695041.03,EMP-101,EMP-121,True,OK,2026_UiA_Full_Oct
TX-21698,2026-06-27,2026-M06,Q2,T2,FELLES,Særkostnader & Fellesutgifter (FELLES),Fellesutgifter,3000,Statlig Rammebevilgning (Kap 260.50),3xxx Inntekter,Statlig Rammebevilgning (Kap 260.50) - 2026-M06 (FELLES),-2925536.03,EMP-101,EMP-121,True,OK,2026_UiA_Full_Oct
TX-21699,2026-07-09,2026-M07,Q3,T2,FELLES,Særkostnader & Fellesutgifter (FELLES),Fellesutgifter,3000,Statlig Rammebevilgning (Kap 260.50),3xxx Inntekter,Statlig Rammebevilgning (Kap 260.50) - 2026-M07 (FELLES),-22853980.17,EMP-101,EMP-121,True,OK,2026_UiA_Full_Oct
TX-21700,2026-07-18,2026-M07,Q3,T2,FELLES,Særkostnader & Fellesutgifter (FELLES),Fellesutgifter,3000,Statlig Rammebevilgning (Kap 260.50),3xxx Inntekter,Statlig Rammebevilgning (Kap 260.50) - 2026-M07 (FELLES),-8213883.38,EMP-101,EMP-121,True,OK,2026_UiA_Full_Oct
TX-21701,2026-07-27,2026-M07,Q3,T2,FELLES,Særkostnader & Fellesutgifter (FELLES),Fellesutgifter,3000,Statlig Rammebevilgning (Kap 260.50),3xxx Inntekter,Statlig Rammebevilgning (Kap 260.50) - 2026-M07 (FELLES),-2932045.06,EMP-101,EMP-121,True,OK,2026_UiA_Full_Oct
TX-21702,2026-08-09,2026-M08,Q3,T2,FELLES,Særkostnader & Fellesutgifter (FELLES),Fellesutgifter,3000,Statlig Rammebevilgning (Kap 260.50),3xxx Inntekter,Statlig Rammebevilgning (Kap 260.50) - 2026-M08 (FELLES),-25167051.69,EMP-101,EMP-121,True,OK,2026_UiA_Full_Oct
TX-21703,2026-08-18,2026-M08,Q3,T2,FELLES,Særkostnader & Fellesutgifter (FELLES),Fellesutgifter,3000,Statlig Rammebevilgning (Kap 260.50),3xxx Inntekter,Statlig Rammebevilgning (Kap 260.50) - 2026-M08 (FELLES),-1105521.23,EMP-101,EMP-121,True,OK,2026_UiA_Full_Oct
TX-21704,2026-08-27,2026-M08,Q3,T2,FELLES,Særkostnader & Fellesutgifter (FELLES),Fellesutgifter,3000,Statlig Rammebevilgning (Kap 260.50),3xxx Inntekter,Statlig Rammebevilgning (Kap 260.50) - 2026-M08 (FELLES),-7744697.06,EMP-101,EMP-121,True,OK,2026_UiA_Full_Oct
TX-21705,2026-09-09,2026-M09,Q3,T3,FELLES,Særkostnader & Fellesutgifter (FELLES),Fellesutgifter,3000,Statlig Rammebevilgning (Kap 260.50),3xxx Inntekter,Statlig Rammebevilgning (Kap 260.50) - 2026-M09 (FELLES),-3656738.09,EMP-101,EMP-121,True,OK,2026_UiA_Full_Oct
TX-21706,2026-09-18,2026-M09,Q3,T3,FELLES,Særkostnader & Fellesutgifter (FELLES),Fellesutgifter,3000,Statlig Rammebevilgning (Kap 260.50),3xxx Inntekter,Statlig Rammebevilgning (Kap 260.50) - 2026-M09 (FELLES),-17077245.79,EMP-101,EMP-121,True,OK,2026_UiA_Full_Oct
TX-21707,2026-09-27,2026-M09,Q3,T3,FELLES,Særkostnader & Fellesutgifter (FELLES),Fellesutgifter,3000,Statlig Rammebevilgning (Kap 260.50),3xxx Inntekter,Statlig Rammebevilgning (Kap 260.50) - 2026-M09 (FELLES),-13031617.04,EMP-101,EMP-121,True,OK,2026_UiA_Full_Oct
TX-21708,2026-10-09,2026-M10,Q4,T3,FELLES,Særkostnader & Fellesutgifter (FELLES),Fellesutgifter,3000,Statlig Rammebevilgning (Kap 260.50),3xxx Inntekter,Statlig Rammebevilgning (Kap 260.50) - 2026-M10 (FELLES),-5697949.6,EMP-101,EMP-121,True,OK,2026_UiA_Full_Oct
TX-21709,2026-10-18,2026-M10,Q4,T3,FELLES,Særkostnader & Fellesutgifter (FELLES),Fellesutgifter,3000,Statlig Rammebevilgning (Kap 260.50),3xxx Inntekter,Statlig Rammebevilgning (Kap 260.50) - 2026-M10 (FELLES),-16339657.95,EMP-101,EMP-121,True,OK,2026_UiA_Full_Oct
TX-21710,2026-10-27,2026-M10,Q4,T3,FELLES,Særkostnader & Fellesutgifter (FELLES),Fellesutgifter,3000,Statlig Rammebevilgning (Kap 260.50),3xxx Inntekter,Statlig Rammebevilgning (Kap 260.50) - 2026-M10 (FELLES),-11780536.6,EMP-101,EMP-121,True,OK,2026_UiA_Full_Oct
TX-21711,2026-01-09,2026-M01,Q1,T1,FELLES,Særkostnader & Fellesutgifter (FELLES),Fellesutgifter,3400,BOA Ekstern Prosjektstøtte (NFR/EU),3xxx Inntekter,BOA Ekstern Prosjektstøtte (NFR/EU) - 2026-M01 (FELLES),-434071.18,EMP-101,EMP-121,True,OK,2026_UiA_Full_Oct
TX-21712,2026-01-18,2026-M01,Q1,T1,FELLES,Særkostnader & Fellesutgifter (FELLES),Fellesutgifter,3400,BOA Ekstern Prosjektstøtte (NFR/EU),3xxx Inntekter,BOA Ekstern Prosjektstøtte (NFR/EU) - 2026-M01 (FELLES),-1556189.43,EMP-101,EMP-121,True,OK,2026_UiA_Full_Oct
TX-21713,2026-01-27,2026-M01,Q1,T1,FELLES,Særkostnader & Fellesutgifter (FELLES),Fellesutgifter,3400,BOA Ekstern Prosjektstøtte (NFR/EU),3xxx Inntekter,BOA Ekstern Prosjektstøtte (NFR/EU) - 2026-M01 (FELLES),-5478858.63,EMP-101,EMP-121,True,OK,2026_UiA_Full_Oct
TX-21714,2026-02-09,2026-M02,Q1,T1,FELLES,Særkostnader & Fellesutgifter (FELLES),Fellesutgifter,3400,BOA Ekstern Prosjektstøtte (NFR/EU),3xxx Inntekter,BOA Ekstern Prosjektstøtte (NFR/EU) - 2026-M02 (FELLES),-4657731.49,EMP-101,EMP-121,True,OK,2026_UiA_Full_Oct
TX-21715,2026-02-18,2026-M02,Q1,T1,FELLES,Særkostnader & Fellesutgifter (FELLES),Fellesutgifter,3400,BOA Ekstern Prosjektstøtte (NFR/EU),3xxx Inntekter,BOA Ekstern Prosjektstøtte (NFR/EU) - 2026-M02 (FELLES),-534063.6,EMP-101,EMP-121,True,OK,2026_UiA_Full_Oct
TX-21716,2026-02-27,2026-M02,Q1,T1,FELLES,Særkostnader & Fellesutgifter (FELLES),Fellesutgifter,3400,BOA Ekstern Prosjektstøtte (NFR/EU),3xxx Inntekter,BOA Ekstern Prosjektstøtte (NFR/EU) - 2026-M02 (FELLES),-2179307.31,EMP-101,EMP-121,True,OK,2026_UiA_Full_Oct
TX-21717,2026-03-09,2026-M03,Q1,T1,FELLES,Særkostnader & Fellesutgifter (FELLES),Fellesutgifter,3400,BOA Ekstern Prosjektstøtte (NFR/EU),3xxx Inntekter,BOA Ekstern Prosjektstøtte (NFR/EU) - 2026-M03 (FELLES),-479251.44,EMP-101,EMP-121,True,OK,2026_UiA_Full_Oct
TX-21718,2026-03-18,2026-M03,Q1,T1,FELLES,Særkostnader & Fellesutgifter (FELLES),Fellesutgifter,3400,BOA Ekstern Prosjektstøtte (NFR/EU),3xxx Inntekter,BOA Ekstern Prosjektstøtte (NFR/EU) - 2026-M03 (FELLES),-6919738.76,EMP-101,EMP-121,True,OK,2026_UiA_Full_Oct
TX-21719,2026-03-27,2026-M03,Q1,T1,FELLES,Særkostnader & Fellesutgifter (FELLES),Fellesutgifter,3400,BOA Ekstern Prosjektstøtte (NFR/EU),3xxx Inntekter,BOA Ekstern Prosjektstøtte (NFR/EU) - 2026-M03 (FELLES),-33481.61,EMP-101,EMP-121,True,OK,2026_UiA_Full_Oct
TX-21720,2026-04-09,2026-M04,Q2,T1,FELLES,Særkostnader & Fellesutgifter (FELLES),Fellesutgifter,3400,BOA Ekstern Prosjektstøtte (NFR/EU),3xxx Inntekter,BOA Ekstern Prosjektstøtte (NFR/EU) - 2026-M04 (FELLES),-1627704.55,EMP-101,EMP-121,True,OK,2026_UiA_Full_Oct
TX-21721,2026-04-18,2026-M04,Q2,T1,FELLES,Særkostnader & Fellesutgifter (FELLES),Fellesutgifter,3400,BOA Ekstern Prosjektstøtte (NFR/EU),3xxx Inntekter,BOA Ekstern Prosjektstøtte (NFR/EU) - 2026-M04 (FELLES),-3348911.68,EMP-101,EMP-121,True,OK,2026_UiA_Full_Oct
TX-21722,2026-04-27,2026-M04,Q2,T1,FELLES,Særkostnader & Fellesutgifter (FELLES),Fellesutgifter,3400,BOA Ekstern Prosjektstøtte (NFR/EU),3xxx Inntekter,BOA Ekstern Prosjektstøtte (NFR/EU) - 2026-M04 (FELLES),-2354703.03,EMP-101,EMP-121,True,OK,2026_UiA_Full_Oct
TX-21723,2026-05-09,2026-M05,Q2,T2,FELLES,Særkostnader & Fellesutgifter (FELLES),Fellesutgifter,3400,BOA Ekstern Prosjektstøtte (NFR/EU),3xxx Inntekter,BOA Ekstern Prosjektstøtte (NFR/EU) - 2026-M05 (FELLES),-10784.22,EMP-101,EMP-121,True,OK,2026_UiA_Full_Oct
TX-21724,2026-05-18,2026-M05,Q2,T2,FELLES,Særkostnader & Fellesutgifter (FELLES),Fellesutgifter,3400,BOA Ekstern Prosjektstøtte (NFR/EU),3xxx Inntekter,BOA Ekstern Prosjektstøtte (NFR/EU) - 2026-M05 (FELLES),-5240033.8,EMP-101,EMP-121,True,OK,2026_UiA_Full_Oct
TX-21725,2026-05-27,2026-M05,Q2,T2,FELLES,Særkostnader & Fellesutgifter (FELLES),Fellesutgifter,3400,BOA Ekstern Prosjektstøtte (NFR/EU),3xxx Inntekter,BOA Ekstern Prosjektstøtte (NFR/EU) - 2026-M05 (FELLES),-2226335.19,EMP-101,EMP-121,True,OK,2026_UiA_Full_Oct
TX-21726,2026-06-09,2026-M06,Q2,T2,FELLES,Særkostnader & Fellesutgifter (FELLES),Fellesutgifter,3400,BOA Ekstern Prosjektstøtte (NFR/EU),3xxx Inntekter,BOA Ekstern Prosjektstøtte (NFR/EU) - 2026-M06 (FELLES),-78530.12,EMP-101,EMP-121,True,OK,2026_UiA_Full_Oct
TX-21727,2026-06-18,2026-M06,Q2,T2,FELLES,Særkostnader & Fellesutgifter (FELLES),Fellesutgifter,3400,BOA Ekstern Prosjektstøtte (NFR/EU),3xxx Inntekter,BOA Ekstern Prosjektstøtte (NFR/EU) - 2026-M06 (FELLES),-2401035.83,EMP-101,EMP-121,True,OK,2026_UiA_Full_Oct
TX-21728,2026-06-27,2026-M06,Q2,T2,FELLES,Særkostnader & Fellesutgifter (FELLES),Fellesutgifter,3400,BOA Ekstern Prosjektstøtte (NFR/EU),3xxx Inntekter,BOA Ekstern Prosjektstøtte (NFR/EU) - 2026-M06 (FELLES),-4922513.91,EMP-101,EMP-121,True,OK,2026_UiA_Full_Oct
TX-21729,2026-07-09,2026-M07,Q3,T2,FELLES,Særkostnader & Fellesutgifter (FELLES),Fellesutgifter,3400,BOA Ekstern Prosjektstøtte (NFR/EU),3xxx Inntekter,BOA Ekstern Prosjektstøtte (NFR/EU) - 2026-M07 (FELLES),-3666151.81,EMP-101,EMP-121,True,OK,2026_UiA_Full_Oct
TX-21730,2026-07-18,2026-M07,Q3,T2,FELLES,Særkostnader & Fellesutgifter (FELLES),Fellesutgifter,3400,BOA Ekstern Prosjektstøtte (NFR/EU),3xxx Inntekter,BOA Ekstern Prosjektstøtte (NFR/EU) - 2026-M07 (FELLES),-2797569.33,EMP-101,EMP-121,True,OK,2026_UiA_Full_Oct
TX-21731,2026-07-27,2026-M07,Q3,T2,FELLES,Særkostnader & Fellesutgifter (FELLES),Fellesutgifter,3400,BOA Ekstern Prosjektstøtte (NFR/EU),3xxx Inntekter,BOA Ekstern Prosjektstøtte (NFR/EU) - 2026-M07 (FELLES),-980602.63,EMP-101,EMP-121,True,OK,2026_UiA_Full_Oct
TX-21732,2026-08-09,2026-M08,Q3,T2,FELLES,Særkostnader & Fellesutgifter (FELLES),Fellesutgifter,3400,BOA Ekstern Prosjektstøtte (NFR/EU),3xxx Inntekter,BOA Ekstern Prosjektstøtte (NFR/EU) - 2026-M08 (FELLES),-637969.17,EMP-101,EMP-121,True,OK,2026_UiA_Full_Oct
TX-21733,2026-08-18,2026-M08,Q3,T2,FELLES,Særkostnader & Fellesutgifter (FELLES),Fellesutgifter,3400,BOA Ekstern Prosjektstøtte (NFR/EU),3xxx Inntekter,BOA Ekstern Prosjektstøtte (NFR/EU) - 2026-M08 (FELLES),-4127037.35,EMP-101,EMP-121,True,OK,2026_UiA_Full_Oct
TX-21734,2026-08-27,2026-M08,Q3,T2,FELLES,Særkostnader & Fellesutgifter (FELLES),Fellesutgifter,3400,BOA Ekstern Prosjektstøtte (NFR/EU),3xxx Inntekter,BOA Ekstern Prosjektstøtte (NFR/EU) - 2026-M08 (FELLES),-2676461.62,EMP-101,EMP-121,True,OK,2026_UiA_Full_Oct
TX-21735,2026-09-09,2026-M09,Q3,T3,FELLES,Særkostnader & Fellesutgifter (FELLES),Fellesutgifter,3400,BOA Ekstern Prosjektstøtte (NFR/EU),3xxx Inntekter,BOA Ekstern Prosjektstøtte (NFR/EU) - 2026-M09 (FELLES),-2052135.94,EMP-101,EMP-121,True,OK,2026_UiA_Full_Oct
TX-21736,2026-09-18,2026-M09,Q3,T3,FELLES,Særkostnader & Fellesutgifter (FELLES),Fellesutgifter,3400,BOA Ekstern Prosjektstøtte (NFR/EU),3xxx Inntekter,BOA Ekstern Prosjektstøtte (NFR/EU) - 2026-M09 (FELLES),-3678781.09,EMP-101,EMP-121,True,OK,2026_UiA_Full_Oct
TX-21737,2026-09-27,2026-M09,Q3,T3,FELLES,Særkostnader & Fellesutgifter (FELLES),Fellesutgifter,3400,BOA Ekstern Prosjektstøtte (NFR/EU),3xxx Inntekter,BOA Ekstern Prosjektstøtte (NFR/EU) - 2026-M09 (FELLES),-1649898.43,EMP-101,EMP-121,True,OK,2026_UiA_Full_Oct
TX-21738,2026-10-09,2026-M10,Q4,T3,FELLES,Særkostnader & Fellesutgifter (FELLES),Fellesutgifter,3400,BOA Ekstern Prosjektstøtte (NFR/EU),3xxx Inntekter,BOA Ekstern Prosjektstøtte (NFR/EU) - 2026-M10 (FELLES),-952676.58,EMP-101,EMP-121,True,OK,2026_UiA_Full_Oct
TX-21739,2026-10-18,2026-M10,Q4,T3,FELLES,Særkostnader & Fellesutgifter (FELLES),Fellesutgifter,3400,BOA Ekstern Prosjektstøtte (NFR/EU),3xxx Inntekter,BOA Ekstern Prosjektstøtte (NFR/EU) - 2026-M10 (FELLES),-346146.54,EMP-101,EMP-121,True,OK,2026_UiA_Full_Oct
TX-21740,2026-10-27,2026-M10,Q4,T3,FELLES,Særkostnader & Fellesutgifter (FELLES),Fellesutgifter,3400,BOA Ekstern Prosjektstøtte (NFR/EU),3xxx Inntekter,BOA Ekstern Prosjektstøtte (NFR/EU) - 2026-M10 (FELLES),-6140811.37,EMP-101,EMP-121,True,OK,2026_UiA_Full_Oct
TX-21741,2026-01-09,2026-M01,Q1,T1,FELLES,Særkostnader & Fellesutgifter (FELLES),Fellesutgifter,5000,Fast Lønn & Sosiale Kostnader,5xxx Lønn,Fast Lønn & Sosiale Kostnader - 2026-M01 (FELLES),986452.74,EMP-101,EMP-121,True,OK,2026_UiA_Full_Oct
TX-21742,2026-01-18,2026-M01,Q1,T1,FELLES,Særkostnader & Fellesutgifter (FELLES),Fellesutgifter,5000,Fast Lønn & Sosiale Kostnader,5xxx Lønn,Fast Lønn & Sosiale Kostnader - 2026-M01 (FELLES),3806514.5,EMP-101,EMP-121,True,OK,2026_UiA_Full_Oct
TX-21743,2026-01-27,2026-M01,Q1,T1,FELLES,Særkostnader & Fellesutgifter (FELLES),Fellesutgifter,5000,Fast Lønn & Sosiale Kostnader,5xxx Lønn,Fast Lønn & Sosiale Kostnader - 2026-M01 (FELLES),21374040.0,EMP-101,EMP-121,True,OK,2026_UiA_Full_Oct
TX-21744,2026-02-09,2026-M02,Q1,T1,FELLES,Særkostnader & Fellesutgifter (FELLES),Fellesutgifter,5000,Fast Lønn & Sosiale Kostnader,5xxx Lønn,Fast Lønn & Sosiale Kostnader - 2026-M02 (FELLES),7387488.67,EMP-101,EMP-121,True,OK,2026_UiA_Full_Oct
TX-21745,2026-02-18,2026-M02,Q1,T1,FELLES,Særkostnader & Fellesutgifter (FELLES),Fellesutgifter,5000,Fast Lønn & Sosiale Kostnader,5xxx Lønn,Fast Lønn & Sosiale Kostnader - 2026-M02 (FELLES),6207853.8,EMP-101,EMP-121,True,OK,2026_UiA_Full_Oct
TX-21746,2026-02-27,2026-M02,Q1,T1,FELLES,Særkostnader & Fellesutgifter (FELLES),Fellesutgifter,5000,Fast Lønn & Sosiale Kostnader,5xxx Lønn,Fast Lønn & Sosiale Kostnader - 2026-M02 (FELLES),12515779.59,EMP-101,EMP-121,True,OK,2026_UiA_Full_Oct
TX-21747,2026-03-09,2026-M03,Q1,T1,FELLES,Særkostnader & Fellesutgifter (FELLES),Fellesutgifter,5000,Fast Lønn & Sosiale Kostnader,5xxx Lønn,Fast Lønn & Sosiale Kostnader - 2026-M03 (FELLES),5284577.21,EMP-101,EMP-121,True,OK,2026_UiA_Full_Oct
TX-21748,2026-03-18,2026-M03,Q1,T1,FELLES,Særkostnader & Fellesutgifter (FELLES),Fellesutgifter,5000,Fast Lønn & Sosiale Kostnader,5xxx Lønn,Fast Lønn & Sosiale Kostnader - 2026-M03 (FELLES),14166550.92,EMP-101,EMP-121,True,OK,2026_UiA_Full_Oct
TX-21749,2026-03-27,2026-M03,Q1,T1,FELLES,Særkostnader & Fellesutgifter (FELLES),Fellesutgifter,5000,Fast Lønn & Sosiale Kostnader,5xxx Lønn,Fast Lønn & Sosiale Kostnader - 2026-M03 (FELLES),7014098.56,EMP-101,EMP-121,True,OK,2026_UiA_Full_Oct
TX-21750,2026-04-09,2026-M04,Q2,T1,FELLES,Særkostnader & Fellesutgifter (FELLES),Fellesutgifter,5000,Fast Lønn & Sosiale Kostnader,5xxx Lønn,Fast Lønn & Sosiale Kostnader - 2026-M04 (FELLES),13697902.07,EMP-101,EMP-121,True,OK,2026_UiA_Full_Oct
TX-21751,2026-04-18,2026-M04,Q2,T1,FELLES,Særkostnader & Fellesutgifter (FELLES),Fellesutgifter,5000,Fast Lønn & Sosiale Kostnader,5xxx Lønn,Fast Lønn & Sosiale Kostnader - 2026-M04 (FELLES),11257247.18,EMP-101,EMP-121,True,OK,2026_UiA_Full_Oct
TX-21752,2026-04-27,2026-M04,Q2,T1,FELLES,Særkostnader & Fellesutgifter (FELLES),Fellesutgifter,5000,Fast Lønn & Sosiale Kostnader,5xxx Lønn,Fast Lønn & Sosiale Kostnader - 2026-M04 (FELLES),1067540.44,EMP-101,EMP-121,True,OK,2026_UiA_Full_Oct
TX-21753,2026-05-09,2026-M05,Q2,T2,FELLES,Særkostnader & Fellesutgifter (FELLES),Fellesutgifter,5000,Fast Lønn & Sosiale Kostnader,5xxx Lønn,Fast Lønn & Sosiale Kostnader - 2026-M05 (FELLES),4296508.02,EMP-101,EMP-121,True,OK,2026_UiA_Full_Oct
TX-21754,2026-05-18,2026-M05,Q2,T2,FELLES,Særkostnader & Fellesutgifter (FELLES),Fellesutgifter,5000,Fast Lønn & Sosiale Kostnader,5xxx Lønn,Fast Lønn & Sosiale Kostnader - 2026-M05 (FELLES),7588569.73,EMP-101,EMP-121,True,OK,2026_UiA_Full_Oct
TX-21755,2026-05-27,2026-M05,Q2,T2,FELLES,Særkostnader & Fellesutgifter (FELLES),Fellesutgifter,5000,Fast Lønn & Sosiale Kostnader,5xxx Lønn,Fast Lønn & Sosiale Kostnader - 2026-M05 (FELLES),14562145.43,EMP-101,EMP-121,True,OK,2026_UiA_Full_Oct
TX-21756,2026-06-09,2026-M06,Q2,T2,FELLES,Særkostnader & Fellesutgifter (FELLES),Fellesutgifter,5000,Fast Lønn & Sosiale Kostnader,5xxx Lønn,Fast Lønn & Sosiale Kostnader - 2026-M06 (FELLES),17593824.42,EMP-101,EMP-121,True,OK,2026_UiA_Full_Oct
TX-21757,2026-06-18,2026-M06,Q2,T2,FELLES,Særkostnader & Fellesutgifter (FELLES),Fellesutgifter,5000,Fast Lønn & Sosiale Kostnader,5xxx Lønn,Fast Lønn & Sosiale Kostnader - 2026-M06 (FELLES),8914005.93,EMP-101,EMP-121,True,OK,2026_UiA_Full_Oct
TX-21758,2026-06-27,2026-M06,Q2,T2,FELLES,Særkostnader & Fellesutgifter (FELLES),Fellesutgifter,5000,Fast Lønn & Sosiale Kostnader,5xxx Lønn,Fast Lønn & Sosiale Kostnader - 2026-M06 (FELLES),29279.04,EMP-101,EMP-121,True,OK,2026_UiA_Full_Oct
TX-21759,2026-07-09,2026-M07,Q3,T2,FELLES,Særkostnader & Fellesutgifter (FELLES),Fellesutgifter,5000,Fast Lønn & Sosiale Kostnader,5xxx Lønn,Fast Lønn & Sosiale Kostnader - 2026-M07 (FELLES),5483231.96,EMP-101,EMP-121,True,OK,2026_UiA_Full_Oct
TX-21760,2026-07-18,2026-M07,Q3,T2,FELLES,Særkostnader & Fellesutgifter (FELLES),Fellesutgifter,5000,Fast Lønn & Sosiale Kostnader,5xxx Lønn,Fast Lønn & Sosiale Kostnader - 2026-M07 (FELLES),6125762.74,EMP-101,EMP-121,True,OK,2026_UiA_Full_Oct
TX-21761,2026-07-27,2026-M07,Q3,T2,FELLES,Særkostnader & Fellesutgifter (FELLES),Fellesutgifter,5000,Fast Lønn & Sosiale Kostnader,5xxx Lønn,Fast Lønn & Sosiale Kostnader - 2026-M07 (FELLES),14829668.12,EMP-101,EMP-121,True,OK,2026_UiA_Full_Oct
TX-21762,2026-08-09,2026-M08,Q3,T2,FELLES,Særkostnader & Fellesutgifter (FELLES),Fellesutgifter,5000,Fast Lønn & Sosiale Kostnader,5xxx Lønn,Fast Lønn & Sosiale Kostnader - 2026-M08 (FELLES),2486963.24,EMP-101,EMP-121,True,OK,2026_UiA_Full_Oct
TX-21763,2026-08-18,2026-M08,Q3,T2,FELLES,Særkostnader & Fellesutgifter (FELLES),Fellesutgifter,5000,Fast Lønn & Sosiale Kostnader,5xxx Lønn,Fast Lønn & Sosiale Kostnader - 2026-M08 (FELLES),16716617.33,EMP-101,EMP-121,True,OK,2026_UiA_Full_Oct
TX-21764,2026-08-27,2026-M08,Q3,T2,FELLES,Særkostnader & Fellesutgifter (FELLES),Fellesutgifter,5000,Fast Lønn & Sosiale Kostnader,5xxx Lønn,Fast Lønn & Sosiale Kostnader - 2026-M08 (FELLES),7391951.69,EMP-101,EMP-121,True,OK,2026_UiA_Full_Oct
TX-21765,2026-09-09,2026-M09,Q3,T3,FELLES,Særkostnader & Fellesutgifter (FELLES),Fellesutgifter,5000,Fast Lønn & Sosiale Kostnader,5xxx Lønn,Fast Lønn & Sosiale Kostnader - 2026-M09 (FELLES),18146073.01,EMP-101,EMP-121,True,OK,2026_UiA_Full_Oct
TX-21766,2026-09-18,2026-M09,Q3,T3,FELLES,Særkostnader & Fellesutgifter (FELLES),Fellesutgifter,5000,Fast Lønn & Sosiale Kostnader,5xxx Lønn,Fast Lønn & Sosiale Kostnader - 2026-M09 (FELLES),4035124.35,EMP-101,EMP-121,True,OK,2026_UiA_Full_Oct
TX-21767,2026-09-27,2026-M09,Q3,T3,FELLES,Særkostnader & Fellesutgifter (FELLES),Fellesutgifter,5000,Fast Lønn & Sosiale Kostnader,5xxx Lønn,Fast Lønn & Sosiale Kostnader - 2026-M09 (FELLES),4423890.34,EMP-101,EMP-121,True,OK,2026_UiA_Full_Oct
TX-21768,2026-10-09,2026-M10,Q4,T3,FELLES,Særkostnader & Fellesutgifter (FELLES),Fellesutgifter,5000,Fast Lønn & Sosiale Kostnader,5xxx Lønn,Fast Lønn & Sosiale Kostnader - 2026-M10 (FELLES),5793128.07,EMP-101,EMP-121,True,OK,2026_UiA_Full_Oct
TX-21769,2026-10-18,2026-M10,Q4,T3,FELLES,Særkostnader & Fellesutgifter (FELLES),Fellesutgifter,5000,Fast Lønn & Sosiale Kostnader,5xxx Lønn,Fast Lønn & Sosiale Kostnader - 2026-M10 (FELLES),14978198.91,EMP-101,EMP-121,True,OK,2026_UiA_Full_Oct
TX-21770,2026-10-27,2026-M10,Q4,T3,FELLES,Særkostnader & Fellesutgifter (FELLES),Fellesutgifter,5000,Fast Lønn & Sosiale Kostnader,5xxx Lønn,Fast Lønn & Sosiale Kostnader - 2026-M10 (FELLES),5818875.92,EMP-101,EMP-121,True,OK,2026_UiA_Full_Oct
TX-21771,2026-01-09,2026-M01,Q1,T1,FELLES,Særkostnader & Fellesutgifter (FELLES),Fellesutgifter,5330,Sensorhonorar & Timelønnede,5xxx Lønn,Sensorhonorar & Timelønnede - 2026-M01 (FELLES),558373.97,EMP-101,EMP-121,True,OK,2026_UiA_Full_Oct
TX-21772,2026-01-18,2026-M01,Q1,T1,FELLES,Særkostnader & Fellesutgifter (FELLES),Fellesutgifter,5330,Sensorhonorar & Timelønnede,5xxx Lønn,Sensorhonorar & Timelønnede - 2026-M01 (FELLES),89897.94,EMP-101,EMP-121,True,OK,2026_UiA_Full_Oct
TX-21773,2026-01-27,2026-M01,Q1,T1,FELLES,Særkostnader & Fellesutgifter (FELLES),Fellesutgifter,5330,Sensorhonorar & Timelønnede,5xxx Lønn,Sensorhonorar & Timelønnede - 2026-M01 (FELLES),1815717.15,EMP-101,EMP-121,True,OK,2026_UiA_Full_Oct
TX-21774,2026-02-09,2026-M02,Q1,T1,FELLES,Særkostnader & Fellesutgifter (FELLES),Fellesutgifter,5330,Sensorhonorar & Timelønnede,5xxx Lønn,Sensorhonorar & Timelønnede - 2026-M02 (FELLES),964086.79,EMP-101,EMP-121,True,OK,2026_UiA_Full_Oct
TX-21775,2026-02-18,2026-M02,Q1,T1,FELLES,Særkostnader & Fellesutgifter (FELLES),Fellesutgifter,5330,Sensorhonorar & Timelønnede,5xxx Lønn,Sensorhonorar & Timelønnede - 2026-M02 (FELLES),1321716.88,EMP-101,EMP-121,True,OK,2026_UiA_Full_Oct
TX-21776,2026-02-27,2026-M02,Q1,T1,FELLES,Særkostnader & Fellesutgifter (FELLES),Fellesutgifter,5330,Sensorhonorar & Timelønnede,5xxx Lønn,Sensorhonorar & Timelønnede - 2026-M02 (FELLES),212467.84,EMP-101,EMP-121,True,OK,2026_UiA_Full_Oct
TX-21777,2026-03-09,2026-M03,Q1,T1,FELLES,Særkostnader & Fellesutgifter (FELLES),Fellesutgifter,5330,Sensorhonorar & Timelønnede,5xxx Lønn,Sensorhonorar & Timelønnede - 2026-M03 (FELLES),1196754.11,EMP-101,EMP-121,True,OK,2026_UiA_Full_Oct
TX-21778,2026-03-18,2026-M03,Q1,T1,FELLES,Særkostnader & Fellesutgifter (FELLES),Fellesutgifter,5330,Sensorhonorar & Timelønnede,5xxx Lønn,Sensorhonorar & Timelønnede - 2026-M03 (FELLES),335327.7,EMP-101,EMP-121,True,OK,2026_UiA_Full_Oct
TX-21779,2026-03-27,2026-M03,Q1,T1,FELLES,Særkostnader & Fellesutgifter (FELLES),Fellesutgifter,5330,Sensorhonorar & Timelønnede,5xxx Lønn,Sensorhonorar & Timelønnede - 2026-M03 (FELLES),912615.49,EMP-101,EMP-121,True,OK,2026_UiA_Full_Oct
TX-21780,2026-04-09,2026-M04,Q2,T1,FELLES,Særkostnader & Fellesutgifter (FELLES),Fellesutgifter,5330,Sensorhonorar & Timelønnede,5xxx Lønn,Sensorhonorar & Timelønnede - 2026-M04 (FELLES),385917.01,EMP-101,EMP-121,True,OK,2026_UiA_Full_Oct
TX-21781,2026-04-18,2026-M04,Q2,T1,FELLES,Særkostnader & Fellesutgifter (FELLES),Fellesutgifter,5330,Sensorhonorar & Timelønnede,5xxx Lønn,Sensorhonorar & Timelønnede - 2026-M04 (FELLES),1686687.62,EMP-101,EMP-121,True,OK,2026_UiA_Full_Oct
TX-21782,2026-04-27,2026-M04,Q2,T1,FELLES,Særkostnader & Fellesutgifter (FELLES),Fellesutgifter,5330,Sensorhonorar & Timelønnede,5xxx Lønn,Sensorhonorar & Timelønnede - 2026-M04 (FELLES),361909.34,EMP-101,EMP-121,True,OK,2026_UiA_Full_Oct
TX-21783,2026-05-09,2026-M05,Q2,T2,FELLES,Særkostnader & Fellesutgifter (FELLES),Fellesutgifter,5330,Sensorhonorar & Timelønnede,5xxx Lønn,Sensorhonorar & Timelønnede - 2026-M05 (FELLES),840325.04,EMP-101,EMP-121,True,OK,2026_UiA_Full_Oct
TX-21784,2026-05-18,2026-M05,Q2,T2,FELLES,Særkostnader & Fellesutgifter (FELLES),Fellesutgifter,5330,Sensorhonorar & Timelønnede,5xxx Lønn,Sensorhonorar & Timelønnede - 2026-M05 (FELLES),1437936.69,EMP-101,EMP-121,True,OK,2026_UiA_Full_Oct
TX-21785,2026-05-27,2026-M05,Q2,T2,FELLES,Særkostnader & Fellesutgifter (FELLES),Fellesutgifter,5330,Sensorhonorar & Timelønnede,5xxx Lønn,Sensorhonorar & Timelønnede - 2026-M05 (FELLES),221185.38,EMP-101,EMP-121,True,OK,2026_UiA_Full_Oct
TX-21786,2026-06-09,2026-M06,Q2,T2,FELLES,Særkostnader & Fellesutgifter (FELLES),Fellesutgifter,5330,Sensorhonorar & Timelønnede,5xxx Lønn,Sensorhonorar & Timelønnede - 2026-M06 (FELLES),1211867.0,EMP-101,EMP-121,True,OK,2026_UiA_Full_Oct
TX-21787,2026-06-18,2026-M06,Q2,T2,FELLES,Særkostnader & Fellesutgifter (FELLES),Fellesutgifter,5330,Sensorhonorar & Timelønnede,5xxx Lønn,Sensorhonorar & Timelønnede - 2026-M06 (FELLES),840929.36,EMP-101,EMP-121,True,OK,2026_UiA_Full_Oct
TX-21788,2026-06-27,2026-M06,Q2,T2,FELLES,Særkostnader & Fellesutgifter (FELLES),Fellesutgifter,5330,Sensorhonorar & Timelønnede,5xxx Lønn,Sensorhonorar & Timelønnede - 2026-M06 (FELLES),425710.14,EMP-101,EMP-121,True,OK,2026_UiA_Full_Oct
TX-21789,2026-07-09,2026-M07,Q3,T2,FELLES,Særkostnader & Fellesutgifter (FELLES),Fellesutgifter,5330,Sensorhonorar & Timelønnede,5xxx Lønn,Sensorhonorar & Timelønnede - 2026-M07 (FELLES),1522404.27,EMP-101,EMP-121,True,OK,2026_UiA_Full_Oct
TX-21790,2026-07-18,2026-M07,Q3,T2,FELLES,Særkostnader & Fellesutgifter (FELLES),Fellesutgifter,5330,Sensorhonorar & Timelønnede,5xxx Lønn,Sensorhonorar & Timelønnede - 2026-M07 (FELLES),635777.66,EMP-101,EMP-121,True,OK,2026_UiA_Full_Oct
TX-21791,2026-07-27,2026-M07,Q3,T2,FELLES,Særkostnader & Fellesutgifter (FELLES),Fellesutgifter,5330,Sensorhonorar & Timelønnede,5xxx Lønn,Sensorhonorar & Timelønnede - 2026-M07 (FELLES),310940.39,EMP-101,EMP-121,True,OK,2026_UiA_Full_Oct
TX-21792,2026-08-09,2026-M08,Q3,T2,FELLES,Særkostnader & Fellesutgifter (FELLES),Fellesutgifter,5330,Sensorhonorar & Timelønnede,5xxx Lønn,Sensorhonorar & Timelønnede - 2026-M08 (FELLES),777487.25,EMP-101,EMP-121,True,OK,2026_UiA_Full_Oct
TX-21793,2026-08-18,2026-M08,Q3,T2,FELLES,Særkostnader & Fellesutgifter (FELLES),Fellesutgifter,5330,Sensorhonorar & Timelønnede,5xxx Lønn,Sensorhonorar & Timelønnede - 2026-M08 (FELLES),326062.41,EMP-101,EMP-121,True,OK,2026_UiA_Full_Oct
TX-21794,2026-08-27,2026-M08,Q3,T2,FELLES,Særkostnader & Fellesutgifter (FELLES),Fellesutgifter,5330,Sensorhonorar & Timelønnede,5xxx Lønn,Sensorhonorar & Timelønnede - 2026-M08 (FELLES),1357625.46,EMP-101,EMP-121,True,OK,2026_UiA_Full_Oct
TX-21795,2026-09-09,2026-M09,Q3,T3,FELLES,Særkostnader & Fellesutgifter (FELLES),Fellesutgifter,5330,Sensorhonorar & Timelønnede,5xxx Lønn,Sensorhonorar & Timelønnede - 2026-M09 (FELLES),517602.24,EMP-101,EMP-121,True,OK,2026_UiA_Full_Oct
TX-21796,2026-09-18,2026-M09,Q3,T3,FELLES,Særkostnader & Fellesutgifter (FELLES),Fellesutgifter,5330,Sensorhonorar & Timelønnede,5xxx Lønn,Sensorhonorar & Timelønnede - 2026-M09 (FELLES),5874.26,EMP-101,EMP-121,True,OK,2026_UiA_Full_Oct
TX-21797,2026-09-27,2026-M09,Q3,T3,FELLES,Særkostnader & Fellesutgifter (FELLES),Fellesutgifter,5330,Sensorhonorar & Timelønnede,5xxx Lønn,Sensorhonorar & Timelønnede - 2026-M09 (FELLES),1914185.35,EMP-101,EMP-121,True,OK,2026_UiA_Full_Oct
TX-21798,2026-10-09,2026-M10,Q4,T3,FELLES,Særkostnader & Fellesutgifter (FELLES),Fellesutgifter,5330,Sensorhonorar & Timelønnede,5xxx Lønn,Sensorhonorar & Timelønnede - 2026-M10 (FELLES),726749.34,EMP-101,EMP-121,True,OK,2026_UiA_Full_Oct
TX-21799,2026-10-18,2026-M10,Q4,T3,FELLES,Særkostnader & Fellesutgifter (FELLES),Fellesutgifter,5330,Sensorhonorar & Timelønnede,5xxx Lønn,Sensorhonorar & Timelønnede - 2026-M10 (FELLES),1027569.02,EMP-101,EMP-121,True,OK,2026_UiA_Full_Oct
TX-21800,2026-10-27,2026-M10,Q4,T3,FELLES,Særkostnader & Fellesutgifter (FELLES),Fellesutgifter,5330,Sensorhonorar & Timelønnede,5xxx Lønn,Sensorhonorar & Timelønnede - 2026-M10 (FELLES),691680.44,EMP-101,EMP-121,True,OK,2026_UiA_Full_Oct
TX-21801,2026-01-09,2026-M01,Q1,T1,FELLES,Særkostnader & Fellesutgifter (FELLES),Fellesutgifter,6000,Husleie & Eiendomsdrift,6xxx Drift,Husleie & Eiendomsdrift - 2026-M01 (FELLES),3293671.01,EMP-101,EMP-121,True,OK,2026_UiA_Full_Oct
TX-21802,2026-01-18,2026-M01,Q1,T1,FELLES,Særkostnader & Fellesutgifter (FELLES),Fellesutgifter,6000,Husleie & Eiendomsdrift,6xxx Drift,Husleie & Eiendomsdrift - 2026-M01 (FELLES),383905.92,EMP-101,EMP-121,True,OK,2026_UiA_Full_Oct
TX-21803,2026-01-27,2026-M01,Q1,T1,FELLES,Særkostnader & Fellesutgifter (FELLES),Fellesutgifter,6000,Husleie & Eiendomsdrift,6xxx Drift,Husleie & Eiendomsdrift - 2026-M01 (FELLES),2069370.25,EMP-101,EMP-121,True,OK,2026_UiA_Full_Oct
TX-21804,2026-02-09,2026-M02,Q1,T1,FELLES,Særkostnader & Fellesutgifter (FELLES),Fellesutgifter,6000,Husleie & Eiendomsdrift,6xxx Drift,Husleie & Eiendomsdrift - 2026-M02 (FELLES),2244037.88,EMP-101,EMP-121,True,OK,2026_UiA_Full_Oct
TX-21805,2026-02-18,2026-M02,Q1,T1,FELLES,Særkostnader & Fellesutgifter (FELLES),Fellesutgifter,6000,Husleie & Eiendomsdrift,6xxx Drift,Husleie & Eiendomsdrift - 2026-M02 (FELLES),551960.25,EMP-101,EMP-121,True,OK,2026_UiA_Full_Oct
TX-21806,2026-02-27,2026-M02,Q1,T1,FELLES,Særkostnader & Fellesutgifter (FELLES),Fellesutgifter,6000,Husleie & Eiendomsdrift,6xxx Drift,Husleie & Eiendomsdrift - 2026-M02 (FELLES),2944335.83,EMP-101,EMP-121,True,OK,2026_UiA_Full_Oct
TX-21807,2026-03-09,2026-M03,Q1,T1,FELLES,Særkostnader & Fellesutgifter (FELLES),Fellesutgifter,6000,Husleie & Eiendomsdrift,6xxx Drift,Husleie & Eiendomsdrift - 2026-M03 (FELLES),617127.47,EMP-101,EMP-121,True,OK,2026_UiA_Full_Oct
TX-21808,2026-03-18,2026-M03,Q1,T1,FELLES,Særkostnader & Fellesutgifter (FELLES),Fellesutgifter,6000,Husleie & Eiendomsdrift,6xxx Drift,Husleie & Eiendomsdrift - 2026-M03 (FELLES),498929.27,EMP-101,EMP-121,True,OK,2026_UiA_Full_Oct
TX-21809,2026-03-27,2026-M03,Q1,T1,FELLES,Særkostnader & Fellesutgifter (FELLES),Fellesutgifter,6000,Husleie & Eiendomsdrift,6xxx Drift,Husleie & Eiendomsdrift - 2026-M03 (FELLES),4569178.19,EMP-101,EMP-121,True,OK,2026_UiA_Full_Oct
TX-21810,2026-04-09,2026-M04,Q2,T1,FELLES,Særkostnader & Fellesutgifter (FELLES),Fellesutgifter,6000,Husleie & Eiendomsdrift,6xxx Drift,Husleie & Eiendomsdrift - 2026-M04 (FELLES),651661.15,EMP-101,EMP-121,True,OK,2026_UiA_Full_Oct
TX-21811,2026-04-18,2026-M04,Q2,T1,FELLES,Særkostnader & Fellesutgifter (FELLES),Fellesutgifter,6000,Husleie & Eiendomsdrift,6xxx Drift,Husleie & Eiendomsdrift - 2026-M04 (FELLES),85696.14,EMP-101,EMP-121,True,OK,2026_UiA_Full_Oct
TX-21812,2026-04-27,2026-M04,Q2,T1,FELLES,Særkostnader & Fellesutgifter (FELLES),Fellesutgifter,6000,Husleie & Eiendomsdrift,6xxx Drift,Husleie & Eiendomsdrift - 2026-M04 (FELLES),4974549.05,EMP-101,EMP-121,True,OK,2026_UiA_Full_Oct
TX-21813,2026-05-09,2026-M05,Q2,T2,FELLES,Særkostnader & Fellesutgifter (FELLES),Fellesutgifter,6000,Husleie & Eiendomsdrift,6xxx Drift,Husleie & Eiendomsdrift - 2026-M05 (FELLES),1299982.3,EMP-101,EMP-121,True,OK,2026_UiA_Full_Oct
TX-21814,2026-05-18,2026-M05,Q2,T2,FELLES,Særkostnader & Fellesutgifter (FELLES),Fellesutgifter,6000,Husleie & Eiendomsdrift,6xxx Drift,Husleie & Eiendomsdrift - 2026-M05 (FELLES),2100536.55,EMP-101,EMP-121,True,OK,2026_UiA_Full_Oct
TX-21815,2026-05-27,2026-M05,Q2,T2,FELLES,Særkostnader & Fellesutgifter (FELLES),Fellesutgifter,6000,Husleie & Eiendomsdrift,6xxx Drift,Husleie & Eiendomsdrift - 2026-M05 (FELLES),2302680.86,EMP-101,EMP-121,True,OK,2026_UiA_Full_Oct
TX-21816,2026-06-09,2026-M06,Q2,T2,FELLES,Særkostnader & Fellesutgifter (FELLES),Fellesutgifter,6000,Husleie & Eiendomsdrift,6xxx Drift,Husleie & Eiendomsdrift - 2026-M06 (FELLES),1600148.82,EMP-101,EMP-121,True,OK,2026_UiA_Full_Oct
TX-21817,2026-06-18,2026-M06,Q2,T2,FELLES,Særkostnader & Fellesutgifter (FELLES),Fellesutgifter,6000,Husleie & Eiendomsdrift,6xxx Drift,Husleie & Eiendomsdrift - 2026-M06 (FELLES),819150.93,EMP-101,EMP-121,True,OK,2026_UiA_Full_Oct
TX-21818,2026-06-27,2026-M06,Q2,T2,FELLES,Særkostnader & Fellesutgifter (FELLES),Fellesutgifter,6000,Husleie & Eiendomsdrift,6xxx Drift,Husleie & Eiendomsdrift - 2026-M06 (FELLES),3407125.55,EMP-101,EMP-121,True,OK,2026_UiA_Full_Oct
TX-21819,2026-07-09,2026-M07,Q3,T2,FELLES,Særkostnader & Fellesutgifter (FELLES),Fellesutgifter,6000,Husleie & Eiendomsdrift,6xxx Drift,Husleie & Eiendomsdrift - 2026-M07 (FELLES),1045204.55,EMP-101,EMP-121,True,OK,2026_UiA_Full_Oct
TX-21820,2026-07-18,2026-M07,Q3,T2,FELLES,Særkostnader & Fellesutgifter (FELLES),Fellesutgifter,6000,Husleie & Eiendomsdrift,6xxx Drift,Husleie & Eiendomsdrift - 2026-M07 (FELLES),3593198.73,EMP-101,EMP-121,True,OK,2026_UiA_Full_Oct
TX-21821,2026-07-27,2026-M07,Q3,T2,FELLES,Særkostnader & Fellesutgifter (FELLES),Fellesutgifter,6000,Husleie & Eiendomsdrift,6xxx Drift,Husleie & Eiendomsdrift - 2026-M07 (FELLES),1062977.6,EMP-101,EMP-121,True,OK,2026_UiA_Full_Oct
TX-21822,2026-08-09,2026-M08,Q3,T2,FELLES,Særkostnader & Fellesutgifter (FELLES),Fellesutgifter,6000,Husleie & Eiendomsdrift,6xxx Drift,Husleie & Eiendomsdrift - 2026-M08 (FELLES),1553437.78,EMP-101,EMP-121,True,OK,2026_UiA_Full_Oct
TX-21823,2026-08-18,2026-M08,Q3,T2,FELLES,Særkostnader & Fellesutgifter (FELLES),Fellesutgifter,6000,Husleie & Eiendomsdrift,6xxx Drift,Husleie & Eiendomsdrift - 2026-M08 (FELLES),3963165.6,EMP-101,EMP-121,True,OK,2026_UiA_Full_Oct
TX-21824,2026-08-27,2026-M08,Q3,T2,FELLES,Særkostnader & Fellesutgifter (FELLES),Fellesutgifter,6000,Husleie & Eiendomsdrift,6xxx Drift,Husleie & Eiendomsdrift - 2026-M08 (FELLES),168958.55,EMP-101,EMP-121,True,OK,2026_UiA_Full_Oct
TX-21825,2026-09-09,2026-M09,Q3,T3,FELLES,Særkostnader & Fellesutgifter (FELLES),Fellesutgifter,6000,Husleie & Eiendomsdrift,6xxx Drift,Husleie & Eiendomsdrift - 2026-M09 (FELLES),1741522.49,EMP-101,EMP-121,True,OK,2026_UiA_Full_Oct
TX-21826,2026-09-18,2026-M09,Q3,T3,FELLES,Særkostnader & Fellesutgifter (FELLES),Fellesutgifter,6000,Husleie & Eiendomsdrift,6xxx Drift,Husleie & Eiendomsdrift - 2026-M09 (FELLES),872241.05,EMP-101,EMP-121,True,OK,2026_UiA_Full_Oct
TX-21827,2026-09-27,2026-M09,Q3,T3,FELLES,Særkostnader & Fellesutgifter (FELLES),Fellesutgifter,6000,Husleie & Eiendomsdrift,6xxx Drift,Husleie & Eiendomsdrift - 2026-M09 (FELLES),3120187.16,EMP-101,EMP-121,True,OK,2026_UiA_Full_Oct
TX-21828,2026-10-09,2026-M10,Q4,T3,FELLES,Særkostnader & Fellesutgifter (FELLES),Fellesutgifter,6000,Husleie & Eiendomsdrift,6xxx Drift,Husleie & Eiendomsdrift - 2026-M10 (FELLES),459663.49,EMP-101,EMP-121,True,OK,2026_UiA_Full_Oct
TX-21829,2026-10-18,2026-M10,Q4,T3,FELLES,Særkostnader & Fellesutgifter (FELLES),Fellesutgifter,6000,Husleie & Eiendomsdrift,6xxx Drift,Husleie & Eiendomsdrift - 2026-M10 (FELLES),2500795.4,EMP-101,EMP-121,True,OK,2026_UiA_Full_Oct
TX-21830,2026-10-27,2026-M10,Q4,T3,FELLES,Særkostnader & Fellesutgifter (FELLES),Fellesutgifter,6000,Husleie & Eiendomsdrift,6xxx Drift,Husleie & Eiendomsdrift - 2026-M10 (FELLES),2719647.18,EMP-101,EMP-121,True,OK,2026_UiA_Full_Oct
TX-21831,2026-01-09,2026-M01,Q1,T1,FELLES,Særkostnader & Fellesutgifter (FELLES),Fellesutgifter,6800,"IKT, Rekvisita & Utstyr",6xxx Drift,"IKT, Rekvisita & Utstyr - 2026-M01 (FELLES)",3022894.34,EMP-101,EMP-121,True,OK,2026_UiA_Full_Oct
TX-21832,2026-01-18,2026-M01,Q1,T1,FELLES,Særkostnader & Fellesutgifter (FELLES),Fellesutgifter,6800,"IKT, Rekvisita & Utstyr",6xxx Drift,"IKT, Rekvisita & Utstyr - 2026-M01 (FELLES)",50346.28,EMP-101,EMP-121,True,OK,2026_UiA_Full_Oct
TX-21833,2026-01-27,2026-M01,Q1,T1,FELLES,Særkostnader & Fellesutgifter (FELLES),Fellesutgifter,6800,"IKT, Rekvisita & Utstyr",6xxx Drift,"IKT, Rekvisita & Utstyr - 2026-M01 (FELLES)",260385.08,EMP-101,EMP-121,False,BRUDD: Mangler kvittering (>100 NOK),2026_UiA_Full_Oct
TX-21834,2026-02-09,2026-M02,Q1,T1,FELLES,Særkostnader & Fellesutgifter (FELLES),Fellesutgifter,6800,"IKT, Rekvisita & Utstyr",6xxx Drift,"IKT, Rekvisita & Utstyr - 2026-M02 (FELLES)",368161.12,EMP-101,EMP-121,True,OK,2026_UiA_Full_Oct
TX-21835,2026-02-18,2026-M02,Q1,T1,FELLES,Særkostnader & Fellesutgifter (FELLES),Fellesutgifter,6800,"IKT, Rekvisita & Utstyr",6xxx Drift,"IKT, Rekvisita & Utstyr - 2026-M02 (FELLES)",1677697.51,EMP-101,EMP-121,True,OK,2026_UiA_Full_Oct
TX-21836,2026-02-27,2026-M02,Q1,T1,FELLES,Særkostnader & Fellesutgifter (FELLES),Fellesutgifter,6800,"IKT, Rekvisita & Utstyr",6xxx Drift,"IKT, Rekvisita & Utstyr - 2026-M02 (FELLES)",1201294.01,EMP-101,EMP-121,True,OK,2026_UiA_Full_Oct
TX-21837,2026-03-09,2026-M03,Q1,T1,FELLES,Særkostnader & Fellesutgifter (FELLES),Fellesutgifter,6800,"IKT, Rekvisita & Utstyr",6xxx Drift,"IKT, Rekvisita & Utstyr - 2026-M03 (FELLES)",408264.33,EMP-101,EMP-121,True,OK,2026_UiA_Full_Oct
TX-21838,2026-03-18,2026-M03,Q1,T1,FELLES,Særkostnader & Fellesutgifter (FELLES),Fellesutgifter,6800,"IKT, Rekvisita & Utstyr",6xxx Drift,"IKT, Rekvisita & Utstyr - 2026-M03 (FELLES)",1930104.15,EMP-101,EMP-121,True,OK,2026_UiA_Full_Oct
TX-21839,2026-03-27,2026-M03,Q1,T1,FELLES,Særkostnader & Fellesutgifter (FELLES),Fellesutgifter,6800,"IKT, Rekvisita & Utstyr",6xxx Drift,"IKT, Rekvisita & Utstyr - 2026-M03 (FELLES)",941845.14,EMP-101,EMP-121,True,OK,2026_UiA_Full_Oct
TX-21840,2026-04-09,2026-M04,Q2,T1,FELLES,Særkostnader & Fellesutgifter (FELLES),Fellesutgifter,6800,"IKT, Rekvisita & Utstyr",6xxx Drift,"IKT, Rekvisita & Utstyr - 2026-M04 (FELLES)",2360209.74,EMP-101,EMP-121,True,OK,2026_UiA_Full_Oct
TX-21841,2026-04-18,2026-M04,Q2,T1,FELLES,Særkostnader & Fellesutgifter (FELLES),Fellesutgifter,6800,"IKT, Rekvisita & Utstyr",6xxx Drift,"IKT, Rekvisita & Utstyr - 2026-M04 (FELLES)",887471.03,EMP-101,EMP-121,True,OK,2026_UiA_Full_Oct
TX-21842,2026-04-27,2026-M04,Q2,T1,FELLES,Særkostnader & Fellesutgifter (FELLES),Fellesutgifter,6800,"IKT, Rekvisita & Utstyr",6xxx Drift,"IKT, Rekvisita & Utstyr - 2026-M04 (FELLES)",45096.77,EMP-101,EMP-121,True,OK,2026_UiA_Full_Oct
TX-21843,2026-05-09,2026-M05,Q2,T2,FELLES,Særkostnader & Fellesutgifter (FELLES),Fellesutgifter,6800,"IKT, Rekvisita & Utstyr",6xxx Drift,"IKT, Rekvisita & Utstyr - 2026-M05 (FELLES)",2258743.22,EMP-101,EMP-121,True,OK,2026_UiA_Full_Oct
TX-21844,2026-05-18,2026-M05,Q2,T2,FELLES,Særkostnader & Fellesutgifter (FELLES),Fellesutgifter,6800,"IKT, Rekvisita & Utstyr",6xxx Drift,"IKT, Rekvisita & Utstyr - 2026-M05 (FELLES)",580975.58,EMP-101,EMP-121,True,OK,2026_UiA_Full_Oct
TX-21845,2026-05-27,2026-M05,Q2,T2,FELLES,Særkostnader & Fellesutgifter (FELLES),Fellesutgifter,6800,"IKT, Rekvisita & Utstyr",6xxx Drift,"IKT, Rekvisita & Utstyr - 2026-M05 (FELLES)",491758.56,EMP-101,EMP-121,True,OK,2026_UiA_Full_Oct
TX-21846,2026-06-09,2026-M06,Q2,T2,FELLES,Særkostnader & Fellesutgifter (FELLES),Fellesutgifter,6800,"IKT, Rekvisita & Utstyr",6xxx Drift,"IKT, Rekvisita & Utstyr - 2026-M06 (FELLES)",796142.87,EMP-101,EMP-121,True,OK,2026_UiA_Full_Oct
TX-21847,2026-06-18,2026-M06,Q2,T2,FELLES,Særkostnader & Fellesutgifter (FELLES),Fellesutgifter,6800,"IKT, Rekvisita & Utstyr",6xxx Drift,"IKT, Rekvisita & Utstyr - 2026-M06 (FELLES)",619243.1,EMP-101,EMP-121,True,OK,2026_UiA_Full_Oct
TX-21848,2026-06-27,2026-M06,Q2,T2,FELLES,Særkostnader & Fellesutgifter (FELLES),Fellesutgifter,6800,"IKT, Rekvisita & Utstyr",6xxx Drift,"IKT, Rekvisita & Utstyr - 2026-M06 (FELLES)",1844321.84,EMP-101,EMP-121,True,OK,2026_UiA_Full_Oct
TX-21849,2026-07-09,2026-M07,Q3,T2,FELLES,Særkostnader & Fellesutgifter (FELLES),Fellesutgifter,6800,"IKT, Rekvisita & Utstyr",6xxx Drift,"IKT, Rekvisita & Utstyr - 2026-M07 (FELLES)",2899605.93,EMP-101,EMP-121,True,OK,2026_UiA_Full_Oct
TX-21850,2026-07-18,2026-M07,Q3,T2,FELLES,Særkostnader & Fellesutgifter (FELLES),Fellesutgifter,6800,"IKT, Rekvisita & Utstyr",6xxx Drift,"IKT, Rekvisita & Utstyr - 2026-M07 (FELLES)",53885.04,EMP-101,EMP-121,True,OK,2026_UiA_Full_Oct
TX-21851,2026-07-27,2026-M07,Q3,T2,FELLES,Særkostnader & Fellesutgifter (FELLES),Fellesutgifter,6800,"IKT, Rekvisita & Utstyr",6xxx Drift,"IKT, Rekvisita & Utstyr - 2026-M07 (FELLES)",349439.79,EMP-101,EMP-121,True,OK,2026_UiA_Full_Oct
TX-21852,2026-08-09,2026-M08,Q3,T2,FELLES,Særkostnader & Fellesutgifter (FELLES),Fellesutgifter,6800,"IKT, Rekvisita & Utstyr",6xxx Drift,"IKT, Rekvisita & Utstyr - 2026-M08 (FELLES)",432971.69,EMP-101,EMP-121,True,OK,2026_UiA_Full_Oct
TX-21853,2026-08-18,2026-M08,Q3,T2,FELLES,Særkostnader & Fellesutgifter (FELLES),Fellesutgifter,6800,"IKT, Rekvisita & Utstyr",6xxx Drift,"IKT, Rekvisita & Utstyr - 2026-M08 (FELLES)",15841.0,EMP-101,EMP-121,True,OK,2026_UiA_Full_Oct
TX-21854,2026-08-27,2026-M08,Q3,T2,FELLES,Særkostnader & Fellesutgifter (FELLES),Fellesutgifter,6800,"IKT, Rekvisita & Utstyr",6xxx Drift,"IKT, Rekvisita & Utstyr - 2026-M08 (FELLES)",2877336.58,EMP-101,EMP-121,True,OK,2026_UiA_Full_Oct
TX-21855,2026-09-09,2026-M09,Q3,T3,FELLES,Særkostnader & Fellesutgifter (FELLES),Fellesutgifter,6800,"IKT, Rekvisita & Utstyr",6xxx Drift,"IKT, Rekvisita & Utstyr - 2026-M09 (FELLES)",77900.41,EMP-101,EMP-121,True,OK,2026_UiA_Full_Oct
TX-21856,2026-09-18,2026-M09,Q3,T3,FELLES,Særkostnader & Fellesutgifter (FELLES),Fellesutgifter,6800,"IKT, Rekvisita & Utstyr",6xxx Drift,"IKT, Rekvisita & Utstyr - 2026-M09 (FELLES)",2818352.25,EMP-101,EMP-121,True,OK,2026_UiA_Full_Oct
TX-21857,2026-09-27,2026-M09,Q3,T3,FELLES,Særkostnader & Fellesutgifter (FELLES),Fellesutgifter,6800,"IKT, Rekvisita & Utstyr",6xxx Drift,"IKT, Rekvisita & Utstyr - 2026-M09 (FELLES)",423472.46,EMP-101,EMP-121,True,OK,2026_UiA_Full_Oct
TX-21858,2026-10-09,2026-M10,Q4,T3,FELLES,Særkostnader & Fellesutgifter (FELLES),Fellesutgifter,6800,"IKT, Rekvisita & Utstyr",6xxx Drift,"IKT, Rekvisita & Utstyr - 2026-M10 (FELLES)",83229.02,EMP-101,EMP-121,True,OK,2026_UiA_Full_Oct
TX-21859,2026-10-18,2026-M10,Q4,T3,FELLES,Særkostnader & Fellesutgifter (FELLES),Fellesutgifter,6800,"IKT, Rekvisita & Utstyr",6xxx Drift,"IKT, Rekvisita & Utstyr - 2026-M10 (FELLES)",2684608.61,EMP-101,EMP-121,True,OK,2026_UiA_Full_Oct
TX-21860,2026-10-27,2026-M10,Q4,T3,FELLES,Særkostnader & Fellesutgifter (FELLES),Fellesutgifter,6800,"IKT, Rekvisita & Utstyr",6xxx Drift,"IKT, Rekvisita & Utstyr - 2026-M10 (FELLES)",554171.37,EMP-101,EMP-121,True,OK,2026_UiA_Full_Oct
TX-21861,2026-01-09,2026-M01,Q1,T1,FELLES,Særkostnader & Fellesutgifter (FELLES),Fellesutgifter,7100,Reise & Representasjon,7xxx Reiser,Reise & Representasjon - 2026-M01 (FELLES),153525.74,EMP-101,EMP-121,True,OK,2026_UiA_Full_Oct
TX-21862,2026-01-18,2026-M01,Q1,T1,FELLES,Særkostnader & Fellesutgifter (FELLES),Fellesutgifter,7100,Reise & Representasjon,7xxx Reiser,Reise & Representasjon - 2026-M01 (FELLES),1645580.47,EMP-101,EMP-121,True,OK,2026_UiA_Full_Oct
TX-21863,2026-01-27,2026-M01,Q1,T1,FELLES,Særkostnader & Fellesutgifter (FELLES),Fellesutgifter,7100,Reise & Representasjon,7xxx Reiser,Reise & Representasjon - 2026-M01 (FELLES),254440.8,EMP-101,EMP-121,True,OK,2026_UiA_Full_Oct
TX-21864,2026-02-09,2026-M02,Q1,T1,FELLES,Særkostnader & Fellesutgifter (FELLES),Fellesutgifter,7100,Reise & Representasjon,7xxx Reiser,Reise & Representasjon - 2026-M02 (FELLES),692231.12,EMP-101,EMP-121,True,OK,2026_UiA_Full_Oct
TX-21865,2026-02-18,2026-M02,Q1,T1,FELLES,Særkostnader & Fellesutgifter (FELLES),Fellesutgifter,7100,Reise & Representasjon,7xxx Reiser,Reise & Representasjon - 2026-M02 (FELLES),557529.77,EMP-101,EMP-121,True,OK,2026_UiA_Full_Oct
TX-21866,2026-02-27,2026-M02,Q1,T1,FELLES,Særkostnader & Fellesutgifter (FELLES),Fellesutgifter,7100,Reise & Representasjon,7xxx Reiser,Reise & Representasjon - 2026-M02 (FELLES),782471.32,EMP-101,EMP-121,True,OK,2026_UiA_Full_Oct
TX-21867,2026-03-09,2026-M03,Q1,T1,FELLES,Særkostnader & Fellesutgifter (FELLES),Fellesutgifter,7100,Reise & Representasjon,7xxx Reiser,Reise & Representasjon - 2026-M03 (FELLES),766666.23,EMP-101,EMP-121,True,OK,2026_UiA_Full_Oct
TX-21868,2026-03-18,2026-M03,Q1,T1,FELLES,Særkostnader & Fellesutgifter (FELLES),Fellesutgifter,7100,Reise & Representasjon,7xxx Reiser,Reise & Representasjon - 2026-M03 (FELLES),1005137.72,EMP-101,EMP-121,True,OK,2026_UiA_Full_Oct
TX-21869,2026-03-27,2026-M03,Q1,T1,FELLES,Særkostnader & Fellesutgifter (FELLES),Fellesutgifter,7100,Reise & Representasjon,7xxx Reiser,Reise & Representasjon - 2026-M03 (FELLES),280663.71,EMP-101,EMP-121,True,OK,2026_UiA_Full_Oct
TX-21870,2026-04-09,2026-M04,Q2,T1,FELLES,Særkostnader & Fellesutgifter (FELLES),Fellesutgifter,7100,Reise & Representasjon,7xxx Reiser,Reise & Representasjon - 2026-M04 (FELLES),322395.3,EMP-101,EMP-121,True,OK,2026_UiA_Full_Oct
TX-21871,2026-04-18,2026-M04,Q2,T1,FELLES,Særkostnader & Fellesutgifter (FELLES),Fellesutgifter,7100,Reise & Representasjon,7xxx Reiser,Reise & Representasjon - 2026-M04 (FELLES),457619.39,EMP-101,EMP-121,True,OK,2026_UiA_Full_Oct
TX-21872,2026-04-27,2026-M04,Q2,T1,FELLES,Særkostnader & Fellesutgifter (FELLES),Fellesutgifter,7100,Reise & Representasjon,7xxx Reiser,Reise & Representasjon - 2026-M04 (FELLES),1279055.75,EMP-101,EMP-121,True,OK,2026_UiA_Full_Oct
TX-21873,2026-05-09,2026-M05,Q2,T2,FELLES,Særkostnader & Fellesutgifter (FELLES),Fellesutgifter,7100,Reise & Representasjon,7xxx Reiser,Reise & Representasjon - 2026-M05 (FELLES),1540372.0,EMP-101,EMP-121,True,OK,2026_UiA_Full_Oct
TX-21874,2026-05-18,2026-M05,Q2,T2,FELLES,Særkostnader & Fellesutgifter (FELLES),Fellesutgifter,7100,Reise & Representasjon,7xxx Reiser,Reise & Representasjon - 2026-M05 (FELLES),481395.78,EMP-101,EMP-121,True,OK,2026_UiA_Full_Oct
TX-21875,2026-05-27,2026-M05,Q2,T2,FELLES,Særkostnader & Fellesutgifter (FELLES),Fellesutgifter,7100,Reise & Representasjon,7xxx Reiser,Reise & Representasjon - 2026-M05 (FELLES),4244.05,EMP-101,EMP-121,True,OK,2026_UiA_Full_Oct
TX-21876,2026-06-09,2026-M06,Q2,T2,FELLES,Særkostnader & Fellesutgifter (FELLES),Fellesutgifter,7100,Reise & Representasjon,7xxx Reiser,Reise & Representasjon - 2026-M06 (FELLES),1709779.63,EMP-101,EMP-121,True,OK,2026_UiA_Full_Oct
TX-21877,2026-06-18,2026-M06,Q2,T2,FELLES,Særkostnader & Fellesutgifter (FELLES),Fellesutgifter,7100,Reise & Representasjon,7xxx Reiser,Reise & Representasjon - 2026-M06 (FELLES),221097.46,EMP-101,EMP-121,True,OK,2026_UiA_Full_Oct
TX-21878,2026-06-27,2026-M06,Q2,T2,FELLES,Særkostnader & Fellesutgifter (FELLES),Fellesutgifter,7100,Reise & Representasjon,7xxx Reiser,Reise & Representasjon - 2026-M06 (FELLES),131739.23,EMP-101,EMP-121,True,OK,2026_UiA_Full_Oct
TX-21879,2026-07-09,2026-M07,Q3,T2,FELLES,Særkostnader & Fellesutgifter (FELLES),Fellesutgifter,7100,Reise & Representasjon,7xxx Reiser,Reise & Representasjon - 2026-M07 (FELLES),485915.91,EMP-101,EMP-121,True,OK,2026_UiA_Full_Oct
TX-21880,2026-07-18,2026-M07,Q3,T2,FELLES,Særkostnader & Fellesutgifter (FELLES),Fellesutgifter,7100,Reise & Representasjon,7xxx Reiser,Reise & Representasjon - 2026-M07 (FELLES),1103574.39,EMP-101,EMP-121,True,OK,2026_UiA_Full_Oct
TX-21881,2026-07-27,2026-M07,Q3,T2,FELLES,Særkostnader & Fellesutgifter (FELLES),Fellesutgifter,7100,Reise & Representasjon,7xxx Reiser,Reise & Representasjon - 2026-M07 (FELLES),471708.17,EMP-101,EMP-121,True,OK,2026_UiA_Full_Oct
TX-21882,2026-08-09,2026-M08,Q3,T2,FELLES,Særkostnader & Fellesutgifter (FELLES),Fellesutgifter,7100,Reise & Representasjon,7xxx Reiser,Reise & Representasjon - 2026-M08 (FELLES),64091.77,EMP-101,EMP-121,True,OK,2026_UiA_Full_Oct
TX-21883,2026-08-18,2026-M08,Q3,T2,FELLES,Særkostnader & Fellesutgifter (FELLES),Fellesutgifter,7100,Reise & Representasjon,7xxx Reiser,Reise & Representasjon - 2026-M08 (FELLES),298908.44,EMP-101,EMP-121,True,OK,2026_UiA_Full_Oct
TX-21884,2026-08-27,2026-M08,Q3,T2,FELLES,Særkostnader & Fellesutgifter (FELLES),Fellesutgifter,7100,Reise & Representasjon,7xxx Reiser,Reise & Representasjon - 2026-M08 (FELLES),1701547.43,EMP-101,EMP-121,True,OK,2026_UiA_Full_Oct
TX-21885,2026-09-09,2026-M09,Q3,T3,FELLES,Særkostnader & Fellesutgifter (FELLES),Fellesutgifter,7100,Reise & Representasjon,7xxx Reiser,Reise & Representasjon - 2026-M09 (FELLES),196592.2,EMP-101,EMP-121,True,OK,2026_UiA_Full_Oct
TX-21886,2026-09-18,2026-M09,Q3,T3,FELLES,Særkostnader & Fellesutgifter (FELLES),Fellesutgifter,7100,Reise & Representasjon,7xxx Reiser,Reise & Representasjon - 2026-M09 (FELLES),1857641.48,EMP-101,EMP-121,True,OK,2026_UiA_Full_Oct
TX-21887,2026-09-27,2026-M09,Q3,T3,FELLES,Særkostnader & Fellesutgifter (FELLES),Fellesutgifter,7100,Reise & Representasjon,7xxx Reiser,Reise & Representasjon - 2026-M09 (FELLES),31249.99,EMP-101,EMP-121,True,OK,2026_UiA_Full_Oct
TX-21888,2026-10-09,2026-M10,Q4,T3,FELLES,Særkostnader & Fellesutgifter (FELLES),Fellesutgifter,7100,Reise & Representasjon,7xxx Reiser,Reise & Representasjon - 2026-M10 (FELLES),1681572.98,EMP-101,EMP-121,True,OK,2026_UiA_Full_Oct
TX-21889,2026-10-18,2026-M10,Q4,T3,FELLES,Særkostnader & Fellesutgifter (FELLES),Fellesutgifter,7100,Reise & Representasjon,7xxx Reiser,Reise & Representasjon - 2026-M10 (FELLES),199026.95,EMP-101,EMP-121,True,OK,2026_UiA_Full_Oct
TX-21890,2026-10-27,2026-M10,Q4,T3,FELLES,Særkostnader & Fellesutgifter (FELLES),Fellesutgifter,7100,Reise & Representasjon,7xxx Reiser,Reise & Representasjon - 2026-M10 (FELLES),190359.91,EMP-101,EMP-121,True,OK,2026_UiA_Full_Oct
TX-21891,2026-01-09,2026-M01,Q1,T1,FELLES,Særkostnader & Fellesutgifter (FELLES),Fellesutgifter,7800,Andre Driftskostnader & Konsulenter,7xxx Reiser,Andre Driftskostnader & Konsulenter - 2026-M01 (FELLES),167701.48,EMP-101,EMP-121,True,OK,2026_UiA_Full_Oct
TX-21892,2026-01-18,2026-M01,Q1,T1,FELLES,Særkostnader & Fellesutgifter (FELLES),Fellesutgifter,7800,Andre Driftskostnader & Konsulenter,7xxx Reiser,Andre Driftskostnader & Konsulenter - 2026-M01 (FELLES),1063959.66,EMP-101,EMP-121,True,OK,2026_UiA_Full_Oct
TX-21893,2026-01-27,2026-M01,Q1,T1,FELLES,Særkostnader & Fellesutgifter (FELLES),Fellesutgifter,7800,Andre Driftskostnader & Konsulenter,7xxx Reiser,Andre Driftskostnader & Konsulenter - 2026-M01 (FELLES),15399.5,EMP-101,EMP-121,True,OK,2026_UiA_Full_Oct
TX-21894,2026-02-09,2026-M02,Q1,T1,FELLES,Særkostnader & Fellesutgifter (FELLES),Fellesutgifter,7800,Andre Driftskostnader & Konsulenter,7xxx Reiser,Andre Driftskostnader & Konsulenter - 2026-M02 (FELLES),80030.67,EMP-101,EMP-121,True,OK,2026_UiA_Full_Oct
TX-21895,2026-02-18,2026-M02,Q1,T1,FELLES,Særkostnader & Fellesutgifter (FELLES),Fellesutgifter,7800,Andre Driftskostnader & Konsulenter,7xxx Reiser,Andre Driftskostnader & Konsulenter - 2026-M02 (FELLES),843885.28,EMP-101,EMP-121,True,OK,2026_UiA_Full_Oct
TX-21896,2026-02-27,2026-M02,Q1,T1,FELLES,Særkostnader & Fellesutgifter (FELLES),Fellesutgifter,7800,Andre Driftskostnader & Konsulenter,7xxx Reiser,Andre Driftskostnader & Konsulenter - 2026-M02 (FELLES),321746.25,EMP-101,EMP-121,True,OK,2026_UiA_Full_Oct
TX-21897,2026-03-09,2026-M03,Q1,T1,FELLES,Særkostnader & Fellesutgifter (FELLES),Fellesutgifter,7800,Andre Driftskostnader & Konsulenter,7xxx Reiser,Andre Driftskostnader & Konsulenter - 2026-M03 (FELLES),679697.57,EMP-101,EMP-121,True,OK,2026_UiA_Full_Oct
TX-21898,2026-03-18,2026-M03,Q1,T1,FELLES,Særkostnader & Fellesutgifter (FELLES),Fellesutgifter,7800,Andre Driftskostnader & Konsulenter,7xxx Reiser,Andre Driftskostnader & Konsulenter - 2026-M03 (FELLES),27087.01,EMP-101,EMP-121,True,OK,2026_UiA_Full_Oct
TX-21899,2026-03-27,2026-M03,Q1,T1,FELLES,Særkostnader & Fellesutgifter (FELLES),Fellesutgifter,7800,Andre Driftskostnader & Konsulenter,7xxx Reiser,Andre Driftskostnader & Konsulenter - 2026-M03 (FELLES),528550.17,EMP-101,EMP-121,True,OK,2026_UiA_Full_Oct
TX-21900,2026-04-09,2026-M04,Q2,T1,FELLES,Særkostnader & Fellesutgifter (FELLES),Fellesutgifter,7800,Andre Driftskostnader & Konsulenter,7xxx Reiser,Andre Driftskostnader & Konsulenter - 2026-M04 (FELLES),289450.3,EMP-101,EMP-121,True,OK,2026_UiA_Full_Oct
TX-21901,2026-04-18,2026-M04,Q2,T1,FELLES,Særkostnader & Fellesutgifter (FELLES),Fellesutgifter,7800,Andre Driftskostnader & Konsulenter,7xxx Reiser,Andre Driftskostnader & Konsulenter - 2026-M04 (FELLES),910019.01,EMP-101,EMP-121,True,OK,2026_UiA_Full_Oct
TX-21902,2026-04-27,2026-M04,Q2,T1,FELLES,Særkostnader & Fellesutgifter (FELLES),Fellesutgifter,7800,Andre Driftskostnader & Konsulenter,7xxx Reiser,Andre Driftskostnader & Konsulenter - 2026-M04 (FELLES),48332.07,EMP-101,EMP-121,True,OK,2026_UiA_Full_Oct
TX-21903,2026-05-09,2026-M05,Q2,T2,FELLES,Særkostnader & Fellesutgifter (FELLES),Fellesutgifter,7800,Andre Driftskostnader & Konsulenter,7xxx Reiser,Andre Driftskostnader & Konsulenter - 2026-M05 (FELLES),234575.29,EMP-101,EMP-121,True,OK,2026_UiA_Full_Oct
TX-21904,2026-05-18,2026-M05,Q2,T2,FELLES,Særkostnader & Fellesutgifter (FELLES),Fellesutgifter,7800,Andre Driftskostnader & Konsulenter,7xxx Reiser,Andre Driftskostnader & Konsulenter - 2026-M05 (FELLES),60414.06,EMP-101,EMP-121,True,OK,2026_UiA_Full_Oct
TX-21905,2026-05-27,2026-M05,Q2,T2,FELLES,Særkostnader & Fellesutgifter (FELLES),Fellesutgifter,7800,Andre Driftskostnader & Konsulenter,7xxx Reiser,Andre Driftskostnader & Konsulenter - 2026-M05 (FELLES),925756.19,EMP-101,EMP-121,True,OK,2026_UiA_Full_Oct
TX-21906,2026-06-09,2026-M06,Q2,T2,FELLES,Særkostnader & Fellesutgifter (FELLES),Fellesutgifter,7800,Andre Driftskostnader & Konsulenter,7xxx Reiser,Andre Driftskostnader & Konsulenter - 2026-M06 (FELLES),666731.22,EMP-101,EMP-121,True,OK,2026_UiA_Full_Oct
TX-21907,2026-06-18,2026-M06,Q2,T2,FELLES,Særkostnader & Fellesutgifter (FELLES),Fellesutgifter,7800,Andre Driftskostnader & Konsulenter,7xxx Reiser,Andre Driftskostnader & Konsulenter - 2026-M06 (FELLES),505178.98,EMP-101,EMP-121,True,OK,2026_UiA_Full_Oct
TX-21908,2026-06-27,2026-M06,Q2,T2,FELLES,Særkostnader & Fellesutgifter (FELLES),Fellesutgifter,7800,Andre Driftskostnader & Konsulenter,7xxx Reiser,Andre Driftskostnader & Konsulenter - 2026-M06 (FELLES),55137.16,EMP-101,EMP-121,True,OK,2026_UiA_Full_Oct
TX-21909,2026-07-09,2026-M07,Q3,T2,FELLES,Særkostnader & Fellesutgifter (FELLES),Fellesutgifter,7800,Andre Driftskostnader & Konsulenter,7xxx Reiser,Andre Driftskostnader & Konsulenter - 2026-M07 (FELLES),297916.25,EMP-101,EMP-121,True,OK,2026_UiA_Full_Oct
TX-21910,2026-07-18,2026-M07,Q3,T2,FELLES,Særkostnader & Fellesutgifter (FELLES),Fellesutgifter,7800,Andre Driftskostnader & Konsulenter,7xxx Reiser,Andre Driftskostnader & Konsulenter - 2026-M07 (FELLES),48086.13,EMP-101,EMP-121,True,OK,2026_UiA_Full_Oct
TX-21911,2026-07-27,2026-M07,Q3,T2,FELLES,Særkostnader & Fellesutgifter (FELLES),Fellesutgifter,7800,Andre Driftskostnader & Konsulenter,7xxx Reiser,Andre Driftskostnader & Konsulenter - 2026-M07 (FELLES),877472.77,EMP-101,EMP-121,True,OK,2026_UiA_Full_Oct
TX-21912,2026-08-09,2026-M08,Q3,T2,FELLES,Særkostnader & Fellesutgifter (FELLES),Fellesutgifter,7800,Andre Driftskostnader & Konsulenter,7xxx Reiser,Andre Driftskostnader & Konsulenter - 2026-M08 (FELLES),88922.35,EMP-101,EMP-121,True,OK,2026_UiA_Full_Oct
TX-21913,2026-08-18,2026-M08,Q3,T2,FELLES,Særkostnader & Fellesutgifter (FELLES),Fellesutgifter,7800,Andre Driftskostnader & Konsulenter,7xxx Reiser,Andre Driftskostnader & Konsulenter - 2026-M08 (FELLES),769473.81,EMP-101,EMP-121,True,OK,2026_UiA_Full_Oct
TX-21914,2026-08-27,2026-M08,Q3,T2,FELLES,Særkostnader & Fellesutgifter (FELLES),Fellesutgifter,7800,Andre Driftskostnader & Konsulenter,7xxx Reiser,Andre Driftskostnader & Konsulenter - 2026-M08 (FELLES),360737.33,EMP-101,EMP-121,True,OK,2026_UiA_Full_Oct
TX-21915,2026-09-09,2026-M09,Q3,T3,FELLES,Særkostnader & Fellesutgifter (FELLES),Fellesutgifter,7800,Andre Driftskostnader & Konsulenter,7xxx Reiser,Andre Driftskostnader & Konsulenter - 2026-M09 (FELLES),146267.5,EMP-101,EMP-121,True,OK,2026_UiA_Full_Oct
TX-21916,2026-09-18,2026-M09,Q3,T3,FELLES,Særkostnader & Fellesutgifter (FELLES),Fellesutgifter,7800,Andre Driftskostnader & Konsulenter,7xxx Reiser,Andre Driftskostnader & Konsulenter - 2026-M09 (FELLES),554203.88,EMP-101,EMP-121,True,OK,2026_UiA_Full_Oct
TX-21917,2026-09-27,2026-M09,Q3,T3,FELLES,Særkostnader & Fellesutgifter (FELLES),Fellesutgifter,7800,Andre Driftskostnader & Konsulenter,7xxx Reiser,Andre Driftskostnader & Konsulenter - 2026-M09 (FELLES),516474.19,EMP-101,EMP-121,True,OK,2026_UiA_Full_Oct
TX-21918,2026-10-09,2026-M10,Q4,T3,FELLES,Særkostnader & Fellesutgifter (FELLES),Fellesutgifter,7800,Andre Driftskostnader & Konsulenter,7xxx Reiser,Andre Driftskostnader & Konsulenter - 2026-M10 (FELLES),105393.12,EMP-101,EMP-121,True,OK,2026_UiA_Full_Oct
TX-21919,2026-10-18,2026-M10,Q4,T3,FELLES,Særkostnader & Fellesutgifter (FELLES),Fellesutgifter,7800,Andre Driftskostnader & Konsulenter,7xxx Reiser,Andre Driftskostnader & Konsulenter - 2026-M10 (FELLES),201214.77,EMP-101,EMP-121,True,OK,2026_UiA_Full_Oct
TX-21920,2026-10-27,2026-M10,Q4,T3,FELLES,Særkostnader & Fellesutgifter (FELLES),Fellesutgifter,7800,Andre Driftskostnader & Konsulenter,7xxx Reiser,Andre Driftskostnader & Konsulenter - 2026-M10 (FELLES),938034.25,EMP-101,EMP-121,True,OK,2026_UiA_Full_Oct
